# Populace T0 (tier 1): Tranco top-1M list 46VQX (2026-09-13). cz+sk = celý ccTLD subset; ostatní = top 1000 dle ranku + 1000 náhodných ze zbytku (seed 20260914).
# formát: rank,doména,cc,stratum   (stratum: full | top1000 | random1000)
2046,bollyflix.at,at,top1000
2350,shorturl.at,at,top1000
3027,univie.ac.at,at,top1000
3076,google.at,at,top1000
3440,orf.at,at,top1000
4239,derstandard.at,at,top1000
4825,willhaben.at,at,top1000
5089,krone.at,at,top1000
5792,meinbezirk.at,at,top1000
6592,bergfex.at,at,top1000
6705,heute.at,at,top1000
7396,ors.at,at,top1000
7569,domaintechnik.at,at,top1000
7858,wien.at,at,top1000
7948,kriesi.at,at,top1000
8422,wien.gv.at,at,top1000
8551,win2day.at,at,top1000
10027,kurier.at,at,top1000
11495,tuwien.ac.at,at,top1000
11833,wko.at,at,top1000
12109,moviesmod.at,at,top1000
13846,uibk.ac.at,at,top1000
13995,kleinezeitung.at,at,top1000
14495,magwien.gv.at,at,top1000
14841,internic.at,at,top1000
15121,oe24.at,at,top1000
15259,tugraz.at,at,top1000
15302,nameservice.at,at,top1000
16202,asfinag.at,at,top1000
16378,t-mobile.at,at,top1000
16630,oebb.at,at,top1000
16731,wetteronline.at,at,top1000
16791,apa.at,at,top1000
17932,uni-graz.at,at,top1000
17969,ns.at,at,top1000
18451,zalando.at,at,top1000
19199,vinted.at,at,top1000
19351,internex.at,at,top1000
19548,blsp.at,at,top1000
20169,5min.at,at,top1000
20353,cineby.at,at,top1000
20711,oeaw.ac.at,at,top1000
20780,jku.at,at,top1000
21181,erotikforum.at,at,top1000
21927,slon5.at,at,top1000
23891,hearthis.at,at,top1000
23998,waust.at,at,top1000
24085,geizhals.at,at,top1000
24094,ebay.at,at,top1000
24196,sn.at,at,top1000
24308,telekom.at,at,top1000
24857,aau.at,at,top1000
24915,ad4m.at,at,top1000
26639,vol.at,at,top1000
27160,gmx.at,at,top1000
27409,slon4.at,at,top1000
28704,gotoassist.at,at,top1000
28799,nachrichten.at,at,top1000
32489,gesundheitsverbund.at,at,top1000
32501,meduniwien.ac.at,at,top1000
32524,jm-data.at,at,top1000
32533,tuwien.at,at,top1000
32721,wu.ac.at,at,top1000
32871,oeamtc.at,at,top1000
33361,ots.at,at,top1000
33792,onb.ac.at,at,top1000
34662,boku.ac.at,at,top1000
34914,laola1.at,at,top1000
35035,priv.at,at,top1000
35259,iiasa.ac.at,at,top1000
35660,wienkav.at,at,top1000
35820,blogspot.co.at,at,top1000
36257,hosttech.at,at,top1000
36426,wienerzeitung.at,at,top1000
36858,sbg.ac.at,at,top1000
38047,sms-murau.at,at,top1000
38718,post.at,at,top1000
38774,arbeiterkammer.at,at,top1000
38884,noen.at,at,top1000
39324,buytickets.at,at,top1000
39334,futurezone.at,at,top1000
39675,drei.at,at,top1000
39758,raiffeisen.at,at,top1000
40074,vintagestory.at,at,top1000
40297,airbnb.at,at,top1000
40331,wu-wien.ac.at,at,top1000
40812,sparkasse.at,at,top1000
41183,aon.at,at,top1000
41337,tripadvisor.at,at,top1000
41437,oefb.at,at,top1000
41448,obdev.at,at,top1000
42369,mediamarkt.at,at,top1000
42376,immobilienscout24.at,at,top1000
42641,ams.at,at,top1000
43079,aboutyou.at,at,top1000
43491,domainion.at,at,top1000
44616,idealo.at,at,top1000
44781,govix.at,at,top1000
45099,allianz.at,at,top1000
45501,thalia.at,at,top1000
46358,khm.at,at,top1000
47379,mynet.at,at,top1000
47452,gutekueche.at,at,top1000
47617,salzburg24.at,at,top1000
47916,sherlock-report.at,at,top1000
49000,liwest.at,at,top1000
49245,tips.at,at,top1000
49398,vienna.at,at,top1000
49476,belvedere.at,at,top1000
49650,autoscout24.at,at,top1000
49920,vergabeportal.at,at,top1000
50199,smile-insurances.at,at,top1000
50229,herold.at,at,top1000
50313,steiermark.at,at,top1000
50597,modoo.at,at,top1000
50907,fh-joanneum.at,at,top1000
50923,medunigraz.at,at,top1000
51958,austriansoccerboard.at,at,top1000
53001,xxxlutz.at,at,top1000
53080,wienerlinien.at,at,top1000
53194,mur.at,at,top1000
53435,netzadresse.at,at,top1000
53924,pinterest.at,at,top1000
54698,falter.at,at,top1000
54703,statistik.at,at,top1000
55180,joyn.at,at,top1000
55195,adsimple.at,at,top1000
55493,ottoversand.at,at,top1000
55715,animeflv.or.at,at,top1000
55826,servus.at,at,top1000
56981,profi-dns.at,at,top1000
57087,wheresyoured.at,at,top1000
57251,zamg.ac.at,at,top1000
57679,peek-cloppenburg.at,at,top1000
57795,holidaycheck.at,at,top1000
58204,immowelt.at,at,top1000
58212,obi.at,at,top1000
58702,alpenverein.at,at,top1000
58934,admiral.at,at,top1000
59331,ipax.at,at,top1000
60645,uni-linz.ac.at,at,top1000
60856,chello.at,at,top1000
61019,shop-apotheke.at,at,top1000
61070,spamhaushackers.at,at,top1000
61282,bauhaus.at,at,top1000
61336,kicker.at,at,top1000
62308,conova.at,at,top1000
62360,finanzen.at,at,top1000
62563,ffg.at,at,top1000
62595,tchibo.at,at,top1000
62693,vn.at,at,top1000
63272,adidas.at,at,top1000
63290,gebrauchtwagen.at,at,top1000
63295,bawag.at,at,top1000
64218,hornbach.at,at,top1000
64394,laendleanzeiger.at,at,top1000
64456,bmf.gv.at,at,top1000
65099,wiener-staatsoper.at,at,top1000
65143,telering.at,at,top1000
65256,cna.at,at,top1000
65343,albertina.at,at,top1000
65392,casinos.at,at,top1000
65497,stepstone.at,at,top1000
65806,donau-uni.ac.at,at,top1000
66061,nic.at,at,top1000
66576,landingpage.at,at,top1000
66802,iem.at,at,top1000
67628,moebelix.at,at,top1000
68048,karriere.at,at,top1000
68345,roteskreuz.at,at,top1000
68412,mmm-software.at,at,top1000
68811,finanz.at,at,top1000
69545,restplatzboerse.at,at,top1000
70116,e-monitoring.at,at,top1000
70407,reflex.at,at,top1000
71357,surfer.at,at,top1000
71613,profil.at,at,top1000
71895,aec.at,at,top1000
71962,news.at,at,top1000
72088,tvheute.at,at,top1000
72325,atikon.at,at,top1000
72344,nintendo.at,at,top1000
72393,oesterreich.gv.at,at,top1000
73011,ages.at,at,top1000
73857,mybizcloud.at,at,top1000
74566,magenta.at,at,top1000
75028,geber.at,at,top1000
75090,noctua.at,at,top1000
75193,dm.at,at,top1000
75445,kaufland.at,at,top1000
76217,netzrun.at,at,top1000
76313,kescher.at,at,top1000
76508,dic.at,at,top1000
76633,aniwatch.co.at,at,top1000
76829,abaton.at,at,top1000
76867,uni-klu.ac.at,at,top1000
77660,decathlon.at,at,top1000
78061,bonprix.at,at,top1000
78179,uwz.at,at,top1000
78629,upcbusiness.at,at,top1000
78984,lieferando.at,at,top1000
79109,empirion.at,at,top1000
79130,firmenabc.at,at,top1000
79163,realtime.at,at,top1000
79440,hofer-reisen.at,at,top1000
79923,9anime.or.at,at,top1000
80022,finkzeit.at,at,top1000
80164,id-austria.gv.at,at,top1000
80229,spar.at,at,top1000
80713,bankaustria.at,at,top1000
81294,trauerhilfe.at,at,top1000
81342,locanto.at,at,top1000
82748,exxpress.at,at,top1000
83303,graz.at,at,top1000
84588,waffengebraucht.at,at,top1000
85367,gayboy.at,at,top1000
85402,gzhls.at,at,top1000
85936,ankoe.at,at,top1000
87283,gogoanime.or.at,at,top1000
87879,sozialministerium.at,at,top1000
89132,rtr.at,at,top1000
89400,coltnet.at,at,top1000
91190,rewe.co.at,at,top1000
94070,senzula.at,at,top1000
94546,wohnberatung-wien.at,at,top1000
95271,futureweb.at,at,top1000
95367,ligaportal.at,at,top1000
95668,nextlayer.at,at,top1000
95940,schoenbrunn.at,at,top1000
96195,derprovider.at,at,top1000
96381,kabelplus.at,at,top1000
96644,fullmarketing.at,at,top1000
98076,dotat.at,at,top1000
99142,slon6.at,at,top1000
99945,kt-net.at,at,top1000
100088,lotterien.at,at,top1000
100558,x-net.at,at,top1000
101171,akis.at,at,top1000
101246,oenb.at,at,top1000
102857,ikarus.at,at,top1000
103210,kicktipp.at,at,top1000
104512,sysup.at,at,top1000
104699,flashscore.at,at,top1000
105258,hofer.at,at,top1000
105291,ait.ac.at,at,top1000
105573,tui.at,at,top1000
105615,nscluster.at,at,top1000
105748,wildrobins.co.at,at,top1000
106026,kufnet.at,at,top1000
106229,ihc.at,at,top1000
106652,vorarlberg.at,at,top1000
106676,electronic4you.at,at,top1000
106859,linz.at,at,top1000
106927,netronics.at,at,top1000
107661,interspar.at,at,top1000
107749,kernfusion.at,at,top1000
107917,infraroot.at,at,top1000
108039,bakehouse.at,at,top1000
108301,telematica.at,at,top1000
108429,cablelink.at,at,top1000
109386,marketmind.at,at,top1000
109931,notino.at,at,top1000
110629,uni-salzburg.at,at,top1000
111078,salzkammergut.at,at,top1000
111769,animevietsub.at,at,top1000
113383,kabsi.at,at,top1000
114585,skysportaustria.at,at,top1000
114712,hxs.at,at,top1000
115268,plus.ac.at,at,top1000
115351,wienerborse.at,at,top1000
116265,ideefix.at,at,top1000
117097,brucebetcasino.at,at,top1000
117145,pfarre-karlskirche.at,at,top1000
117806,salzburgerfestspiele.at,at,top1000
117835,geosphere.at,at,top1000
118021,umweltbundesamt.at,at,top1000
119771,pages.at,at,top1000
119838,zobodat.at,at,top1000
119864,mercateo.at,at,top1000
120183,mdw.ac.at,at,top1000
120416,ichkoche.at,at,top1000
120859,vipweb.at,at,top1000
121170,ikbnet.co.at,at,top1000
121390,tirol.at,at,top1000
121614,powername.at,at,top1000
121977,tipp3.at,at,top1000
122615,netwerkdns.at,at,top1000
122740,uni-ak.ac.at,at,top1000
123063,akbild.ac.at,at,top1000
123093,fiskaltrust.at,at,top1000
123538,csst.at,at,top1000
123668,mak.at,at,top1000
123822,oebbtickets.at,at,top1000
123843,kaernten.at,at,top1000
124416,industriemagazin.at,at,top1000
124723,ista.ac.at,at,top1000
125226,morawa.at,at,top1000
125487,salzburg.at,at,top1000
125857,oead.at,at,top1000
125868,adzuna.at,at,top1000
126190,westbahn.at,at,top1000
127046,schladming-dachstein.at,at,top1000
127085,netports.at,at,top1000
127257,anw.at,at,top1000
127350,vdns.at,at,top1000
127396,nhm-wien.ac.at,at,top1000
127491,styriapress.at,at,top1000
127694,universal.at,at,top1000
127856,vioma.at,at,top1000
128954,helvetia.at,at,top1000
129082,smuk.at,at,top1000
129223,stadt-salzburg.at,at,top1000
129434,offenerhaushalt.at,at,top1000
129462,ooe.gv.at,at,top1000
129620,conrad.at,at,top1000
129681,kommunalarchive.at,at,top1000
129740,xortex.at,at,top1000
129786,marionnaud.at,at,top1000
130041,refurbed.at,at,top1000
130142,sozialversicherung.at,at,top1000
130381,fh-ooe.at,at,top1000
130446,awekas.at,at,top1000
130520,easybank.at,at,top1000
130538,lexisnexis.at,at,top1000
130577,easyserver.at,at,top1000
130625,allesedv.at,at,top1000
130813,szene1.at,at,top1000
130963,ttg.at,at,top1000
131033,bikeboard.at,at,top1000
131199,ab-in-den-urlaub.at,at,top1000
131291,cineplexx.at,at,top1000
131363,digitalnova.at,at,top1000
131659,bibliotheken.at,at,top1000
131896,itandtel.at,at,top1000
132238,aurena.at,at,top1000
132544,nanet.at,at,top1000
132938,museum-joanneum.at,at,top1000
133261,1000ps.at,at,top1000
133873,wienmuseum.at,at,top1000
134243,trend.at,at,top1000
134631,inode.at,at,top1000
135580,mediainvent.at,at,top1000
135589,weekend.at,at,top1000
135654,ist.ac.at,at,top1000
135710,ecml.at,at,top1000
135953,world4you.at,at,top1000
136003,i-med.ac.at,at,top1000
136143,pagro.at,at,top1000
136187,moemax.at,at,top1000
137273,docfinder.at,at,top1000
137286,ams.or.at,at,top1000
137310,jusline.at,at,top1000
137712,viennaweb.at,at,top1000
137718,technikum-wien.at,at,top1000
137725,bluec.at,at,top1000
137727,seca.at,at,top1000
137930,publicompserver.at,at,top1000
138895,meineta.at,at,top1000
139173,bpproxy.at,at,top1000
139357,stape.at,at,top1000
139442,vidaxl.at,at,top1000
140099,web-crossing.at,at,top1000
140504,secondns.at,at,top1000
140784,lxcluster.at,at,top1000
140999,akhwien.at,at,top1000
141123,entruempelung-graz.co.at,at,top1000
141195,ikbnet.at,at,top1000
141476,unileoben.ac.at,at,top1000
141688,billa.at,at,top1000
141817,toscom.at,at,top1000
141974,wifi.at,at,top1000
142009,gettyimages.at,at,top1000
142308,grz.at,at,top1000
142340,wkoecg.at,at,top1000
142346,hellis.at,at,top1000
142742,brunner.at,at,top1000
143151,vetmeduni.ac.at,at,top1000
143636,taplink.at,at,top1000
143987,grazkom.at,at,top1000
144337,namemaster.at,at,top1000
144555,basis-wien.at,at,top1000
144717,skyscanner.at,at,top1000
144885,mymagenta.at,at,top1000
145022,mydpd.at,at,top1000
145102,pizzaexpressetna.at,at,top1000
145302,chickenroad.at,at,top1000
145448,berg-freunde.at,at,top1000
146694,studyrush.at,at,top1000
146785,manz.at,at,top1000
147274,felgenoutlet.at,at,top1000
147697,expedia.at,at,top1000
148228,galaxus.at,at,top1000
148690,selfnet.at,at,top1000
148711,netdoktor.at,at,top1000
148813,dioezese-linz.at,at,top1000
149888,payback.at,at,top1000
149889,ikt-portal.at,at,top1000
149961,enhancer.at,at,top1000
149972,transfermarkt.at,at,top1000
149983,auto-doc.at,at,top1000
150012,muenzeoesterreich.at,at,top1000
150224,mozarteum.at,at,top1000
150362,wkv-media.at,at,top1000
150378,fwf.ac.at,at,top1000
150645,bvoe.at,at,top1000
150690,lagis.at,at,top1000
150892,kastner-oehler.at,at,top1000
151658,lidl.at,at,top1000
152426,ebit.at,at,top1000
152471,icecat.at,at,top1000
153255,kug.ac.at,at,top1000
153454,realraum.at,at,top1000
153712,dvt.at,at,top1000
154251,issp.at,at,top1000
154720,ilongo.at,at,top1000
154779,wienerphilharmoniker.at,at,top1000
155670,mp1.at,at,top1000
155826,pr-link.at,at,top1000
156078,3se.at,at,top1000
156191,wetter.at,at,top1000
156231,e-2.at,at,top1000
156446,wienenergie.at,at,top1000
157254,cnh.at,at,top1000
157388,douglas.at,at,top1000
157724,obvsg.at,at,top1000
157860,klubarbeit.at,at,top1000
158720,thisnameserverdoesnotexist.at,at,top1000
159407,serfaus-fiss-ladis.at,at,top1000
159442,webwiki.at,at,top1000
159837,erzdioezese-wien.at,at,top1000
160141,animesuge.at,at,top1000
160171,utanet.at,at,top1000
160176,burgenland.at,at,top1000
160629,netplanet.at,at,top1000
160644,subd.at,at,top1000
160760,mueller.at,at,top1000
160909,greyh.at,at,top1000
161085,europaeische.at,at,top1000
161255,film.at,at,top1000
161918,oegk.at,at,top1000
162032,myspreadshop.at,at,top1000
162485,cdx.at,at,top1000
162912,profiwebspace.at,at,top1000
163357,austrian-tunnelling.at,at,top1000
164167,nordfishing77.at,at,top1000
164203,bergzeit.at,at,top1000
164513,zoovienna.at,at,top1000
164582,iforce.at,at,top1000
165012,snb.at,at,top1000
165403,nager.at,at,top1000
165428,apotheke.at,at,top1000
165605,montafon.at,at,top1000
165952,webmachine.at,at,top1000
166032,cat.at,at,top1000
166046,bundesheer.at,at,top1000
166772,nimbuscloud.at,at,top1000
166815,fachspezifikum.at,at,top1000
167312,home24.at,at,top1000
167609,generation-n.at,at,top1000
168459,mqw.at,at,top1000
168595,grossglockner.at,at,top1000
168744,hargassner.at,at,top1000
169229,dolomitenstadt.at,at,top1000
170146,vhs.at,at,top1000
170442,tkp.at,at,top1000
170492,thomann.at,at,top1000
170596,viamichelin.at,at,top1000
170630,wienit.at,at,top1000
170847,fhstp.ac.at,at,top1000
171719,trivago.at,at,top1000
173321,stubai.at,at,top1000
173433,sozvers.at,at,top1000
173674,eventbrite.at,at,top1000
173718,asn-noe.ac.at,at,top1000
174054,helloagain.at,at,top1000
174204,greenpeace.at,at,top1000
174211,sagedpw.at,at,top1000
174475,nessus.at,at,top1000
174592,iplace.at,at,top1000
174656,zillertal.at,at,top1000
175033,gymbeam.at,at,top1000
175191,leadersnet.at,at,top1000
175332,sil.at,at,top1000
175522,murauer-it.at,at,top1000
175744,mimikama.at,at,top1000
176306,tu-graz.ac.at,at,top1000
176358,graztourismus.at,at,top1000
176570,ainet.at,at,top1000
176640,familypark.at,at,top1000
176839,unwired.at,at,top1000
176934,bmw.at,at,top1000
176956,gesundheitskasse.at,at,top1000
176989,schule.at,at,top1000
177464,backenmitchristina.at,at,top1000
177845,mgmarket6.at,at,top1000
177980,lko.at,at,top1000
178204,shoepping.at,at,top1000
178280,ustp.at,at,top1000
179134,umweltzeichen.at,at,top1000
179545,louis.at,at,top1000
179566,puaschitz.at,at,top1000
181220,phwien.ac.at,at,top1000
182280,kommunikation-vorarlberg.at,at,top1000
182614,thelocal.at,at,top1000
183179,feratel.co.at,at,top1000
183600,buchmedia.at,at,top1000
183832,mgmarket5.at,at,top1000
184481,thelabelfinder.at,at,top1000
185212,niederoesterreich.at,at,top1000
185236,easy-booking.at,at,top1000
185252,bike24.at,at,top1000
185491,austriancharts.at,at,top1000
185956,tsn.at,at,top1000
185975,salzburg-ag.at,at,top1000
186016,pwrz.at,at,top1000
186185,masswerk.at,at,top1000
186682,balistas.at,at,top1000
186848,noet.at,at,top1000
186992,webhostserver.at,at,top1000
187079,parlament.gv.at,at,top1000
187134,vor.at,at,top1000
187195,bookdelivery.at,at,top1000
187724,toon.at,at,top1000
188027,evn.at,at,top1000
188347,gotomeet.at,at,top1000
188833,hse.at,at,top1000
188853,fro.at,at,top1000
189138,mmc.at,at,top1000
190050,it2cloud.at,at,top1000
190448,weltfussball.at,at,top1000
190513,izone.at,at,top1000
191258,mayr-melnhof.at,at,top1000
191451,fh-salzburg.ac.at,at,top1000
191817,deutsche-bank.at,at,top1000
192608,8ung.at,at,top1000
192621,watchlist-internet.at,at,top1000
192758,konsument.at,at,top1000
192952,woman.at,at,top1000
192975,vu-wien.ac.at,at,top1000
193120,linzag.at,at,top1000
193344,kelag.at,at,top1000
193386,abseits.at,at,top1000
193557,zalando-lounge.at,at,top1000
193691,zgo.at,at,top1000
193775,uniqa.at,at,top1000
194152,hoststar.at,at,top1000
194317,urlaubambauernhof.at,at,top1000
194542,shop-swimmingpool.at,at,top1000
194661,austrocontrol.at,at,top1000
195181,gruene.at,at,top1000
195317,musikverein.at,at,top1000
196383,laumat.at,at,top1000
196713,green-x.at,at,top1000
197235,oberoesterreich.at,at,top1000
197736,viterna.at,at,top1000
197854,burgtheater.at,at,top1000
197937,cavac.at,at,top1000
198044,e-control.at,at,top1000
198367,provider.at,at,top1000
199516,dehner.at,at,top1000
199817,emakina.at,at,top1000
200009,sky.at,at,top1000
200503,a-trust.at,at,top1000
201235,hotdomains.at,at,top1000
201388,oevsv.at,at,top1000
201818,kraftcom.at,at,top1000
201964,web-experts.at,at,top1000
202317,sony.at,at,top1000
202697,bka.gv.at,at,top1000
203218,ihs.ac.at,at,top1000
203675,anthrowiki.at,at,top1000
204493,firmenwebseiten.at,at,top1000
204572,arz.at,at,top1000
204627,bestattung-dellemann.at,at,top1000
205322,ernstings-family.at,at,top1000
205510,heim.at,at,top1000
205909,bookbot.at,at,top1000
205937,sportunion.at,at,top1000
206168,denkn.at,at,top1000
206246,time2win.at,at,top1000
207591,polizei.gv.at,at,top1000
207878,skiwelt.at,at,top1000
208371,skrapid.at,at,top1000
208828,zooplus.at,at,top1000
209953,kitzsteinhorn.at,at,top1000
210096,edis.at,at,top1000
210672,3cx.at,at,top1000
210748,mumok.at,at,top1000
210862,global2000.at,at,top1000
210875,wifi-ooe.at,at,top1000
211580,oevg-versteigerungen.at,at,top1000
211837,salzwelten.at,at,top1000
211908,secondhandapp.at,at,top1000
212209,terrasound.at,at,top1000
212393,cie.co.at,at,top1000
212822,alpbachtal.at,at,top1000
212913,yvys.at,at,top1000
214502,der-faehrmann.at,at,top1000
215110,gedenkseite.at,at,top1000
218257,trauerhilfe-beer.at,at,top1000
219036,dyson.at,at,top1000
219044,uscreen.at,at,top1000
219423,ta.co.at,at,top1000
219622,konzerthaus.at,at,top1000
219678,kfunigraz.ac.at,at,top1000
219827,mayrhofen.at,at,top1000
220251,webnode.at,at,top1000
220304,matting-systems.at,at,top1000
220707,laendleimmo.at,at,top1000
220853,netservice.at,at,top1000
221014,lagerhaus.at,at,top1000
221238,loeffler.at,at,top1000
223191,web4all.at,at,top1000
223626,know-center.at,at,top1000
223659,generali.at,at,top1000
223723,bvz.at,at,top1000
224561,itex.at,at,top1000
224718,vim.at,at,top1000
225078,blessingway-vorarlberg.at,at,top1000
225093,austrian-standards.at,at,top1000
225287,digikey.at,at,top1000
226986,aqua-dome.at,at,top1000
227123,netzpionier.at,at,top1000
227213,next.at,at,top1000
227316,fan.at,at,top1000
227826,redbullsalzburg.at,at,top1000
228921,kronehit.at,at,top1000
229131,aws.at,at,top1000
229370,saferinternet.at,at,top1000
229668,leibetseder.co.at,at,top1000
229673,nextimmobilien.at,at,top1000
229730,axa.at,at,top1000
229760,familienbett.at,at,top1000
230271,elternberatung.at,at,top1000
230364,spat.at,at,top1000
230888,dkt.co.at,at,top1000
231040,vasp.at,at,top1000
231045,dasschnelle.at,at,top1000
231197,bipa.at,at,top1000
231276,dieangewandte.at,at,top1000
231652,diakonie.at,at,top1000
231724,fssg.at,at,top1000
231950,nmo.at,at,top1000
232104,wienxtra.at,at,top1000
232489,members.at,at,top1000
232790,joanneum.at,at,top1000
232953,huber-online.at,at,top1000
233488,wvnet.at,at,top1000
233875,zotter.at,at,top1000
233945,ooelfv.at,at,top1000
234180,vimnet.at,at,top1000
234184,teppichbazar.at,at,top1000
234236,fops.at,at,top1000
234371,gaestemappe.at,at,top1000
234545,tuv.at,at,top1000
235208,fjsoft.at,at,top1000
235306,autorevue.at,at,top1000
236325,pelisflix1.at,at,top1000
236409,porr.at,at,top1000
236464,clickskeks.at,at,top1000
236733,ahub.co.at,at,top1000
237379,rueckgr.at,at,top1000
237428,puls24.at,at,top1000
237482,media-data.at,at,top1000
238230,turbodns.at,at,top1000
238463,cyberplex.at,at,top1000
238700,domainname.at,at,top1000
239342,poettinger.at,at,top1000
239362,spusu.at,at,top1000
239806,alphaport.at,at,top1000
240331,proserver1.at,at,top1000
240334,tv-media.at,at,top1000
240528,immoverkauf24.at,at,top1000
240866,libristo.at,at,top1000
241093,filmbooster.at,at,top1000
241306,best-bike.at,at,top1000
241417,forbes.at,at,top1000
241443,staticfiles.at,at,top1000
241774,kulturzeitschrift.at,at,top1000
241802,kithost.at,at,top1000
243201,animekai.at,at,top1000
243335,bestattung-gschwandtner.at,at,top1000
243336,bestattung-wilfinger.at,at,top1000
243632,derbestatter.at,at,top1000
245172,quatscha.at,at,top1000
245500,sunday.at,at,top1000
246502,ontec.at,at,top1000
246654,top4net.at,at,top1000
246667,schwimmbecken-shop.at,at,top1000
246985,statistik.gv.at,at,top1000
247350,hcw.ac.at,at,top1000
247772,fhv.at,at,top1000
247937,vsl.co.at,at,top1000
248131,alza.at,at,top1000
248388,mergili.at,at,top1000
248632,oelzant.at,at,top1000
249243,svs.at,at,top1000
249799,fussballoesterreich.at,at,top1000
249816,holding-graz.at,at,top1000
249973,auva.at,at,top1000
250224,hochkoenig.at,at,top1000
250322,schaefer-shop.at,at,top1000
250811,planetweb.at,at,top1000
251078,idee.at,at,top1000
251082,daltec.at,at,top1000
251091,eox.at,at,top1000
251134,zsi.at,at,top1000
252770,wienerstaedtische.at,at,top1000
253195,dojiner.at,at,top1000
253257,iwm.at,at,top1000
253515,nassfeld.at,at,top1000
253888,glassdoor.at,at,top1000
254282,e-ams.at,at,top1000
254368,nostr.at,at,top1000
254385,websupport.at,at,top1000
254877,austria-trend.at,at,top1000
256914,redecanais.at,at,top1000
257670,preisjaeger.at,at,top1000
257953,vvt.at,at,top1000
258369,biodiversityatlas.at,at,top1000
258569,ticketmaster.at,at,top1000
258666,check24.at,at,top1000
259122,ac-net.at,at,top1000
259390,durchblicker.at,at,top1000
259726,manuscripta.at,at,top1000
259733,viennale.at,at,top1000
259799,mpreis.at,at,top1000
260429,kath-kirche-kaernten.at,at,top1000
260523,video-broadcast.at,at,top1000
261049,ebox.at,at,top1000
261195,tirol-kliniken.at,at,top1000
261329,technischesmuseum.at,at,top1000
262111,hostinghub.at,at,top1000
262236,protennisaustria.at,at,top1000
262445,chickenroads.co.at,at,top1000
262564,stone-rich.at,at,top1000
262738,nameanameanamea.at,at,top1000
262799,wien-ticket.at,at,top1000
262821,alufelgenshop.at,at,top1000
262858,itserver.at,at,top1000
263195,moebel24.at,at,top1000
263266,schaecke.at,at,top1000
263853,ksv.at,at,top1000
264292,ds.at,at,top1000
264701,flaconi.at,at,top1000
265613,apg.at,at,top1000
265864,dasweltauto.at,at,top1000
266205,fohringer.at,at,top1000
266901,hartlauer.at,at,top1000
267546,ccc.at,at,top1000
267628,gameware.at,at,top1000
268013,peak.at,at,top1000
268350,reichelt.at,at,top1000
268414,lindinger.at,at,top1000
268577,cookidoo.at,at,top1000
268606,kingsch.at,at,top1000
268645,connect.co.at,at,top1000
269274,nhm.at,at,top1000
269672,wirtschaftsblatt.at,at,top1000
270235,moz.ac.at,at,top1000
270268,hilfswerk.at,at,top1000
270322,psyonline.at,at,top1000
270533,gigasport.at,at,top1000
270643,mailsecurity.at,at,top1000
270941,prillinger.at,at,top1000
270951,wuerth.at,at,top1000
271808,powerdns.at,at,top1000
273038,firmenbuchgrundbuch.at,at,top1000
273215,intersport.at,at,top1000
273672,accushop.at,at,top1000
273848,salzburgresearch.at,at,top1000
274167,ktm-bikes.at,at,top1000
275676,grosz.at,at,top1000
275713,x0.at,at,top1000
276413,psa.at,at,top1000
276620,plinko.at,at,top1000
276977,mtbiker.at,at,top1000
276981,meowc.at,at,top1000
277087,apcoa.at,at,top1000
277104,red-baron.at,at,top1000
277229,fondsprofessionell.at,at,top1000
277503,myidm.at,at,top1000
277534,oeh-salzburg.at,at,top1000
277560,kitzski.at,at,top1000
277692,netcontact.at,at,top1000
278687,mcdonalds.at,at,top1000
278751,lindeverlag.at,at,top1000
279036,megabit.at,at,top1000
279423,spoe.at,at,top1000
279578,wha.at,at,top1000
279765,e-tec.at,at,top1000
279871,buchkatalog.at,at,top1000
280068,mass-shoes.at,at,top1000
280334,fk-austria.at,at,top1000
280720,manpower.at,at,top1000
280979,dp-autoteile.at,at,top1000
281541,reifendirekt.at,at,top1000
281764,world-direct.at,at,top1000
281962,wk.or.at,at,top1000
282123,proidee.at,at,top1000
282146,volksbank.at,at,top1000
282341,pkwteile.at,at,top1000
282536,erinnern.at,at,top1000
282839,wogibtswas.at,at,top1000
284059,volkswagen.at,at,top1000
284079,naturfreunde.at,at,top1000
284558,dornbirn.at,at,top1000
286117,stadtausstellung.at,at,top1000
286600,easyname.at,at,top1000
287155,axa-versicherung.at,at,top1000
287739,overclockers.at,at,top1000
287740,flashnet.at,at,top1000
288026,linztourismus.at,at,top1000
288477,edugroup.at,at,top1000
288531,bdata.at,at,top1000
288621,innonet.at,at,top1000
288834,goeg.at,at,top1000
289988,namirial.at,at,top1000
290120,sysmex.at,at,top1000
290295,nachhilfe-humer.at,at,top1000
290329,grave-pictures.at,at,top1000
290396,veritas.at,at,top1000
290822,xpirio.at,at,top1000
290880,stww.at,at,top1000
291391,powercloud.at,at,top1000
291402,tele.at,at,top1000
291762,wwf.at,at,top1000
291911,arboe.at,at,top1000
292106,litelink.at,at,top1000
292827,wuk.at,at,top1000
292877,fh-kaernten.at,at,top1000
293008,gesundheit.gv.at,at,top1000
293860,redzac.at,at,top1000
293879,ctk.at,at,top1000
294052,eisriesenwelt.at,at,top1000
294137,hintertuxergletscher.at,at,top1000
294283,maconline.at,at,top1000
295067,justimmo.at,at,top1000
295283,unzensuriert.at,at,top1000
295458,it-service.at,at,top1000
295878,bregenzerwald.at,at,top1000
295886,freud-museum.at,at,top1000
295902,antich.at,at,top1000
296038,r-itservices.at,at,top1000
296061,vorarlberg-alpenregion.at,at,top1000
296671,sisimuseum-hofburg.at,at,top1000
296708,casariso.at,at,top1000
296955,gurkerl.at,at,top1000
296980,graz-airport.at,at,top1000
297269,netztest.at,at,top1000
297348,eversports.at,at,top1000
297566,mein-klagenfurt.at,at,top1000
298149,mostviertel.at,at,top1000
298236,graz4u.at,at,top1000
298616,chicne-road-2.at,at,top1000
298757,yelp.at,at,top1000
298769,salzburg-burgen.at,at,top1000
299203,ptix.at,at,top1000
299540,internethosting.at,at,top1000
299797,rolli-wegweiser.at,at,top1000
300435,wnt.at,at,top1000
300676,gewerbeverein.at,at,top1000
300987,parents.at,at,top1000
301087,janko.at,at,top1000
301226,energieag.at,at,top1000
301273,wifo.ac.at,at,top1000
301384,hostaustria-dns.at,at,top1000
301528,cwd.at,at,top1000
301607,oesterreichonlinecasino.at,at,top1000
301649,swe.at,at,top1000
301922,meisterdrucke.at,at,top1000
302013,villach.at,at,top1000
302127,autouncle.at,at,top1000
302222,gounternehmen.at,at,top1000
302288,reifenleader.at,at,top1000
302318,gc4.at,at,top1000
302536,golf.at,at,top1000
302565,fhwn.ac.at,at,top1000
302904,webhost.at,at,top1000
302974,hdtoday24.at,at,top1000
303625,lbg.ac.at,at,top1000
303698,linznet.at,at,top1000
303785,derdachstein.at,at,top1000
304151,fh-campuswien.ac.at,at,top1000
304663,heirat.at,at,top1000
305171,salzburg-verkehr.at,at,top1000
305302,klagenfurt.at,at,top1000
305664,casablanca.at,at,top1000
306870,ors-shoutcast.at,at,top1000
306883,efriends.at,at,top1000
307159,widder.at,at,top1000
307323,fpoe.at,at,top1000
307828,wienbibliothek.at,at,top1000
308140,tommys-welpenstube.at,at,top1000
308505,horizont.at,at,top1000
308670,barmherzige-brueder.at,at,top1000
308973,egiz.gv.at,at,top1000
309030,mocafirst.at,at,top1000
309595,donauregion.at,at,top1000
309966,dorftv.at,at,top1000
310006,hiway.at,at,top1000
310069,teile-direkt.at,at,top1000
310511,pv.at,at,top1000
310588,kosmo.at,at,top1000
310932,joanneum.ac.at,at,top1000
311106,campdavid-soccx.at,at,top1000
312318,bundesliga.at,at,top1000
312808,ooevv.at,at,top1000
313013,rewe-group.at,at,top1000
313545,spreadshirt.at,at,top1000
313797,webgarden.at,at,top1000
313892,xinon.at,at,top1000
314055,drumandbass.at,at,top1000
314820,facultas.at,at,top1000
314892,srs.at,at,top1000
315052,musicaustria.at,at,top1000
315296,omicron.at,at,top1000
315452,aktien-portal.at,at,top1000
315538,skyforge.at,at,top1000
315883,secession.at,at,top1000
316219,immmo.at,at,top1000
316474,wlw.at,at,top1000
316482,lask.at,at,top1000
316656,wiiw.ac.at,at,top1000
316796,energiesparhaus.at,at,top1000
317689,radio.at,at,top1000
317759,webagentur.at,at,top1000
318994,militaeraktuell.at,at,top1000
319146,austriaca.at,at,top1000
319247,transgourmet.at,at,top1000
319273,ufg.ac.at,at,top1000
320516,tarife.at,at,top1000
320620,vcoe.at,at,top1000
320957,kunsthallewien.at,at,top1000
321553,esys.at,at,top1000
321593,denzel.at,at,top1000
321918,lecru.at,at,top1000
322084,ip.co.at,at,top1000
322178,praeg.at,at,top1000
322205,audi.at,at,top1000
322264,futurecms.at,at,top1000
322419,patentamt.at,at,top1000
322729,wochenblick.at,at,top1000
322765,umweltfoerderung.at,at,top1000
322917,meinmed.at,at,top1000
323333,foodalternatives.at,at,top1000
324507,diebeiden.at,at,top1000
324589,abm.at,at,top1000
324887,aeiou.at,at,top1000
324893,katholisch.at,at,top1000
324904,dynamix.at,at,top1000
325301,clifford.at,at,top1000
325557,fruugo.at,at,top1000
326513,apothekerkammer.at,at,top1000
326580,zaunsystemen.at,at,top1000
327527,oegb.at,at,top1000
327893,steinbichler.co.at,at,top1000
327909,rupertusbuch.at,at,top1000
327913,foodora.at,at,top1000
328074,hervis.at,at,top1000
328796,area47.at,at,top1000
329234,graz-seckau.at,at,top1000
329726,zazzle.at,at,top1000
330698,haus-des-meeres.at,at,top1000
331051,casino.at,at,top1000
331309,vmobil.at,at,top1000
331776,office-vienna.at,at,top1000
331941,senioricum.at,at,top1000
331949,clickdoc.at,at,top1000
332355,winwin.at,at,top1000
332415,kunstuni-linz.at,at,top1000
332512,netport.at,at,top1000
333141,starbucks.at,at,top1000
333320,msdata.at,at,top1000
333839,galea.at,at,top1000
333860,radio886.at,at,top1000
333966,lyrix.at,at,top1000
334265,oesterreichwein.at,at,top1000
334463,anexia.at,at,top1000
334480,diebuchsuche.at,at,top1000
334503,noeku.at,at,top1000
335116,lun.at,at,top1000
335468,grawe.at,at,top1000
336265,schraubenking.at,at,top1000
336694,silvretta-montafon.at,at,top1000
337748,mamilade.at,at,top1000
338511,antenne.at,at,top1000
338754,warda.at,at,top1000
338896,cylex.at,at,top1000
339256,absw.at,at,top1000
339542,almenrausch.at,at,top1000
339737,klimaaktiv.at,at,top1000
339926,bev.gv.at,at,top1000
339957,ooeg.at,at,top1000
340012,lampenwelt.at,at,top1000
340255,unesco.at,at,top1000
340323,effairs.at,at,top1000
340529,sksturm.at,at,top1000
340725,redbullmobile.at,at,top1000
340841,musicalvienna.at,at,top1000
342163,sdr.at,at,random1000
342594,kaeltetechnik-shop.at,at,random1000
343259,mint-salzburg.at,at,random1000
343841,figlmueller.at,at,random1000
343872,lagreentouch.at,at,random1000
344729,eventjet.at,at,random1000
344849,denizbank.at,at,random1000
345643,katholische-kirche-steiermark.at,at,random1000
346467,esterhazy.at,at,random1000
346665,sonnenhof-apotheke.at,at,random1000
348011,fressnapf.at,at,random1000
348384,feuerwehr-krems.at,at,random1000
350326,forsthofgut.at,at,random1000
350742,bmlv.gv.at,at,random1000
350831,christ.at,at,random1000
351127,mail.at,at,random1000
352145,jysk.at,at,random1000
353682,edited.at,at,random1000
353894,stephanskirche.at,at,random1000
355322,pegelalarm.at,at,random1000
355702,kathpress.at,at,random1000
357418,kaerntencard.at,at,random1000
358124,domain-for-sale.at,at,random1000
359915,spielraum.co.at,at,random1000
360206,stoegmueller.at,at,random1000
360367,brantech.at,at,random1000
360749,kochrezepte.at,at,random1000
360800,hohetauern.at,at,random1000
361175,veganova.at,at,random1000
361657,angelplatz.at,at,random1000
362688,styx.at,at,random1000
362935,asn-linz.ac.at,at,random1000
363214,oetker.at,at,random1000
363524,pappas.at,at,random1000
363631,smorder.at,at,random1000
364298,alpenhost.at,at,random1000
364436,falstaff.at,at,random1000
364610,antennevorarlberg.at,at,random1000
365371,oekonews.at,at,random1000
366275,sfu.ac.at,at,random1000
366684,wundershirt.at,at,random1000
366901,alpha-medien.at,at,random1000
368699,hianime.at,at,random1000
369239,gusto.at,at,random1000
369529,schoenberg.at,at,random1000
369962,eds.at,at,random1000
370419,bio-austria.at,at,random1000
370463,backmarket.at,at,random1000
370543,register.gv.at,at,random1000
371352,bludenz.at,at,random1000
372002,hyundai.at,at,random1000
372112,justnet.at,at,random1000
372769,funkfeuer.at,at,random1000
374069,mouser.at,at,random1000
375026,rutorforum.at,at,random1000
375794,zamg.at,at,random1000
376740,waldviertel.at,at,random1000
376853,ortsinfo.at,at,random1000
377092,metro.at,at,random1000
377820,alawincasino.at,at,random1000
377981,youtube.at,at,random1000
378869,erwachsenenbildung.at,at,random1000
381436,webhome.at,at,random1000
382004,3sit.at,at,random1000
382806,hotdomains7.at,at,random1000
383123,ktn.gv.at,at,random1000
383503,utaonline.at,at,random1000
383996,ns.co.at,at,random1000
384588,liferadio.at,at,random1000
384627,armutskonferenz.at,at,random1000
384976,skiarlberg.at,at,random1000
385413,hobex.at,at,random1000
385484,upstreamnet.at,at,random1000
385628,hotdomains2.at,at,random1000
385668,immodirekt.at,at,random1000
385838,miex.at,at,random1000
386652,krems.at,at,random1000
387813,juwelier-berghammer.at,at,random1000
387841,furche.at,at,random1000
388825,tiscover.at,at,random1000
389178,filmtipps.at,at,random1000
389757,doew.at,at,random1000
390420,salk.at,at,random1000
390721,billareisen.at,at,random1000
391655,integrationsfonds.at,at,random1000
392750,comteam.at,at,random1000
392940,viennacitycard.at,at,random1000
393226,peneder-weinhandel.at,at,random1000
393305,vf.at,at,random1000
393389,stmk.gv.at,at,random1000
393821,trockeneis-onlineshop.at,at,random1000
394606,comune.at,at,random1000
396345,hokify.at,at,random1000
396819,contorion.at,at,random1000
398871,jdsports.at,at,random1000
398999,planai.at,at,random1000
400140,tvbutler.at,at,random1000
400171,frequency.at,at,random1000
401048,porsche.co.at,at,random1000
401765,donauinselfest.at,at,random1000
401882,gemeinden.at,at,random1000
403199,eis.at,at,random1000
403243,wohnnet.at,at,random1000
404681,webartists.at,at,random1000
405868,dudespincasino.at,at,random1000
406204,mediatel.at,at,random1000
406213,office-discount.at,at,random1000
406848,pfaenderbahn.at,at,random1000
407617,ress.at,at,random1000
407754,krns.at,at,random1000
407846,hosilinz.at,at,random1000
408047,kepleruniklinikum.at,at,random1000
408232,besthelp.at,at,random1000
408608,santanderconsumer.at,at,random1000
409628,metrologie.at,at,random1000
410962,flirt-hunter.at,at,random1000
412918,0815.at,at,random1000
413799,kairo.at,at,random1000
414807,myradns.at,at,random1000
415421,pigeonhole.at,at,random1000
416678,sanitaerprofi.at,at,random1000
418137,ddsg-blue-danube.at,at,random1000
418602,motar.at,at,random1000
418860,enterprisehosting.at,at,random1000
419013,liki24.at,at,random1000
419528,frankonia.at,at,random1000
420040,kunsthaus-bregenz.at,at,random1000
420546,maschinenring.at,at,random1000
420694,indiges.at,at,random1000
421106,fireworld.at,at,random1000
421168,sagen.at,at,random1000
422610,stw.at,at,random1000
423002,das-waffengeschaeft.at,at,random1000
423383,fh-kufstein.ac.at,at,random1000
423438,vgn-exo.at,at,random1000
424816,autoteile-meile.at,at,random1000
424880,schmitten.at,at,random1000
425051,acriba.at,at,random1000
426016,shop4littledogs.at,at,random1000
426186,xenox-it.at,at,random1000
426874,iconomy.at,at,random1000
428339,pinayflix.at,at,random1000
429301,hobby-store.at,at,random1000
429792,infina.at,at,random1000
430630,wow-domains.at,at,random1000
430739,events.at,at,random1000
430901,thermewien.at,at,random1000
433059,globetrotter.at,at,random1000
434042,campus02.at,at,random1000
435889,hotelcareer.at,at,random1000
436034,mein-domizil.at,at,random1000
436362,trip76.at,at,random1000
437384,dialog-telekom.at,at,random1000
439332,pearl.at,at,random1000
440510,sirius-soft.at,at,random1000
440622,jmw.at,at,random1000
441079,steinershopping.at,at,random1000
441561,adept.at,at,random1000
441596,feratel.at,at,random1000
441744,propferd.at,at,random1000
442367,tktn.at,at,random1000
442821,campingwagner.at,at,random1000
442861,oldthing.at,at,random1000
443402,lechtal.at,at,random1000
444053,vonroc.at,at,random1000
446473,vobs.at,at,random1000
446647,pwc.at,at,random1000
447027,wavenet.at,at,random1000
449074,stmartins.at,at,random1000
449567,my-hammer.at,at,random1000
451410,hotdomain.at,at,random1000
451987,ibusiness.at,at,random1000
452017,weinco.at,at,random1000
452067,renault.at,at,random1000
452176,witt-weiden.at,at,random1000
452885,cert.at,at,random1000
453171,prokschi.at,at,random1000
453231,slon8-cc.at,at,random1000
453718,richard.at,at,random1000
453787,netprofessionals.at,at,random1000
454767,stubai-rafting.at,at,random1000
455335,autofun.at,at,random1000
456758,cpe-mgmt.at,at,random1000
457582,reduslim.at,at,random1000
458394,atp-autoteile.at,at,random1000
460276,csh.ac.at,at,random1000
460384,bbgate.at,at,random1000
461273,fitness-hp.at,at,random1000
461516,jugendberatung.at,at,random1000
461635,acp.at,at,random1000
461865,baumgarten.gv.at,at,random1000
462007,oem-bike-parts.at,at,random1000
462198,postbus.at,at,random1000
462856,y.at,at,random1000
464437,penny.at,at,random1000
464556,lungau.at,at,random1000
465435,digitale-vignette-online.at,at,random1000
465873,viennainside.at,at,random1000
465901,doctena.at,at,random1000
466060,hotdomains6.at,at,random1000
466660,gpa.at,at,random1000
467105,edel-optics.at,at,random1000
467848,stiegl.at,at,random1000
468562,grants.at,at,random1000
468619,sellpy.at,at,random1000
470026,rieder-it.at,at,random1000
470924,wels.at,at,random1000
471120,newsnet.at,at,random1000
471175,alpenhotel-ammerwald.at,at,random1000
471205,kroeswang.at,at,random1000
472056,millennium.at,at,random1000
472073,decopoint.at,at,random1000
472458,prater.at,at,random1000
474075,wemgehoert.at,at,random1000
474359,go-maut.at,at,random1000
474418,b2best.at,at,random1000
474598,compax.at,at,random1000
475351,tux.at,at,random1000
476296,faie.at,at,random1000
476593,eti.at,at,random1000
478497,austriantimes.at,at,random1000
478916,wohnraumoase.at,at,random1000
480109,primabusiness.at,at,random1000
480557,jalousiescout.at,at,random1000
481501,stiftmelk.at,at,random1000
481764,portal.at,at,random1000
482488,wuestenrot.at,at,random1000
482834,training.at,at,random1000
482893,cupraofficial.at,at,random1000
483084,evergabe.at,at,random1000
483728,citc.at,at,random1000
484969,musiktherapie.at,at,random1000
486658,gaultmillau.at,at,random1000
487288,reca.co.at,at,random1000
488030,raiffeisenzertifikate.at,at,random1000
488184,pvoe.at,at,random1000
488616,braintrust.at,at,random1000
489071,websingles.at,at,random1000
489681,tomundjerry.at,at,random1000
490668,arche-noah.at,at,random1000
490901,pearle.at,at,random1000
491111,juicebox.at,at,random1000
491609,4bees.at,at,random1000
491783,golm.at,at,random1000
491822,giner.at,at,random1000
493272,seefestspiele-moerbisch.at,at,random1000
493951,innocloud.at,at,random1000
494342,obs.at,at,random1000
494507,zuschmann.at,at,random1000
498287,praktischarzt.at,at,random1000
498670,iboys.at,at,random1000
499900,steirereck.at,at,random1000
501283,filmfestival-rathausplatz.at,at,random1000
501321,regro.at,at,random1000
501889,esci.at,at,random1000
502398,dad.at,at,random1000
503103,bitt-c.at,at,random1000
503716,eis-greissler.at,at,random1000
503758,gablonzer.at,at,random1000
504246,neureiter-shop.at,at,random1000
504764,report.at,at,random1000
507595,dibeo.at,at,random1000
508740,tellows.at,at,random1000
508992,ordensklinikum.at,at,random1000
509253,du-bist-der-teamchef.at,at,random1000
509400,superspl.at,at,random1000
509670,selbsthilfe.at,at,random1000
510841,oegussa.at,at,random1000
511788,hotdomains4.at,at,random1000
512267,traktorpool.at,at,random1000
513986,powerdrive.at,at,random1000
515481,onlineaufladen.at,at,random1000
515714,donauturm.at,at,random1000
517604,supervision.at,at,random1000
517920,flohmarkt.at,at,random1000
518389,wolfswinkel.at,at,random1000
518776,monster.at,at,random1000
518865,eurobuch.at,at,random1000
519347,ford.at,at,random1000
520006,tierschutz-austria.at,at,random1000
520122,weinviertel.at,at,random1000
520181,dwzi.at,at,random1000
520663,mariozechner.at,at,random1000
520803,beratungsstellen.at,at,random1000
521283,steirische-spezialitaeten.at,at,random1000
521418,ella-juwelen.at,at,random1000
521439,automobile.at,at,random1000
522291,turracherhoehe.at,at,random1000
522420,ottakringerbrauerei.at,at,random1000
522445,trustdeals.at,at,random1000
523316,motoruf.at,at,random1000
523607,mitula.at,at,random1000
524286,forster.at,at,random1000
524374,moment.at,at,random1000
524901,medienversand.at,at,random1000
528586,propaedeutikum.at,at,random1000
529707,skechers.at,at,random1000
529902,lentos.at,at,random1000
530431,muenzversand.at,at,random1000
530765,ol-shop.at,at,random1000
531027,stadtbranche.at,at,random1000
531134,noefv.at,at,random1000
531253,gamesonly.at,at,random1000
531756,wagrain-kleinarl.at,at,random1000
532245,finanzrechner.at,at,random1000
533024,bricbrac.at,at,random1000
533808,kuoni.at,at,random1000
536025,kurzurlaub.at,at,random1000
536613,sfng.at,at,random1000
537016,nvcasinoat.at,at,random1000
539149,bks.at,at,random1000
539206,springermedizin.at,at,random1000
539995,cash.at,at,random1000
540865,arztsuche24.at,at,random1000
540999,stadlmann.at,at,random1000
541069,english-grammar.at,at,random1000
542368,madison.at,at,random1000
542928,onlinefussballmanager.at,at,random1000
543076,fitundgesund.at,at,random1000
543234,vhsktn.at,at,random1000
544575,superprof.at,at,random1000
544833,fussl.at,at,random1000
544925,austria-salzburg.at,at,random1000
544958,daswetter.at,at,random1000
545703,kik.at,at,random1000
546493,eheberatung.at,at,random1000
547059,tasteoftravel.at,at,random1000
547184,hotdomains8.at,at,random1000
548325,pluscity.at,at,random1000
548731,oberbank.at,at,random1000
549523,solidbau.at,at,random1000
550760,eyecatch.at,at,random1000
550773,em-it.at,at,random1000
551273,sportunion-vereine.at,at,random1000
551450,fixpart.at,at,random1000
552003,festung-hohensalzburg.at,at,random1000
553460,hdtoday.at,at,random1000
553632,getapp.at,at,random1000
553875,heimtierkreis.at,at,random1000
554065,fishersci.at,at,random1000
554589,flughafen-graz.at,at,random1000
556323,simpli.at,at,random1000
557784,volume.at,at,random1000
558199,ayzeze.at,at,random1000
558297,mayspies.at,at,random1000
559781,kindertherapie.at,at,random1000
559957,activebeauty.at,at,random1000
559960,newsflix.at,at,random1000
559989,reifenlab.at,at,random1000
560455,wintersteiger.at,at,random1000
560480,lampenundleuchten.at,at,random1000
561014,best-of-zillertal.at,at,random1000
561411,st-poelten.at,at,random1000
561593,iaem.at,at,random1000
561657,sozialministeriumservice.at,at,random1000
561729,salzi.at,at,random1000
561776,nextroom.at,at,random1000
561997,gaijin.at,at,random1000
562256,pgslot.at,at,random1000
563631,webseitenoptimierung.at,at,random1000
563960,fansale.at,at,random1000
564604,strain.at,at,random1000
566928,land-oberoesterreich.gv.at,at,random1000
567393,bestattung-neumayr.at,at,random1000
567523,essenzshop.at,at,random1000
569078,philo.at,at,random1000
569927,einsames-vergnuegen.at,at,random1000
570320,koanit.at,at,random1000
570610,aisgmbh.at,at,random1000
570626,tirolerjobs.at,at,random1000
570634,gmuend.at,at,random1000
571385,skiresort.at,at,random1000
571653,fotobuttinger.at,at,random1000
571808,parasitenberatung.at,at,random1000
572456,filmcasino.at,at,random1000
573176,pointner.at,at,random1000
573366,happyfoto.at,at,random1000
573420,dorner.at,at,random1000
574002,wstcm.at,at,random1000
574659,parship.at,at,random1000
574681,stock.at,at,random1000
574755,pensionhotel.at,at,random1000
577560,umfc-kirchschlag.at,at,random1000
579124,sos-kinderdorf.at,at,random1000
579241,kinderfreunde.at,at,random1000
579398,edvshop.at,at,random1000
579722,fotokerschi.at,at,random1000
579863,oegbverlag.at,at,random1000
580297,volksblatt.at,at,random1000
582025,schuerz.at,at,random1000
583213,zackzack.at,at,random1000
583385,oponeo.at,at,random1000
585413,brucknerhaus.at,at,random1000
586219,gailtal-journal.at,at,random1000
587101,sexmagazin.at,at,random1000
587505,wasserfaelle-krimml.at,at,random1000
587892,laufhaus-rachel.at,at,random1000
588429,bettenreiter.at,at,random1000
588569,steirerjobs.at,at,random1000
589143,eurotax.at,at,random1000
589259,naturimgarten.at,at,random1000
590245,spritpreisrechner.at,at,random1000
590300,technikboerse.at,at,random1000
590351,allestorte.at,at,random1000
590647,toyota-freregger.at,at,random1000
591577,sparesortgeinberg.at,at,random1000
592481,salzburg-zoo.at,at,random1000
592929,noe-lga.at,at,random1000
595071,sportisimo.at,at,random1000
595725,onlyfy.at,at,random1000
597039,granit-parts.at,at,random1000
598225,safebet.at,at,random1000
598552,testedich.at,at,random1000
599359,seat.at,at,random1000
599457,hermagor.at,at,random1000
599880,bmd.at,at,random1000
600693,1001spiele.at,at,random1000
600744,literature.at,at,random1000
601130,sv-services.at,at,random1000
601319,autoteileprofi.at,at,random1000
602633,internetpraxis.at,at,random1000
603983,oroboros.at,at,random1000
604146,bellaflora.at,at,random1000
604238,visatonshop.at,at,random1000
604842,ocg.at,at,random1000
606405,granitwirt.at,at,random1000
606524,filzmoos.at,at,random1000
606667,vmix.at,at,random1000
606864,mgm1.at,at,random1000
607291,huebl-partner.at,at,random1000
607415,krater.at,at,random1000
607764,oehv.at,at,random1000
608142,salzburgmuseum.at,at,random1000
608529,kopp-verlag.at,at,random1000
609425,migration.gv.at,at,random1000
612013,amazon.at,at,random1000
612541,junghanswolle.at,at,random1000
613869,web-opac.at,at,random1000
614147,sbs.co.at,at,random1000
614213,studentjob.at,at,random1000
614498,bundesforste.at,at,random1000
616748,schuetze-schuhe.at,at,random1000
617037,spooe.at,at,random1000
617827,ruefa.at,at,random1000
617899,sirengames.at,at,random1000
617955,sms.at,at,random1000
619515,gocampingplatz.at,at,random1000
620485,asmus.at,at,random1000
620594,blue-shield.at,at,random1000
622938,fritz-friedrich.at,at,random1000
623522,salzburg-altstadt.at,at,random1000
624077,rogers.at,at,random1000
626172,oenb.co.at,at,random1000
627207,suedwind.at,at,random1000
627316,imz.at,at,random1000
628441,changemobility.at,at,random1000
630325,tiendeo.at,at,random1000
631358,powersoul.at,at,random1000
632121,external.at,at,random1000
632276,sportega.at,at,random1000
632303,bewegt-im-park.at,at,random1000
632826,tyrolia.at,at,random1000
633205,radiomaria.at,at,random1000
633632,horse-events.at,at,random1000
633827,parlament.at,at,random1000
633890,psychotherapie.at,at,random1000
634069,akv.at,at,random1000
634204,skiandbikes.at,at,random1000
634351,bfi-ooe.at,at,random1000
634606,technix.at,at,random1000
635055,ritcdn.at,at,random1000
635218,rutor.or.at,at,random1000
636195,rwa.at,at,random1000
636643,kindermuseum.at,at,random1000
637263,stayfriends.at,at,random1000
638010,kunsttherapie.at,at,random1000
638931,cinecity.at,at,random1000
639104,goed.at,at,random1000
639358,solefelsenwelt.at,at,random1000
640137,steirischerherbst.at,at,random1000
640512,klagenfurt-airport.at,at,random1000
640645,it4you.at,at,random1000
641278,volleynet.at,at,random1000
641772,aipi.at,at,random1000
642317,iv.at,at,random1000
642596,handelsverband.at,at,random1000
642850,wasmachma.at,at,random1000
643138,xttv.at,at,random1000
643189,landessammlungen-noe.at,at,random1000
643702,ynet.at,at,random1000
643917,soeren-hentzschel.at,at,random1000
643972,ombudsmann.at,at,random1000
645533,musik-welt.at,at,random1000
647578,open-networld.at,at,random1000
647980,lastpage.at,at,random1000
648092,sozialplattform.at,at,random1000
649651,camping.at,at,random1000
649753,austrostream.at,at,random1000
650435,avitech.at,at,random1000
650977,lastminute.at,at,random1000
652123,sns-tirol.at,at,random1000
652339,nameserv.at,at,random1000
653949,dieselkino.at,at,random1000
654451,satpoint.at,at,random1000
654653,mein-zaun.at,at,random1000
654743,mcg.at,at,random1000
654794,burn-in.at,at,random1000
656243,netz-noe.at,at,random1000
656691,tagblatt-wienerzeitung.at,at,random1000
657289,anruf-info.at,at,random1000
657489,makdesignshop.at,at,random1000
657700,a-square.at,at,random1000
658302,domain.at,at,random1000
659064,iteas.at,at,random1000
659891,enerent.at,at,random1000
660067,schlosshof.at,at,random1000
661873,karl-voit.at,at,random1000
662564,computerwelt.at,at,random1000
663982,bofrost.at,at,random1000
664402,callingcards.at,at,random1000
664857,imoox.at,at,random1000
665120,datenreisebuero.at,at,random1000
666580,expert.at,at,random1000
666588,paylife.at,at,random1000
666641,jeannette-immobilien.at,at,random1000
666659,start.at,at,random1000
666715,volkstheater.at,at,random1000
668121,icb.co.at,at,random1000
668643,puch-ersatzteile.at,at,random1000
670007,d-m-t.at,at,random1000
671764,eisenkies.at,at,random1000
672167,sportfits.at,at,random1000
672243,aboutyou-integration.at,at,random1000
672858,feeling.at,at,random1000
673167,javhd.at,at,random1000
673270,imendo.at,at,random1000
673352,fashiola.at,at,random1000
673653,hall-wattens.at,at,random1000
675439,vertbaudet.at,at,random1000
675664,vieconcenter.at,at,random1000
675857,filminstitut.at,at,random1000
675937,psychotherapiepraxis.at,at,random1000
675940,oekostrom.at,at,random1000
677005,ep.at,at,random1000
677038,perfectnet.at,at,random1000
677285,candidatis.at,at,random1000
677926,ap.co.at,at,random1000
678896,justedu.at,at,random1000
679440,oege.at,at,random1000
679561,kppk.at,at,random1000
680056,tellian.at,at,random1000
680431,pitztaler-gletscher.at,at,random1000
680842,gold-chip.at,at,random1000
681233,giganet.at,at,random1000
682101,salzburger-seenland.at,at,random1000
682539,domquartier.at,at,random1000
682625,bestwestern.at,at,random1000
682676,bookgoodlook.at,at,random1000
682923,gocafes.at,at,random1000
683202,popfest.at,at,random1000
683483,ab-ins-blaue.at,at,random1000
684118,mikas.or.at,at,random1000
684325,kfv.at,at,random1000
684853,itpool.at,at,random1000
685219,geze.at,at,random1000
687366,salzburger-lagerhaus.at,at,random1000
687841,redops.at,at,random1000
688018,diagonale.at,at,random1000
688109,ginzinger-weng.at,at,random1000
689144,autoparts24.at,at,random1000
689503,asn-wien.ac.at,at,random1000
690649,suzuki.at,at,random1000
690795,gioiapura.at,at,random1000
690869,bmgf.gv.at,at,random1000
690931,wasserbauer.at,at,random1000
690935,omegacom.at,at,random1000
690958,autohaus-rohrbach.at,at,random1000
691396,rona.at,at,random1000
691893,kissandfly.at,at,random1000
692163,gastmanager.at,at,random1000
692533,telefonseelsorge.at,at,random1000
694075,redbullmobil.at,at,random1000
695534,wheretheiss.at,at,random1000
695572,stadtflanerien.at,at,random1000
696475,bikester.at,at,random1000
697054,cashper.at,at,random1000
697940,firmeninfo.at,at,random1000
699325,pferdezucht-austria.at,at,random1000
699493,jet-austria.at,at,random1000
699727,innsbook.at,at,random1000
699875,bestofnature.at,at,random1000
700615,valmano.at,at,random1000
701103,malteser-austria-shop.at,at,random1000
701687,orion.at,at,random1000
701765,tierambulanz-am-saarplatz.at,at,random1000
702413,kellys.at,at,random1000
702470,tschernobylkinder.at,at,random1000
702481,stiftadmont.at,at,random1000
703230,allpurposem.at,at,random1000
705287,langhofer.at,at,random1000
705689,onlinecars.at,at,random1000
706925,rosebikes.at,at,random1000
708383,tripple.at,at,random1000
708906,myorg.at,at,random1000
708977,augustinerbier.at,at,random1000
709949,redbulletin.at,at,random1000
710722,gaisbauer-moebel.at,at,random1000
711640,techbold.at,at,random1000
713002,oekv.at,at,random1000
713476,mf1.at,at,random1000
713925,nordischer-shop.at,at,random1000
715771,steyr.gv.at,at,random1000
716543,brem-bau.at,at,random1000
717055,u1-radio.at,at,random1000
717326,physiotherapie.at,at,random1000
717416,tresor-online.at,at,random1000
717577,literaturhaus.at,at,random1000
718645,arztnoe.at,at,random1000
718663,stretta-music.at,at,random1000
718763,quickwin.at,at,random1000
719501,cgc.at,at,random1000
720764,gelbe-seiten-online.at,at,random1000
721111,aerztekammer.at,at,random1000
722948,ehorses.at,at,random1000
723037,landesbibliothek.at,at,random1000
723883,dvdparadies.at,at,random1000
724929,bit-shifter.at,at,random1000
725433,plus500.at,at,random1000
726002,cdg.ac.at,at,random1000
726109,omnigreg.at,at,random1000
726255,prosieben.at,at,random1000
726302,gameslots.at,at,random1000
727046,relaxt.at,at,random1000
728043,nit.at,at,random1000
728267,amium.at,at,random1000
728497,dibk.at,at,random1000
728664,oehweb.at,at,random1000
729297,bader.at,at,random1000
730269,peterhahn.at,at,random1000
731220,skc.at,at,random1000
731337,appartements-serfaus.at,at,random1000
732067,westwing.at,at,random1000
732675,oelv.at,at,random1000
733642,camping-zillertal.at,at,random1000
734042,danysmusicshop.at,at,random1000
734819,easydrivers.at,at,random1000
734930,fact-finder.at,at,random1000
735792,elba.at,at,random1000
736344,eta.co.at,at,random1000
736958,24-stunden-pflege-rodlauer.at,at,random1000
736977,coolzino.co.at,at,random1000
738351,jcl.at,at,random1000
738421,sub-net.at,at,random1000
738675,prospektmaschine.at,at,random1000
739550,cosmetic-gallery.at,at,random1000
740298,lampe-shop.at,at,random1000
740483,revolutionrace.at,at,random1000
740888,bestattung-hauser.at,at,random1000
741595,betalright-at.at,at,random1000
741946,alpine-cloud.at,at,random1000
742219,soziales.at,at,random1000
744654,golfhouse.at,at,random1000
744848,baldur-garten.at,at,random1000
744892,smartblinds.at,at,random1000
746123,betninjas.at,at,random1000
746980,naturschutzbund.at,at,random1000
748032,pvaustria.at,at,random1000
748248,ostrov.at,at,random1000
748373,fussmattensysteme.at,at,random1000
748423,xn--ernhrungssouvernitt-iwbmd.at,at,random1000
748929,zeilhofer.co.at,at,random1000
749360,cy.at,at,random1000
749525,cityflyer.at,at,random1000
749526,imodobeness.at,at,random1000
752334,50plus-treff.at,at,random1000
757913,allcamps.at,at,random1000
761250,austrowetter.at,at,random1000
761265,auto-hoesch.at,at,random1000
762209,babysmile24.at,at,random1000
764011,bestattung-aigner.at,at,random1000
764012,bestattung-allentsteig.at,at,random1000
764015,bestattung-brunhuber.at,at,random1000
764029,bestattung-hemetsberger.at,at,random1000
764030,bestattung-hitzinger.at,at,random1000
764033,bestattung-hoppenberger.at,at,random1000
764034,bestattung-inghofer.at,at,random1000
764039,bestattung-kogler.at,at,random1000
764040,bestattung-konrad.at,at,random1000
764043,bestattung-kroell.at,at,random1000
764044,bestattung-kunz.at,at,random1000
764045,bestattung-langer.at,at,random1000
764048,bestattung-luttenberger.at,at,random1000
764049,bestattung-mayer.at,at,random1000
764050,bestattung-mayrhofer.at,at,random1000
764053,bestattung-narobe.at,at,random1000
764055,bestattung-nk.at,at,random1000
764057,bestattung-ostermann.at,at,random1000
764060,bestattung-pongau.at,at,random1000
764067,bestattung-schweighofer.at,at,random1000
764068,bestattung-spittal.at,at,random1000
764077,bestattung-wazlawik.at,at,random1000
764078,bestattung-weiz.at,at,random1000
764079,bestattung-wimmer.at,at,random1000
764081,bestattung-wolfsberg.at,at,random1000
764082,bestattung-ziegler.at,at,random1000
764083,bestattung-zwettl.at,at,random1000
764085,bestattungbrixner.at,at,random1000
764086,bestattungbutter.at,at,random1000
764088,bestattunglechner.at,at,random1000
764554,bfv.at,at,random1000
765694,bloomling.at,at,random1000
766953,brixner-bestattung.at,at,random1000
767415,bundesschatz.at,at,random1000
773366,crichd.at,at,random1000
774610,das-laufhaus.at,at,random1000
777993,dww.at,at,random1000
778164,e-kessler.at,at,random1000
778963,eden.co.at,at,random1000
779426,einbuergerung.at,at,random1000
783428,finya.at,at,random1000
783497,fischer-reisen.at,at,random1000
783670,flatbee.at,at,random1000
784828,fuchsbestattungen.at,at,random1000
786567,gerstaecker.at,at,random1000
787513,go-bet.at,at,random1000
788496,greiderer-bestattungen.at,at,random1000
788570,grossschaedl.at,at,random1000
790317,heizoel24.at,at,random1000
793596,impex.at,at,random1000
796986,jobwald.at,at,random1000
799884,kisskh.or.at,at,random1000
800596,kontakt-zentrum.at,at,random1000
800597,kontaktbazar.at,at,random1000
801275,kuratorium-bestattung.at,at,random1000
801676,lablue.at,at,random1000
801806,ladyo.at,at,random1000
802175,lascana.at,at,random1000
802272,laufhaus-a9.at,at,random1000
802273,laufhaus-b68.at,at,random1000
802274,laufhaus-bruck-mur.at,at,random1000
802277,laufhaus-hasenohr.at,at,random1000
802278,laufhaus-hasentraum.at,at,random1000
802282,laufhaus-liezen.at,at,random1000
802283,laufhaus-neunkirchen.at,at,random1000
802286,laufhaus-splash.at,at,random1000
802287,laufhaus-valentin.at,at,random1000
802288,laufhaus-zeltweg.at,at,random1000
802952,lg126.at,at,random1000
804516,love-haus.at,at,random1000
808037,meinevbv.at,at,random1000
812221,mylaufhaus.at,at,random1000
814257,nhg.at,at,random1000
815965,oevw.at,at,random1000
817467,ornitho.at,at,random1000
817587,osg.at,at,random1000
820708,pietaet.at,at,random1000
822683,predota.co.at,at,random1000
822793,pressnitz-bestattung.at,at,random1000
824892,radatz.at,at,random1000
826452,resch-bestattung.at,at,random1000
829491,sarg.at,at,random1000
829960,schimboeck.at,at,random1000
830006,schoosleitner.at,at,random1000
834452,sozialversicherung.gv.at,at,random1000
835227,stadtfeuerwehr-weiz.at,at,random1000
835505,sterzl.at,at,random1000
835531,stiegl-shop.at,at,random1000
837386,tabaris.at,at,random1000
838774,tennissteiermark.at,at,random1000
840027,tierquartier.at,at,random1000
841696,trauerberatung.at,at,random1000
841698,trauerhilfe-ybbstal.at,at,random1000
841767,treatsoft.at,at,random1000
844097,unterscheider-bestattung.at,at,random1000
845317,vecos.at,at,random1000
845602,versusbet.at,at,random1000
846778,vockenhuber-bestattung.at,at,random1000
848061,weiskircher.at,at,random1000
848372,wiensued.at,at,random1000
854317,lionshome.at,at,random1000
854747,steambow.at,at,random1000
856452,lisavienna.at,at,random1000
857426,happyjokerscasino.at,at,random1000
857786,momondo.at,at,random1000
858390,ikuna.at,at,random1000
859394,staufenlauf.at,at,random1000
859476,my-webspace.at,at,random1000
860180,schlosserei-schweiger.at,at,random1000
861726,wkstmk.at,at,random1000
862592,thefork.at,at,random1000
862611,muk.ac.at,at,random1000
862734,sfg.at,at,random1000
862847,ntry.at,at,random1000
863325,radreisen.at,at,random1000
863756,stopptdierechten.at,at,random1000
864194,plotterprofi.at,at,random1000
864249,debuetanten.at,at,random1000
864609,cnv.at,at,random1000
864904,tupalo.at,at,random1000
865281,silvretta-bielerhoehe.at,at,random1000
865891,surfmusik.at,at,random1000
865924,cal-group.at,at,random1000
867367,landtmann.at,at,random1000
870060,hagel.at,at,random1000
870358,kyoceradocumentsolutions.at,at,random1000
870398,pulsar.at,at,random1000
870620,existenzanalyse.at,at,random1000
870717,transag.at,at,random1000
871104,slowakei-immobilien.at,at,random1000
872024,kastner.at,at,random1000
872508,ariadne.at,at,random1000
873426,betista-at.at,at,random1000
874004,vgn.at,at,random1000
874081,wienerin.at,at,random1000
874443,posthotel.at,at,random1000
874476,messe-tulln.at,at,random1000
874551,adworx.at,at,random1000
875304,scra.at,at,random1000
875400,sesin.at,at,random1000
876183,gustini.at,at,random1000
876334,oscarspin.at,at,random1000
876977,urlaubsregion-pyhrn-priel.at,at,random1000
877137,latein.at,at,random1000
877752,theaterservice.at,at,random1000
878717,w4c.at,at,random1000
878851,aviamasters.at,at,random1000
878965,mquadr.at,at,random1000
879572,bergfuchs.at,at,random1000
880390,adeg.at,at,random1000
880585,smartbonus.at,at,random1000
880915,panorama-immobilien.at,at,random1000
881500,infop.at,at,random1000
881641,ktm.at,at,random1000
881818,geoland.at,at,random1000
882586,aekwien.at,at,random1000
883199,byme.at,at,random1000
885542,fewo-austria.at,at,random1000
885601,hotelalpenrose.at,at,random1000
885739,xn--gerte-retter-prmie-ntbm.at,at,random1000
886041,redcams.at,at,random1000
886623,hochreiter.at,at,random1000
887429,meinbezirks.at,at,random1000
888093,orangewings.at,at,random1000
888521,axelsrv.at,at,random1000
889214,aa-store.at,at,random1000
889591,austria-today.at,at,random1000
889829,wktirol.at,at,random1000
889954,altis.at,at,random1000
890519,hikb.at,at,random1000
890865,eternalstorms.at,at,random1000
891270,greensolar.at,at,random1000
891391,oeadstudenthousing.at,at,random1000
891525,dns4free.at,at,random1000
891566,ad-balancer.at,at,random1000
892253,dotnethost.at,at,random1000
894183,rhomberg-schmuck.at,at,random1000
895227,playsponsible.at,at,random1000
895775,foret.at,at,random1000
896136,felixc.at,at,random1000
896225,zeit.at,at,random1000
896602,idm-energie.at,at,random1000
897529,grazerak.at,at,random1000
897696,quandoo.at,at,random1000
898389,dame.at,at,random1000
898766,gewinnabfrage.at,at,random1000
898848,blogheim.at,at,random1000
898926,mahnmal-viehofen.at,at,random1000
900007,hexenwasser.at,at,random1000
901251,time4tech.at,at,random1000
901375,reinsaat.at,at,random1000
901505,asklepios.at,at,random1000
902503,casinohex.at,at,random1000
902719,bjg.at,at,random1000
904362,mortalkombat.at,at,random1000
904646,redbullhangarsieben.at,at,random1000
905710,beefcasinoat.at,at,random1000
905770,datenzuhause.at,at,random1000
906840,highflys.at,at,random1000
906863,gracechurch.at,at,random1000
907192,vorarlberg-lines.at,at,random1000
907642,alpha-scale.at,at,random1000
908016,viennadesignweek.at,at,random1000
908361,hohenemsgenealogie.at,at,random1000
908566,padel-wien.at,at,random1000
908672,baedermaxx.at,at,random1000
908792,gleisdorf.at,at,random1000
909919,swoodoo.at,at,random1000
910267,doris.at,at,random1000
910469,dachstein.at,at,random1000
910512,tripscan.at,at,random1000
910665,nofiltermuseum.at,at,random1000
910693,musikkapelle-scharnitz.at,at,random1000
911298,corerouter.at,at,random1000
911481,aida-cruises.at,at,random1000
912738,vkb-bank.at,at,random1000
913048,mini.at,at,random1000
914730,allmer-bestattung.at,at,random1000
915901,bestattung-baumann.at,at,random1000
915904,bestattung-kominek.at,at,random1000
915907,bestattung-schwaiger.at,at,random1000
915908,bestattung-stranz.at,at,random1000
915909,bestattung-stuchly.at,at,random1000
918338,disponet.at,at,random1000
918895,egw.at,at,random1000
923950,lkuf.at,at,random1000
928771,rip.at,at,random1000
929356,schaefchen.at,at,random1000
931657,traben-in-baden.at,at,random1000
931879,tuxertal.at,at,random1000
934124,rodeoslot.at,at,random1000
934708,elevate.at,at,random1000
934720,nmsneustadtl.ac.at,at,random1000
934917,acebet.at,at,random1000
936199,schwarz.at,at,random1000
936523,handyparken.at,at,random1000
936895,toner24.at,at,random1000
938029,gartenbaukino.at,at,random1000
938626,sfu.at,at,random1000
939180,fh-burgenland.at,at,random1000
939907,axess-ag.at,at,random1000
942618,internerevision.at,at,random1000
943890,bahnnews-austria.at,at,random1000
944942,tchibo-coffeeservice.at,at,random1000
944958,communalconsult.at,at,random1000
945174,facebook.at,at,random1000
946195,noebauer-konditorei.at,at,random1000
946291,wahlfieber.at,at,random1000
946338,cewe-fotoservice.at,at,random1000
946388,motordoctor.at,at,random1000
947391,7goldcasino.at,at,random1000
948158,krisenmeisterei.at,at,random1000
948986,haschek.at,at,random1000
949352,parfumdreams.at,at,random1000
949591,ausbildungskompass.at,at,random1000
949609,yably.at,at,random1000
949741,studyinaustria.at,at,random1000
949990,ferrocom-sitwell.at,at,random1000
951012,metal-shop.at,at,random1000
951482,europark.at,at,random1000
951884,burgenkunde.at,at,random1000
952316,hypovbg.at,at,random1000
953221,landestheater.at,at,random1000
953374,running-point.at,at,random1000
954594,alphascale.at,at,random1000
955309,gmoto.at,at,random1000
955340,compass.at,at,random1000
955343,elda.at,at,random1000
955456,alko-garden.at,at,random1000
956055,landsend.at,at,random1000
956519,blogpunkte.at,at,random1000
956631,sbg.at,at,random1000
956667,elibrary.at,at,random1000
957094,mydays.at,at,random1000
957882,1uniconnect.at,at,random1000
959474,datamagic.at,at,random1000
959509,cats-taste.at,at,random1000
959946,schrack.at,at,random1000
959952,xn--notariat-mdling-itb.at,at,random1000
960926,servusapotheke.at,at,random1000
962344,buschenschank-maurer.at,at,random1000
964732,jochen-schweizer.at,at,random1000
965416,umweltministerium.at,at,random1000
965479,chris-figurenshop.at,at,random1000
966152,cuas.at,at,random1000
966511,elk.at,at,random1000
966658,heyn.at,at,random1000
966729,brauunion.at,at,random1000
967172,alwyzon.at,at,random1000
967716,volkshilfe.at,at,random1000
969756,swisssense.at,at,random1000
969852,fundermax.at,at,random1000
970317,alphascaledistribution.at,at,random1000
971201,thermeamade.at,at,random1000
972340,lindner-traktoren.at,at,random1000
973095,lfi.at,at,random1000
973967,slotbunny.at,at,random1000
974515,ultratrail.at,at,random1000
975410,slone10.at,at,random1000
976190,muerznet.at,at,random1000
977353,acl.at,at,random1000
978972,redbullhangarseven.at,at,random1000
979042,truckscout24.at,at,random1000
979135,gosi.at,at,random1000
979262,igkultur.at,at,random1000
979688,ardens-kaminoefen.at,at,random1000
979833,experteer.at,at,random1000
979992,familienkarte.at,at,random1000
980054,odysseetheater.at,at,random1000
980178,lifestyle-properties.at,at,random1000
980222,msedv.at,at,random1000
980511,dtm.at,at,random1000
980688,ff-weissenburg.at,at,random1000
984818,clamlive.at,at,random1000
985114,crichdai.at,at,random1000
985988,dr-bily.at,at,random1000
986786,ferienwohnungen.at,at,random1000
993894,pelisflixhd.at,at,random1000
995097,rallye-weiz.at,at,random1000
996788,spiegel-der-gesundheit.at,at,random1000
999514,world4ufree.at,at,random1000
702,seznam.cz,cz,full
1311,idnes.cz,cz,full
1379,novinky.cz,cz,full
1683,livescore.cz,cz,full
3599,google.cz,cz,full
5223,cuni.cz,cz,full
5383,wedos.cz,cz,full
5816,alza.cz,cz,full
5928,centrum.cz,cz,full
6004,forpsi.cz,cz,full
6044,muni.cz,cz,full
6048,nic.cz,cz,full
6393,cra.cz,cz,full
6643,csfd.cz,cz,full
6831,blesk.cz,cz,full
6850,allegro.cz,cz,full
6880,nova.cz,cz,full
7032,seznamzpravy.cz,cz,full
7062,windguru.cz,cz,full
7158,imedia.cz,cz,full
7793,sport.cz,cz,full
7991,super.cz,cz,full
8183,bazos.cz,cz,full
8196,livesport.cz,cz,full
8271,allwyn.cz,cz,full
8326,cvut.cz,cz,full
8755,prehrajto.cz,cz,full
8888,kupi.cz,cz,full
8954,anikoto.cz,cz,full
9164,idos.cz,cz,full
9451,freevideo.cz,cz,full
9834,cukrarnauandela.cz,cz,full
10357,sdn.cz,cz,full
10847,animesuge.cz,cz,full
12072,thinline.cz,cz,full
12463,heureka.cz,cz,full
12642,vinted.cz,cz,full
12715,mapy.cz,cz,full
12990,master.cz,cz,full
13008,cas.cz,cz,full
13871,ceskatelevize.cz,cz,full
14132,phoca.cz,cz,full
14174,web4u.cz,cz,full
14188,active24.cz,cz,full
15389,iprima.cz,cz,full
15481,szn.cz,cz,full
15554,257.cz,cz,full
15832,firmy.cz,cz,full
16315,ignum.cz,cz,full
16515,regzone.cz,cz,full
16755,webglobe.cz,cz,full
17195,acrobits.cz,cz,full
17514,anycastdns.cz,cz,full
18002,sreality.cz,cz,full
18709,o2.cz,cz,full
19221,denik.cz,cz,full
19333,prozeny.cz,cz,full
19348,decathlon.cz,cz,full
19496,wz.cz,cz,full
19528,or.cz,cz,full
19532,datart.cz,cz,full
19750,in-pocasi.cz,cz,full
19819,extra.cz,cz,full
20476,sportisimo.cz,cz,full
20506,brnostavi.cz,cz,full
20645,radio.cz,cz,full
20656,toprecepty.cz,cz,full
20997,estranky.cz,cz,full
21087,vodafone.cz,cz,full
21098,upol.cz,cz,full
21758,webnode.cz,cz,full
21964,vutbr.cz,cz,full
22482,pvideo.cz,cz,full
23095,stesti.cz,cz,full
23394,slevomat.cz,cz,full
24577,gigaserver.cz,cz,full
24658,antee.cz,cz,full
24689,tele3.cz,cz,full
25031,vshosting.cz,cz,full
25121,pipni.cz,cz,full
25292,zcu.cz,cz,full
25498,blueboard.cz,cz,full
25979,rozhlas.cz,cz,full
26045,justice.cz,cz,full
26966,aktualne.cz,cz,full
27427,fullhdfilmizlesene.cz,cz,full
27746,tiscali.cz,cz,full
28064,t-mobile.cz,cz,full
28745,r2b2.cz,cz,full
29271,nethost.cz,cz,full
29474,toplist.cz,cz,full
29975,websupport.cz,cz,full
29996,lidovky.cz,cz,full
30107,cssz.cz,cz,full
30946,dek.cz,cz,full
31234,skok.cz,cz,full
31662,aukro.cz,cz,full
31671,vsb.cz,cz,full
31917,zbozi.cz,cz,full
32334,vse.cz,cz,full
32356,edrive-hosting.cz,cz,full
32474,divadloustolu.cz,cz,full
32528,kurzy.cz,cz,full
33876,motorkari.cz,cz,full
33924,virusfree.cz,cz,full
34122,arubadns.cz,cz,full
34218,fio.cz,cz,full
34898,skoda-auto.cz,cz,full
35285,genesis-eshop.cz,cz,full
35311,e15.cz,cz,full
35873,megaknihy.cz,cz,full
35904,irozhlas.cz,cz,full
36409,csob.cz,cz,full
36561,vedos.cz,cz,full
36780,banan.cz,cz,full
37165,chmi.cz,cz,full
37819,performax.cz,cz,full
38819,biano.cz,cz,full
39230,cesnet.cz,cz,full
39395,svethostingu.cz,cz,full
39443,zive.cz,cz,full
39581,cd.cz,cz,full
39887,pszn.cz,cz,full
39922,jobs.cz,cz,full
40198,mzv.cz,cz,full
40347,kudyznudy.cz,cz,full
40549,vut.cz,cz,full
40637,ebikepartners.cz,cz,full
40882,sauto.cz,cz,full
41378,stream.cz,cz,full
41477,tipsport.cz,cz,full
41606,ceskenoviny.cz,cz,full
41984,hys.cz,cz,full
42466,gymbeam.cz,cz,full
42609,1gr.cz,cz,full
42630,uoou.cz,cz,full
42982,mendelu.cz,cz,full
43063,slu.cz,cz,full
43358,onebit.cz,cz,full
43910,fler.cz,cz,full
43987,one.cz,cz,full
44015,web4ce.cz,cz,full
44229,notino.cz,cz,full
44358,mfcr.cz,cz,full
44370,utb.cz,cz,full
44483,volny.cz,cz,full
44626,idek.cz,cz,full
44708,lidl.cz,cz,full
44720,glami.cz,cz,full
44944,e-chalupy.cz,cz,full
45177,grdns.cz,cz,full
45720,databazeknih.cz,cz,full
46370,zalando.cz,cz,full
46601,webzdarma.cz,cz,full
47224,bistudio.cz,cz,full
47260,supportbox.cz,cz,full
48153,karaoketexty.cz,cz,full
48186,netio.cz,cz,full
48538,mafra.cz,cz,full
48631,shoptet.cz,cz,full
48822,denikn.cz,cz,full
49160,benu.cz,cz,full
49182,ifortuna.cz,cz,full
49186,auto.cz,cz,full
49307,mpsv.cz,cz,full
49460,echo24.cz,cz,full
49531,bandzone.cz,cz,full
49817,knihydobrovsky.cz,cz,full
50348,parlamentnilisty.cz,cz,full
50580,drmax.cz,cz,full
50786,hokej.cz,cz,full
51287,cnb.cz,cz,full
51310,tojeono.cz,cz,full
51981,csas.cz,cz,full
52145,reflex.cz,cz,full
52427,motora.cz,cz,full
52472,edna.cz,cz,full
52490,showbiz.cz,cz,full
52513,cez.cz,cz,full
52904,hn.cz,cz,full
52907,sbazar.cz,cz,full
53034,lekarna.cz,cz,full
53358,blogspot.cz,cz,full
53556,nkp.cz,cz,full
54043,kaufland.cz,cz,full
54323,favi.cz,cz,full
54325,zombeek.cz,cz,full
54341,vas-hosting.cz,cz,full
54419,lide.cz,cz,full
54600,czu.cz,cz,full
54830,livebox.cz,cz,full
54971,hukot.cz,cz,full
55118,retrogames.cz,cz,full
57139,ic.cz,cz,full
57172,tul.cz,cz,full
57295,eint.cz,cz,full
57379,smarty.cz,cz,full
58335,invia.cz,cz,full
58951,cpost.cz,cz,full
59264,psp.cz,cz,full
59523,raby.cz,cz,full
59893,ppl.cz,cz,full
59906,jcu.cz,cz,full
59924,forum24.cz,cz,full
60250,chytapust.cz,cz,full
60264,dpp.cz,cz,full
60352,emimino.cz,cz,full
60422,vscht.cz,cz,full
60815,inara.cz,cz,full
60826,hasio.cz,cz,full
60864,netservis.cz,cz,full
60903,ahaonline.cz,cz,full
60980,garaz.cz,cz,full
61001,sazka.cz,cz,full
61200,zakonyprolidi.cz,cz,full
61228,stable.cz,cz,full
61315,unihost.cz,cz,full
61316,coi.cz,cz,full
61418,spa.cz,cz,full
61652,oneplay.cz,cz,full
62106,abclinuxu.cz,cz,full
62386,ucw.cz,cz,full
62820,tchibo.cz,cz,full
62861,avizo.cz,cz,full
62960,cuzk.cz,cz,full
63057,chance.cz,cz,full
63189,sweb.cz,cz,full
63415,akcniceny.cz,cz,full
63999,casablanca.cz,cz,full
64653,mvcr.cz,cz,full
64842,ambis.cz,cz,full
65126,prace.cz,cz,full
65377,meteocentrum.cz,cz,full
65414,eco-mx.cz,cz,full
65455,superzoo.cz,cz,full
65645,kinobox.cz,cz,full
65703,superhosting.cz,cz,full
65817,ostrava.cz,cz,full
65875,abzone.cz,cz,full
65922,fischer.cz,cz,full
66082,postaonline.cz,cz,full
66104,fotbal.cz,cz,full
66282,expres.cz,cz,full
66312,forbes.cz,cz,full
66347,mojedatovaschranka.cz,cz,full
66355,skibikecentrum.cz,cz,full
66407,zdopravy.cz,cz,full
66512,riomedia.cz,cz,full
66668,annonce.cz,cz,full
66833,poda.cz,cz,full
66916,ihned.cz,cz,full
66949,tenisportal.cz,cz,full
67276,obi.cz,cz,full
67278,hornbach.cz,cz,full
68391,praguemun.cz,cz,full
68438,planeo.cz,cz,full
68484,betano.cz,cz,full
68515,lovecpokladu.cz,cz,full
68544,patria.cz,cz,full
68549,penize.cz,cz,full
68674,vagonweb.cz,cz,full
68888,drevostavitel.cz,cz,full
68923,blog.cz,cz,full
69564,apetitonline.cz,cz,full
69734,eurofotbal.cz,cz,full
69804,astratex.cz,cz,full
69881,4fan.cz,cz,full
69910,mzk.cz,cz,full
70196,jenprace.cz,cz,full
70486,army.cz,cz,full
70718,altisport.cz,cz,full
71386,mp.cz,cz,full
71509,kafe.cz,cz,full
71956,8u.cz,cz,full
72190,odkarla.cz,cz,full
72490,marianne.cz,cz,full
72535,blue-style.cz,cz,full
72592,cetin.cz,cz,full
72744,drbna.cz,cz,full
72972,arecenze.cz,cz,full
73032,skyscanner.cz,cz,full
73528,4camping.cz,cz,full
73641,menicka.cz,cz,full
73659,autokelly.cz,cz,full
73902,aktin.cz,cz,full
74136,cedok.cz,cz,full
74269,meteopress.cz,cz,full
74319,rouming.cz,cz,full
74391,xchat.cz,cz,full
74629,viwefix.cz,cz,full
74899,nos-avg.cz,cz,full
75088,czso.cz,cz,full
75205,baumax.cz,cz,full
75480,cinemacity.cz,cz,full
75534,e-kondomy.cz,cz,full
75717,pocitacovapohotovost.cz,cz,full
75782,dotyk.cz,cz,full
75831,poznatsvet.cz,cz,full
75858,mountfield.cz,cz,full
75937,superapi.cz,cz,full
75944,lifee.cz,cz,full
76029,sa.cz,cz,full
76049,rieker-eshop.cz,cz,full
76594,eximtours.cz,cz,full
76718,dumazahrada.cz,cz,full
76745,dlouha-videa.cz,cz,full
76752,zivotvcesku.cz,cz,full
76822,ireceptar.cz,cz,full
77056,mzcr.cz,cz,full
77192,vlasta.cz,cz,full
77447,foreca.cz,cz,full
77475,im.cz,cz,full
77613,insportline.cz,cz,full
77630,fzu.cz,cz,full
77639,okoun.cz,cz,full
77875,eva.cz,cz,full
77989,cyklobazar.cz,cz,full
78370,nyx.cz,cz,full
78411,pornuj.cz,cz,full
78659,sconto.cz,cz,full
78839,lkq.cz,cz,full
78982,kb.cz,cz,full
79052,hitprace.cz,cz,full
79385,energozrouti.cz,cz,full
79426,hrad.cz,cz,full
79763,seznamka.cz,cz,full
79990,webhouse.cz,cz,full
80090,jysk.cz,cz,full
80176,jenporno.cz,cz,full
80307,inecnet.cz,cz,full
80397,najdislevu.cz,cz,full
81073,zakulisi.cz,cz,full
81303,1001hry.cz,cz,full
81508,sdilej.cz,cz,full
81550,grapesc.cz,cz,full
81616,infotbal.cz,cz,full
81627,gonet.cz,cz,full
81735,ceskyflorbal.cz,cz,full
81782,krizovkarsky-slovnik-online.cz,cz,full
81790,techlib.cz,cz,full
81883,rande.cz,cz,full
82443,tvguru.cz,cz,full
82501,autojournal.cz,cz,full
82555,mobilizujeme.cz,cz,full
82566,lelosi.cz,cz,full
82623,eflorbal.cz,cz,full
82636,divokekmeny.cz,cz,full
82985,seznam-autobusu.cz,cz,full
83031,aboutyou.cz,cz,full
83553,itesco.cz,cz,full
83584,bluetone.cz,cz,full
84072,nkz.cz,cz,full
84818,sznplayer.cz,cz,full
84965,howrse.cz,cz,full
85712,iboys.cz,cz,full
86033,feldhost.cz,cz,full
86664,ceskeduchody.cz,cz,full
86754,pirati.cz,cz,full
87034,vuch.cz,cz,full
87130,krizovky-slovnik.cz,cz,full
87133,cooky.cz,cz,full
87265,msmt.cz,cz,full
87468,rondo.cz,cz,full
87491,armadnizpravodaj.cz,cz,full
87687,iol.cz,cz,full
87894,im9.cz,cz,full
88562,hostime.cz,cz,full
88833,dobryprivat.cz,cz,full
89069,vyprodejpovleceni.cz,cz,full
89084,dupe.cz,cz,full
90355,tui.cz,cz,full
90483,cncenter.cz,cz,full
90754,luxor.cz,cz,full
90756,avonet.cz,cz,full
91198,tvojerande.cz,cz,full
91325,bvv.cz,cz,full
91470,elitedate.cz,cz,full
91622,yrno.cz,cz,full
91666,rohlik.cz,cz,full
91895,meteoradar.cz,cz,full
92444,ceskeholky.cz,cz,full
92745,erpid.cz,cz,full
93748,pecovatelska.cz,cz,full
94823,kondice.cz,cz,full
94944,osu.cz,cz,full
95133,gov.cz,cz,full
95670,lupa.cz,cz,full
95886,expats.cz,cz,full
95942,iprotebe.cz,cz,full
95960,pasas.cz,cz,full
95976,jobset.cz,cz,full
96753,viapraga.cz,cz,full
96865,onlinehosting.cz,cz,full
96996,iglanc.cz,cz,full
97066,balikovna.cz,cz,full
97415,unas.cz,cz,full
97884,cpex.cz,cz,full
97975,ujep.cz,cz,full
98066,w2hosting.cz,cz,full
98106,spokojenypes.cz,cz,full
98283,comgate.cz,cz,full
99102,mujrozhlas.cz,cz,full
99116,edrive.cz,cz,full
99469,soukop.cz,cz,full
99659,savana.cz,cz,full
99753,pneugumy.cz,cz,full
99772,onlineshop.cz,cz,full
100190,zserver.cz,cz,full
100227,serialzone.cz,cz,full
100647,ticketportal.cz,cz,full
101132,isna-mse.cz,cz,full
101417,fdb.cz,cz,full
101426,starnet.cz,cz,full
102600,rb.cz,cz,full
102778,brno.cz,cz,full
103190,tel.cz,cz,full
103583,in-lifestyle.cz,cz,full
104161,fcviktoria.cz,cz,full
104308,tmcz.cz,cz,full
104336,interpreti.cz,cz,full
104384,stahuj.cz,cz,full
104406,inpage.cz,cz,full
104723,seznamdiskuze.cz,cz,full
104976,jyxo.cz,cz,full
105339,cc.cz,cz,full
105546,onebid.cz,cz,full
105569,ruzovyslon.cz,cz,full
105745,knihobot.cz,cz,full
105909,sledovanitv.cz,cz,full
106705,ehub.cz,cz,full
107167,mostbet-online-login.cz,cz,full
107754,benet-mb.cz,cz,full
107882,gapagroup.cz,cz,full
108180,tjprelovice.cz,cz,full
108312,posters.cz,cz,full
108327,tyden.cz,cz,full
108579,vlada.cz,cz,full
108658,zbrane-vzduchovky.cz,cz,full
108671,nipez.cz,cz,full
109000,aaaauto.cz,cz,full
109024,eurogirlsescort.cz,cz,full
109755,g6.cz,cz,full
110180,atcomp.cz,cz,full
110185,upce.cz,cz,full
110347,jyxo-tls.cz,cz,full
110411,bonami.cz,cz,full
110488,default.cz,cz,full
110566,vpsfree.cz,cz,full
111528,filmnadvd.cz,cz,full
112099,hbet.cz,cz,full
113330,coolnet.cz,cz,full
113581,supraphonline.cz,cz,full
114388,ahosting.cz,cz,full
114675,bike-forum.cz,cz,full
115046,fortion.cz,cz,full
115570,vaschovatel.cz,cz,full
115800,smartemailing.cz,cz,full
116510,liberec.cz,cz,full
116786,vas-server.cz,cz,full
116833,11teamsports.cz,cz,full
117075,sslmarket.cz,cz,full
117354,nm.cz,cz,full
117456,horoskopy.cz,cz,full
117711,itself.cz,cz,full
118003,iinfo.cz,cz,full
118172,marionnaud.cz,cz,full
118651,adminit.cz,cz,full
118875,root.cz,cz,full
119405,mesec.cz,cz,full
119560,zonercloud.cz,cz,full
119866,archa.cz,cz,full
120203,hudy.cz,cz,full
120586,ha-vel.cz,cz,full
120591,miramo.cz,cz,full
120620,profiwh.cz,cz,full
121627,dm.cz,cz,full
122080,zoner-inshop.cz,cz,full
122417,kraxnet.cz,cz,full
123021,rossmann.cz,cz,full
123353,8a.cz,cz,full
123397,babinet.cz,cz,full
123819,comap.cz,cz,full
123938,ppgames.cz,cz,full
124215,respekt.cz,cz,full
124342,podnikatel.cz,cz,full
124503,easy-prace.cz,cz,full
124724,skrz.cz,cz,full
124908,diit.cz,cz,full
125102,foxentry.cz,cz,full
125146,smsticket.cz,cz,full
125225,bwy.cz,cz,full
125324,linux.cz,cz,full
125527,eurosignal.cz,cz,full
125602,euro.cz,cz,full
125943,manymanuals.cz,cz,full
126008,2n.cz,cz,full
126227,euweb.cz,cz,full
126784,nextra.cz,cz,full
126978,servis-domen.cz,cz,full
127179,mironet.cz,cz,full
127271,uplink.cz,cz,full
127325,emp-shop.cz,cz,full
128652,exohosting.cz,cz,full
128748,dracik.cz,cz,full
128792,bezrealitky.cz,cz,full
128921,webgarden.cz,cz,full
129132,ebola.cz,cz,full
129395,pilulka.cz,cz,full
129436,kvalitne.cz,cz,full
129690,narodni-divadlo.cz,cz,full
129706,shosting.cz,cz,full
130023,key4you.cz,cz,full
130024,atlas.cz,cz,full
130042,zoot.cz,cz,full
130114,nolog.cz,cz,full
130335,indian-tv.cz,cz,full
131067,knhbt.cz,cz,full
131368,avcr.cz,cz,full
131575,contactel.cz,cz,full
131919,finance.cz,cz,full
132220,hotely.cz,cz,full
132375,ticketmaster.cz,cz,full
132436,ceskereality.cz,cz,full
132724,depechemode.cz,cz,full
133028,megaubytko.cz,cz,full
133123,securitynet.cz,cz,full
133772,akcie.cz,cz,full
133894,siko.cz,cz,full
134503,hostingzdarma.cz,cz,full
135369,pisnicky-akordy.cz,cz,full
135526,chatujme.cz,cz,full
136168,czechcentres.cz,cz,full
136334,srovname.cz,cz,full
136750,wbs.cz,cz,full
136899,czechcollege.cz,cz,full
136944,xf.cz,cz,full
136959,pid.cz,cz,full
137366,hosting90.cz,cz,full
137628,tode.cz,cz,full
137935,gumokov.cz,cz,full
138086,airbnb.cz,cz,full
138242,xff.cz,cz,full
138375,neomezeny-hosting.cz,cz,full
138623,zajezdy.cz,cz,full
138742,webshare.cz,cz,full
138744,mx-hub.cz,cz,full
138849,martinus.cz,cz,full
138903,umimefakta.cz,cz,full
138957,tritius.cz,cz,full
138969,zalando-lounge.cz,cz,full
139825,hostingsolutions.cz,cz,full
139847,velkyzpevnik.cz,cz,full
140278,xxxlutz.cz,cz,full
140502,autoscout24.cz,cz,full
140783,pepe7.cz,cz,full
140968,sukl.cz,cz,full
141074,maxa.cz,cz,full
141515,theses.cz,cz,full
141521,mostbet-online-aplikace.cz,cz,full
141627,email.cz,cz,full
141773,vzp.cz,cz,full
142021,it4i.cz,cz,full
142167,co.cz,cz,full
142368,ji.cz,cz,full
142452,libimseti.cz,cz,full
143904,mlp.cz,cz,full
144063,hlidacstatu.cz,cz,full
144201,websnadno.cz,cz,full
144512,matejovsky-povleceni.cz,cz,full
144535,synottip.cz,cz,full
144574,kosmas.cz,cz,full
144835,trilogic.cz,cz,full
144917,polar.cz,cz,full
144927,fantasyplanet.cz,cz,full
144999,cro.cz,cz,full
145318,eobuv.cz,cz,full
145388,vol.cz,cz,full
145742,kvelektro.cz,cz,full
146257,cdt.cz,cz,full
146402,cbdb.cz,cz,full
146665,kosik.cz,cz,full
146723,tksternberk.cz,cz,full
147270,autorevue.cz,cz,full
147326,nlk.cz,cz,full
148064,inext.cz,cz,full
148080,mimibazar.cz,cz,full
148187,zatrolene-hry.cz,cz,full
149107,obce.cz,cz,full
149202,cars.cz,cz,full
149332,prestorestaurant.cz,cz,full
149355,zena-in.cz,cz,full
149415,svet-svitidel.cz,cz,full
149940,slunecnice.cz,cz,full
150238,bsshop.cz,cz,full
150595,mediatel.cz,cz,full
150652,nfx.cz,cz,full
150667,jaw.cz,cz,full
150707,uhk.cz,cz,full
150931,dc-monaco.cz,cz,full
151029,cah.cz,cz,full
151281,vidaxl.cz,cz,full
151458,gta-multiplayer.cz,cz,full
151514,turris.cz,cz,full
151516,musicrecords.cz,cz,full
151862,czc.cz,cz,full
152158,imatic.cz,cz,full
153391,bulls-bike.cz,cz,full
154005,autoesa.cz,cz,full
154124,ceskaposta.cz,cz,full
154217,mpo.cz,cz,full
154284,netforms.cz,cz,full
154356,moneta.cz,cz,full
154455,softech.cz,cz,full
154711,muziker.cz,cz,full
154865,zcom.cz,cz,full
155116,moviezone.cz,cz,full
155409,vkol.cz,cz,full
155487,rozhled.cz,cz,full
155855,csa.cz,cz,full
156172,autozive.cz,cz,full
156569,savvy.cz,cz,full
156776,cesky-hosting.cz,cz,full
156838,nej.cz,cz,full
156981,ifauna.cz,cz,full
157104,azorky.cz,cz,full
157625,zlatestranky.cz,cz,full
157776,ecn.cz,cz,full
157802,krytoland.cz,cz,full
158357,bauhaus.cz,cz,full
158372,allianz.cz,cz,full
158474,aliaweb.cz,cz,full
158931,charita.cz,cz,full
159133,endora.cz,cz,full
159461,foodora.cz,cz,full
159711,post.cz,cz,full
159716,gramodesky.cz,cz,full
160310,policie.cz,cz,full
160884,zoohit.cz,cz,full
160959,finex.cz,cz,full
160989,stoplusjednicka.cz,cz,full
161138,rockpoint.cz,cz,full
161206,zdravotnickydenik.cz,cz,full
161312,valka.cz,cz,full
161327,netcentrum.cz,cz,full
161363,reality.cz,cz,full
161464,adidas.cz,cz,full
161833,modelbazar.cz,cz,full
162259,autodoc.cz,cz,full
162881,fnhk.cz,cz,full
163083,pozary.cz,cz,full
163592,webz.cz,cz,full
163679,astro.cz,cz,full
163692,medvik.cz,cz,full
164397,zasilkovna.cz,cz,full
164590,itmix.cz,cz,full
164845,papilio.cz,cz,full
165041,mostbet-bonus-online.cz,cz,full
165257,vsfs.cz,cz,full
165421,chronomag.cz,cz,full
165755,mall.cz,cz,full
166030,brainmarket.cz,cz,full
166084,as4u.cz,cz,full
166301,postsignum.cz,cz,full
166446,superhry.cz,cz,full
166504,best-hosting.cz,cz,full
166802,pro-doma.cz,cz,full
167064,svetkreativity.cz,cz,full
167124,sportovnivozy.cz,cz,full
167360,jhmt.cz,cz,full
167727,autoforum.cz,cz,full
168141,hunting-shop.cz,cz,full
168429,vogue.cz,cz,full
168724,als.cz,cz,full
168771,hcsparta.cz,cz,full
169002,hdinternet.cz,cz,full
169150,clovekvtisni.cz,cz,full
169179,vivantis.cz,cz,full
169292,trhknih.cz,cz,full
169377,mrk.cz,cz,full
169704,kama.cz,cz,full
169791,embedit.cz,cz,full
169870,hcdukla.cz,cz,full
169966,boldem.cz,cz,full
170361,kiss.cz,cz,full
170438,colours.cz,cz,full
170457,golfiq.cz,cz,full
170523,fakturoid.cz,cz,full
170879,cesky-tenis.cz,cz,full
171085,anareus.cz,cz,full
171485,kupkolo.cz,cz,full
171586,uzis.cz,cz,full
171742,tetadrogerie.cz,cz,full
171948,domyuhajku.cz,cz,full
172629,spravams.cz,cz,full
172837,fajn-brigady.cz,cz,full
173365,redsix.cz,cz,full
173458,3dmamablog.cz,cz,full
174274,o-seznam.cz,cz,full
174865,smarthosting.cz,cz,full
175014,uschovna.cz,cz,full
175116,vareni.cz,cz,full
175799,cyberhost.cz,cz,full
176110,vyhraj.cz,cz,full
176218,kr-vysocina.cz,cz,full
176377,obalkyknih.cz,cz,full
177189,npu.cz,cz,full
177327,exisport.cz,cz,full
177466,muninet.cz,cz,full
177865,hecht.cz,cz,full
178019,mtbiker.cz,cz,full
178055,cinestar.cz,cz,full
178434,hotel.cz,cz,full
178528,brumla.cz,cz,full
178584,merkurxtip.cz,cz,full
178590,sledujteto.cz,cz,full
178623,nejlevnejsi-knihy.cz,cz,full
178810,aspi.cz,cz,full
178936,unihobby.cz,cz,full
179258,xsc.cz,cz,full
179363,xzone.cz,cz,full
179578,rostlinna-akvaria.cz,cz,full
179691,szu.cz,cz,full
179822,edera.cz,cz,full
179828,mzp.cz,cz,full
180741,mcdonalds.cz,cz,full
180771,vyhledatcislo.cz,cz,full
180977,rajveteranu.cz,cz,full
181215,thomann.cz,cz,full
181266,ngprague.cz,cz,full
181336,inetadmin.cz,cz,full
181399,czporadna.cz,cz,full
181599,homecredit.cz,cz,full
181748,idealnihosting.cz,cz,full
181813,navitel.cz,cz,full
181864,stoklasa.cz,cz,full
181963,abf.cz,cz,full
182354,mojekolo.cz,cz,full
182831,meteobox.cz,cz,full
183017,airsoftpro.cz,cz,full
183130,virtis.cz,cz,full
183178,top4running.cz,cz,full
183420,mostbet-kasino.cz,cz,full
183462,modelari-tocna.cz,cz,full
183622,dtest.cz,cz,full
183730,hc-vsetin.cz,cz,full
183860,sinus.cz,cz,full
184032,airbank.cz,cz,full
184089,metro.cz,cz,full
184279,dyson.cz,cz,full
184583,landigo.cz,cz,full
184608,krimi-plzen.cz,cz,full
184651,senat.cz,cz,full
185087,tsbohemia.cz,cz,full
185200,gts.cz,cz,full
185486,asko-nabytek.cz,cz,full
185527,luckybet.cz,cz,full
185791,mujweb.cz,cz,full
185897,aspone.cz,cz,full
186249,55p.cz,cz,full
186502,hodinky-365.cz,cz,full
186888,geology.cz,cz,full
187155,mdcr.cz,cz,full
187306,databaze-her.cz,cz,full
187384,zoopraha.cz,cz,full
187715,palmknihy.cz,cz,full
187893,autokseft.cz,cz,full
187989,sportano.cz,cz,full
188325,kingsbet.cz,cz,full
188556,xdent.cz,cz,full
188601,stormm.cz,cz,full
188686,ebrana.cz,cz,full
189085,881.cz,cz,full
189173,twinstar.cz,cz,full
189330,motozem.cz,cz,full
189522,aivision.cz,cz,full
189588,koloshop.cz,cz,full
189642,esports.cz,cz,full
189908,refresher.cz,cz,full
189929,huskycz.cz,cz,full
189973,uax.cz,cz,full
189981,tzb-info.cz,cz,full
190302,vlmedia.cz,cz,full
190453,ceskeporno.cz,cz,full
191323,bonprix.cz,cz,full
191324,igloonet.cz,cz,full
192034,eon.cz,cz,full
192139,kvety.cz,cz,full
192235,jamu.cz,cz,full
192405,blisty.cz,cz,full
192499,answear.cz,cz,full
192502,finmag.cz,cz,full
193192,knihovna.cz,cz,full
193491,mujdumkrokzakrokem.cz,cz,full
194196,avenberg.cz,cz,full
194642,planes.cz,cz,full
194707,moebelix.cz,cz,full
194822,bezkempu.cz,cz,full
195324,zahradnictvi-spomysl.cz,cz,full
195395,vseprokolo.cz,cz,full
195705,webarchiv.cz,cz,full
196510,mastersofrock.cz,cz,full
196570,aceit.cz,cz,full
196785,ceskyorientak.cz,cz,full
196997,profesia.cz,cz,full
197153,borec.cz,cz,full
197668,agriculturejournals.cz,cz,full
197803,brnoid.cz,cz,full
197819,365internet.cz,cz,full
197949,cadforum.cz,cz,full
198145,tank-ono.cz,cz,full
198262,hudebnibazar.cz,cz,full
198539,skoda-dily.cz,cz,full
198591,parys.cz,cz,full
199057,erikafashion.cz,cz,full
199222,mkluzkoviny.cz,cz,full
199349,sportvision.cz,cz,full
199503,hdc1.cz,cz,full
199699,inetprint.cz,cz,full
199904,oriondomacipotreby.cz,cz,full
200043,vaprio.cz,cz,full
200795,mzf.cz,cz,full
200797,cbvk.cz,cz,full
201288,babyonline.cz,cz,full
201508,overclocking.cz,cz,full
201518,megapixel.cz,cz,full
202089,modaprostejov.cz,cz,full
202152,bergfex.cz,cz,full
202405,darkelf.cz,cz,full
202649,blancheporte.cz,cz,full
203006,navylet.cz,cz,full
203092,mojebanka.cz,cz,full
203134,koop.cz,cz,full
203154,play.cz,cz,full
203588,pneumatiky.cz,cz,full
203619,kvkli.cz,cz,full
203981,homebydleni.cz,cz,full
203993,aerohosting.cz,cz,full
204278,mediar.cz,cz,full
204532,profitux.cz,cz,full
204609,eshop-rychle.cz,cz,full
204923,ceskekormidlo.cz,cz,full
205572,skaut.cz,cz,full
206045,tetanet.cz,cz,full
206728,ttnet.cz,cz,full
207056,pepco.cz,cz,full
207224,winet.cz,cz,full
207458,travelking.cz,cz,full
207740,driveto.cz,cz,full
207752,pre.cz,cz,full
207957,davidsport.cz,cz,full
208532,nobilis.cz,cz,full
208713,kilpi.cz,cz,full
208765,rvp.cz,cz,full
208974,footshop.cz,cz,full
209120,gmoto.cz,cz,full
209443,flexdog.cz,cz,full
209764,serialyzadara.cz,cz,full
209861,bakalari.cz,cz,full
209873,jewishmuseum.cz,cz,full
210315,rete.cz,cz,full
211383,zivefirmy.cz,cz,full
211399,freelancer.cz,cz,full
211842,impuls.cz,cz,full
212082,inwork.cz,cz,full
212685,lustit.cz,cz,full
213018,mostbet-online-casino.cz,cz,full
213780,autoskola-testy.cz,cz,full
214068,bsstyl.cz,cz,full
214568,dodiri.cz,cz,full
214641,e-quip.cz,cz,full
214797,epartners.cz,cz,full
215579,jabkolevne.cz,cz,full
215588,jahodarnabrozany.cz,cz,full
216362,mileneckaseznamka.cz,cz,full
216414,mobilnicygnus.cz,cz,full
217042,pinaylulu.cz,cz,full
217457,roumenovomaso.cz,cz,full
217658,sexxseznamka.cz,cz,full
218492,vikendovepeceni.cz,cz,full
219073,darujme.cz,cz,full
219744,mbenzin.cz,cz,full
220168,umimematiku.cz,cz,full
220632,hdc2.cz,cz,full
221579,vwfs.cz,cz,full
221613,fitnessmix.cz,cz,full
221626,albert.cz,cz,full
221962,sazkafts.cz,cz,full
222285,unob.cz,cz,full
222869,1url.cz,cz,full
222997,turistika.cz,cz,full
223548,cyklodiskont.cz,cz,full
224079,donio.cz,cz,full
224188,profimedia.cz,cz,full
224612,dama.cz,cz,full
225312,dashofer.cz,cz,full
225564,aira.cz,cz,full
225637,piratichomutov.cz,cz,full
225844,sportovna.cz,cz,full
226338,pixers.cz,cz,full
226392,redonbet.cz,cz,full
226520,hkregion.cz,cz,full
226684,pesweb.cz,cz,full
226783,advisio.cz,cz,full
226806,biolib.cz,cz,full
227105,sattnet.cz,cz,full
227113,komik.cz,cz,full
227185,hknet.cz,cz,full
227798,hokejbenatky.cz,cz,full
227959,ttc.cz,cz,full
228055,joweb.cz,cz,full
228173,relaxhosting.cz,cz,full
228507,businessinfo.cz,cz,full
229005,faster.cz,cz,full
229135,wia.cz,cz,full
229357,helveti.cz,cz,full
229460,islogin.cz,cz,full
229483,dragon.cz,cz,full
229495,karneval.cz,cz,full
229847,info.cz,cz,full
229956,tourism.cz,cz,full
229987,modelforum.cz,cz,full
230492,archiweb.cz,cz,full
230684,satoya.cz,cz,full
231135,edb.cz,cz,full
231486,mbank.cz,cz,full
231572,pshk.cz,cz,full
232457,wuerth.cz,cz,full
232942,levne-lyze.cz,cz,full
233142,webareal.cz,cz,full
234261,fotoskoda.cz,cz,full
234277,bezvapostele.cz,cz,full
234526,veletrhyavystavy.cz,cz,full
234627,packu.cz,cz,full
234928,airsofthouse.cz,cz,full
234991,obecpodoli.cz,cz,full
235110,netserv.cz,cz,full
236307,svetandroida.cz,cz,full
236469,volby.cz,cz,full
236537,stdout.cz,cz,full
236633,albatrosmedia.cz,cz,full
236833,ctk.cz,cz,full
237224,karlovyvary.cz,cz,full
237698,funsite.cz,cz,full
237831,eurozpravy.cz,cz,full
238453,cnews.cz,cz,full
238867,monix.cz,cz,full
239229,dobre-knihy.cz,cz,full
239320,dkm.cz,cz,full
239337,liberecky-kraj.cz,cz,full
239369,vaclavhavel.cz,cz,full
239385,restorio.cz,cz,full
239499,kili.cz,cz,full
239608,autosystem.cz,cz,full
239650,sephora.cz,cz,full
239670,slavia.cz,cz,full
239796,nicheparfum.cz,cz,full
240319,ntm.cz,cz,full
240320,abz.cz,cz,full
240467,dacc.cz,cz,full
240511,ski-max.cz,cz,full
240776,enbook.cz,cz,full
240971,poradte.cz,cz,full
241134,aci.cz,cz,full
241819,ekolist.cz,cz,full
242095,nasregion.cz,cz,full
242142,yauto.cz,cz,full
242439,hokejprerov.cz,cz,full
242509,kola-radotin.cz,cz,full
244066,harpersbazaar.cz,cz,full
244334,jtx.cz,cz,full
245783,vasky.cz,cz,full
246744,sysmex.cz,cz,full
246915,radia.cz,cz,full
246933,wrobuv.cz,cz,full
247044,rebootbox.cz,cz,full
248254,jfcomp.cz,cz,full
248612,sluzby.cz,cz,full
248679,machinerypark.cz,cz,full
248939,kr-ustecky.cz,cz,full
249318,lbox.cz,cz,full
249620,kytary.cz,cz,full
250033,sparta.cz,cz,full
250071,studentskaagora.cz,cz,full
250131,brutalassault.cz,cz,full
250269,domenovacentrala.cz,cz,full
250906,mediaguru.cz,cz,full
251193,odevzdej.cz,cz,full
252121,osobnosti.cz,cz,full
252184,zlin.cz,cz,full
252269,financnisprava.cz,cz,full
252319,najdise.cz,cz,full
252438,beck-online.cz,cz,full
252642,fruugo.cz,cz,full
252683,emailprofi.cz,cz,full
253401,eagri.cz,cz,full
253436,sbd-tr.cz,cz,full
253607,skolaonline.cz,cz,full
253802,kelocnet.cz,cz,full
253977,sms.cz,cz,full
254014,vig.cz,cz,full
254470,vitalia.cz,cz,full
254653,nhl.cz,cz,full
254930,betarena.cz,cz,full
254976,cyklo-vondracek.cz,cz,full
255088,albi.cz,cz,full
255089,studyin.cz,cz,full
255093,bcom.cz,cz,full
255421,kovintrade.cz,cz,full
255575,modio.cz,cz,full
257690,getsport.cz,cz,full
257750,id-eco.cz,cz,full
258012,hzscr.cz,cz,full
258717,freshlabels.cz,cz,full
258806,diadema.cz,cz,full
258898,cybersales.cz,cz,full
258988,orea.cz,cz,full
259426,hc-havirov.cz,cz,full
259435,gc-system.cz,cz,full
259774,mmr.cz,cz,full
259818,420on.cz,cz,full
259835,nhlmagazin.cz,cz,full
260039,domovinka.cz,cz,full
260219,helpforenglish.cz,cz,full
260228,amayi.cz,cz,full
260539,pse.cz,cz,full
260878,ambi.cz,cz,full
261003,mfkfm.cz,cz,full
261139,student-eshop.cz,cz,full
261155,rogelli.cz,cz,full
261162,csko.cz,cz,full
261303,ventilatory.cz,cz,full
261546,imao.cz,cz,full
261731,eurofrance.cz,cz,full
261867,odpovedi.cz,cz,full
262258,filmovamista.cz,cz,full
262371,fnbrno.cz,cz,full
262386,autickar.cz,cz,full
262622,euc.cz,cz,full
262735,ten.cz,cz,full
264384,rmcl.cz,cz,full
264415,roznovan.cz,cz,full
265406,financnipatron.cz,cz,full
265828,ceskyhokej.cz,cz,full
265892,nature.cz,cz,full
266024,novazelenausporam.cz,cz,full
266189,praha.cz,cz,full
266387,skylink.cz,cz,full
266717,idea-nabytek.cz,cz,full
267081,pottenpannen.cz,cz,full
267399,cap-net.cz,cz,full
267414,generaliceska.cz,cz,full
267425,grada.cz,cz,full
267440,waifu.cz,cz,full
267488,webx.cz,cz,full
267539,hcf-m.cz,cz,full
267580,svetluska.cz,cz,full
267634,gotobrno.cz,cz,full
267675,cerge-ei.cz,cz,full
267997,vlp.cz,cz,full
268688,svitsol.cz,cz,full
268809,hyperinzerce.cz,cz,full
268810,miniserver.cz,cz,full
268905,npx.cz,cz,full
268914,smartform.cz,cz,full
269450,internet1.cz,cz,full
269626,scostry.cz,cz,full
269654,bfp.cz,cz,full
269946,ohremedia.cz,cz,full
270020,recepty.cz,cz,full
270022,denikalarm.cz,cz,full
270391,film-game.cz,cz,full
270635,systemonline.cz,cz,full
270721,jidelniplan.cz,cz,full
270880,man-hestigroup.cz,cz,full
270954,ipex.cz,cz,full
271126,vsechnonamobil.cz,cz,full
271192,harfanet.cz,cz,full
271354,douglas.cz,cz,full
271422,meritnet.cz,cz,full
271643,ceskehory.cz,cz,full
271785,albrechtice-nad-orlici.cz,cz,full
271826,portalridice.cz,cz,full
272310,cermat.cz,cz,full
272467,ci.cz,cz,full
273057,brastav.cz,cz,full
273127,mmdecin.cz,cz,full
273409,jzstudio.cz,cz,full
274621,uradprace.cz,cz,full
275003,cps.cz,cz,full
275103,coprosys.cz,cz,full
276129,unicreditbank.cz,cz,full
277186,ewind.cz,cz,full
277200,leris.cz,cz,full
277322,crossclub.cz,cz,full
277324,o2-tv.cz,cz,full
277478,proweb.cz,cz,full
277515,atletika.cz,cz,full
277705,nn.cz,cz,full
277831,spravazeleznic.cz,cz,full
277886,autohled.cz,cz,full
278009,ote-cr.cz,cz,full
278065,epravo.cz,cz,full
278502,sazovice.cz,cz,full
278834,cdi.cz,cz,full
279010,jablickar.cz,cz,full
279656,uh.cz,cz,full
280143,jmnet.cz,cz,full
280209,webtrh.cz,cz,full
280243,ozp.cz,cz,full
280819,internetserver.cz,cz,full
280873,gastro-sobeslav.cz,cz,full
281052,trackad.cz,cz,full
281293,sedesatka.cz,cz,full
281672,primainspirace.cz,cz,full
282078,pametnaroda.cz,cz,full
282612,soalitomerice.cz,cz,full
282674,cekit.cz,cz,full
282710,vfu.cz,cz,full
282731,powerbridge.cz,cz,full
282781,nzip.cz,cz,full
282807,peebo.cz,cz,full
282919,fcslovanliberec.cz,cz,full
283130,webpark.cz,cz,full
283168,sic.cz,cz,full
283209,automobilovedily24.cz,cz,full
283379,net-art.cz,cz,full
283579,wm.cz,cz,full
284090,esvit.cz,cz,full
284352,sportsoft.cz,cz,full
284492,argos.cz,cz,full
285122,eliskavaea.cz,cz,full
285572,wikisofia.cz,cz,full
285787,nixski.cz,cz,full
285819,hptronic.cz,cz,full
285913,moravskereality.cz,cz,full
286296,kosmonautix.cz,cz,full
286635,jihlava.cz,cz,full
286788,inekooptik.cz,cz,full
286829,zpmvcr.cz,cz,full
286949,omlazeni.cz,cz,full
287073,autodoplnky.cz,cz,full
287153,ceskestavby.cz,cz,full
287198,reptarium.cz,cz,full
287553,i60.cz,cz,full
288407,cpzp.cz,cz,full
289170,nd-skoda-volkswagen.cz,cz,full
289486,innogy.cz,cz,full
290408,adminator.cz,cz,full
290623,familydogs.cz,cz,full
290676,osel.cz,cz,full
290692,brancik.cz,cz,full
290784,parfemy-elnino.cz,cz,full
291766,uniqa.cz,cz,full
292186,tvtrinec.cz,cz,full
292187,czechdesign.cz,cz,full
292531,evropskyspotrebitel.cz,cz,full
292576,jobswype.cz,cz,full
292590,tourismato.cz,cz,full
292767,ekofarmarohoznice.cz,cz,full
292844,dnsking.cz,cz,full
293460,automoto-eshop.cz,cz,full
293629,gtt-net.cz,cz,full
294204,feaven.cz,cz,full
294254,4home.cz,cz,full
294407,crs-net.cz,cz,full
294507,geopivko.cz,cz,full
294752,praguemorning.cz,cz,full
294799,ronnie.cz,cz,full
294814,weatheronline.cz,cz,full
294893,tntech.cz,cz,full
294947,cybersecurity-help.cz,cz,full
295376,msk.cz,cz,full
295661,tlapnet.cz,cz,full
295910,picasee.cz,cz,full
296252,fotbalunas.cz,cz,full
296297,zaletsi.cz,cz,full
296357,alkohol.cz,cz,full
296886,env.cz,cz,full
297115,sexshop.cz,cz,full
297472,amu.cz,cz,full
297480,micro-semiconductor.cz,cz,full
297777,atlasformen.cz,cz,full
298127,kavarnynazivo.cz,cz,full
298366,goodtime.cz,cz,full
298860,kjm.cz,cz,full
298902,regiojet.cz,cz,full
299026,eunet.cz,cz,full
299061,9e.cz,cz,full
299076,burdadigital.cz,cz,full
299297,airport-ostrava.cz,cz,full
299494,strava.cz,cz,full
299716,pc-help.cz,cz,full
300050,mysteria.cz,cz,full
300489,vnet.cz,cz,full
300576,frekvence1.cz,cz,full
301734,kaloricketabulky.cz,cz,full
301767,vdv.cz,cz,full
301921,lingea.cz,cz,full
302056,chip.cz,cz,full
302120,humboldtec.cz,cz,full
302574,izomat.cz,cz,full
302646,zlatovna.cz,cz,full
303205,superzajezdy.cz,cz,full
303561,newstream.cz,cz,full
303585,oblast.cz,cz,full
303903,obec-petrovice.cz,cz,full
304065,alpinepro.cz,cz,full
304081,wgz.cz,cz,full
304193,rpclinic.cz,cz,full
304207,autohotarek.cz,cz,full
304385,uvn.cz,cz,full
304398,prahain.cz,cz,full
304424,we.cz,cz,full
304716,lcms.cz,cz,full
304722,smartmania.cz,cz,full
304766,diton.cz,cz,full
304789,cesomot.cz,cz,full
304834,flowee.cz,cz,full
305215,svet-stranek.cz,cz,full
305984,czechmat.cz,cz,full
306034,skauting.cz,cz,full
306163,fnol.cz,cz,full
306229,c-budejovice.cz,cz,full
306397,jicinet.cz,cz,full
306425,t4s.cz,cz,full
306510,4fitness.cz,cz,full
306632,cirkev.cz,cz,full
306799,fxstreet.cz,cz,full
307112,shop-mania.cz,cz,full
307114,janceskalkova.cz,cz,full
307326,czub.cz,cz,full
307554,volnamista.cz,cz,full
307707,metalshop.cz,cz,full
307770,econea.cz,cz,full
308648,ulekare.cz,cz,full
308656,fcostry.cz,cz,full
308879,maminka.cz,cz,full
309056,romea.cz,cz,full
309409,prohosting.cz,cz,full
309422,insd.cz,cz,full
309571,tenislive.cz,cz,full
310364,philips.cz,cz,full
310435,onehotbook.cz,cz,full
310466,ulozto.cz,cz,full
310469,realitymix.cz,cz,full
310615,topweby.cz,cz,full
310789,sport4people.cz,cz,full
312040,partsdepot.cz,cz,full
312052,cenia.cz,cz,full
312126,skvelynet.cz,cz,full
312414,klimatizace-autoklimatizace.cz,cz,full
312469,automeisner.cz,cz,full
313538,holocaust.cz,cz,full
313698,areal-palmira.cz,cz,full
313737,dotekomanie.cz,cz,full
313989,usoud.cz,cz,full
314050,mssf.cz,cz,full
314092,haberkorn.cz,cz,full
314233,alik.cz,cz,full
314418,mustangforum.cz,cz,full
314772,fcrtech.cz,cz,full
315118,a-zavlaha.cz,cz,full
315334,cdis.cz,cz,full
315601,dpmp.cz,cz,full
315885,nationalgeographic.cz,cz,full
316139,pompo.cz,cz,full
316459,vyletnik.cz,cz,full
316465,axa-assistance.cz,cz,full
316814,mkcr.cz,cz,full
316821,makro.cz,cz,full
317051,hw.cz,cz,full
317181,ekonomickydenik.cz,cz,full
317302,advnet.cz,cz,full
317582,vpnhosting.cz,cz,full
317682,sunnysoft.cz,cz,full
317701,svetbot.cz,cz,full
317875,growmarket.cz,cz,full
317922,affilbox.cz,cz,full
318213,skodahome.cz,cz,full
318237,kraj-lbc.cz,cz,full
319102,glara.cz,cz,full
319397,grapemedia.cz,cz,full
319534,fnmotol.cz,cz,full
319617,idatabaze.cz,cz,full
319643,naucmese.cz,cz,full
319667,supermusic.cz,cz,full
319910,casinoadmiral.cz,cz,full
320107,peddy.cz,cz,full
320509,vhodne-uverejneni.cz,cz,full
320829,gourmetkava.cz,cz,full
320869,ekonom.cz,cz,full
321106,sumavanet.cz,cz,full
321268,upcbroadband.cz,cz,full
321412,officemap.cz,cz,full
321780,freepage.cz,cz,full
321807,denikreferendum.cz,cz,full
321945,modivo.cz,cz,full
321987,conrad.cz,cz,full
322152,hbnet.cz,cz,full
322341,hotdiamonds.cz,cz,full
322684,elektrika.cz,cz,full
322910,dermacol.cz,cz,full
323116,malvik.cz,cz,full
323149,csobpoj.cz,cz,full
323159,mikrosluchatko-cena.cz,cz,full
323231,pfn.cz,cz,full
323245,sapeli.cz,cz,full
323278,skladejpuzzle.cz,cz,full
323455,pravednes.cz,cz,full
323487,agel.cz,cz,full
323589,melodiecb.cz,cz,full
323735,eabm.cz,cz,full
323938,dzs.cz,cz,full
324097,karvinavsemideseti.cz,cz,full
324210,nona-centrum.cz,cz,full
324524,toyota.cz,cz,full
324686,mmreality.cz,cz,full
324781,topprosteradla.cz,cz,full
325165,casamia.cz,cz,full
325215,hosting88.cz,cz,full
325646,tacr.cz,cz,full
326014,keramikasoukup.cz,cz,full
326276,meisterdrucke.cz,cz,full
326278,previo.cz,cz,full
326439,mailocator.cz,cz,full
326461,nejremeslnici.cz,cz,full
326546,ckrumlov.cz,cz,full
326749,atmoskop.cz,cz,full
326885,svkkl.cz,cz,full
326963,bourky.cz,cz,full
327046,restauracezenklovka.cz,cz,full
327157,czech.cz,cz,full
327220,omegaplus.cz,cz,full
327563,suas.cz,cz,full
327879,sien.cz,cz,full
327916,mijanet.cz,cz,full
328069,tezkavaha.cz,cz,full
328136,levnelyze.cz,cz,full
328728,ruik.cz,cz,full
328831,mlab.cz,cz,full
328860,balistas.cz,cz,full
330477,sellpy.cz,cz,full
330583,rzp.cz,cz,full
330702,brmlab.cz,cz,full
330950,centrumprovsechny.cz,cz,full
331064,sony.cz,cz,full
331109,smenar.cz,cz,full
331177,ereality.cz,cz,full
331210,vfn.cz,cz,full
331829,ubytovanivchorvatsku.cz,cz,full
332081,maxtel.cz,cz,full
332091,studentagency.cz,cz,full
332120,zivothvezdy.cz,cz,full
332134,sapro.cz,cz,full
332370,openservis.cz,cz,full
332811,iurium.cz,cz,full
332896,tcservis.cz,cz,full
332997,evropa2.cz,cz,full
333078,pctuning.cz,cz,full
333103,evangnet.cz,cz,full
333203,eco-files.cz,cz,full
334233,izolacniskla.cz,cz,full
334631,globus.cz,cz,full
335150,autoweb.cz,cz,full
335569,ticketstream.cz,cz,full
335718,queens.cz,cz,full
335905,uvolnenyporod.cz,cz,full
336285,aplausin.cz,cz,full
336329,prolekare.cz,cz,full
336394,znamylekar.cz,cz,full
336521,quick.cz,cz,full
337031,almightyguru.cz,cz,full
337247,prazdroj.cz,cz,full
337438,imago.cz,cz,full
337454,global-wines.cz,cz,full
337842,etapa.cz,cz,full
337917,remax-czech.cz,cz,full
338030,investicniweb.cz,cz,full
338227,aquapalace.cz,cz,full
338273,parfemy.cz,cz,full
338540,ehosting.cz,cz,full
338619,elle.cz,cz,full
338640,itislove.cz,cz,full
339032,konverzky.cz,cz,full
339189,pop.cz,cz,full
339450,autodily-pema.cz,cz,full
339718,outfit4events.cz,cz,full
340426,nfa.cz,cz,full
340461,musicserver.cz,cz,full
340557,tipli.cz,cz,full
340585,solnet.cz,cz,full
340590,pelikan.cz,cz,full
341897,grizly.cz,cz,full
342076,crew.cz,cz,full
342150,e-sipky.cz,cz,full
342458,cak.cz,cz,full
342460,hcmotor.cz,cz,full
342492,realhit.cz,cz,full
342551,dobraprace.cz,cz,full
342727,svetzeny.cz,cz,full
342911,kinosvet.cz,cz,full
343161,ceska-justice.cz,cz,full
343329,satthosting.cz,cz,full
343526,tripadvisor.cz,cz,full
344051,vychytane.cz,cz,full
344173,pes.cz,cz,full
344303,axaleto.cz,cz,full
345081,coraabopedia.cz,cz,full
345353,mediset.cz,cz,full
345575,oleje.cz,cz,full
346160,komora.cz,cz,full
346272,qcm.cz,cz,full
346531,warcenter.cz,cz,full
346674,starlab.cz,cz,full
346798,hotele.cz,cz,full
347018,ipnet.cz,cz,full
347099,mikrovahy.cz,cz,full
347232,martessport.cz,cz,full
347678,xsd.cz,cz,full
347836,xart.cz,cz,full
348107,fotopatracka.cz,cz,full
348232,nihongo.cz,cz,full
348325,slepicar.cz,cz,full
348373,profisolution.cz,cz,full
349117,cvf.cz,cz,full
349447,goldea.cz,cz,full
350362,pekra.cz,cz,full
350762,dolnimorava.cz,cz,full
351076,megabooks.cz,cz,full
351153,equiservis.cz,cz,full
351524,glamot.cz,cz,full
351717,vscl.cz,cz,full
351752,outdoorkwak.cz,cz,full
351856,webstep.cz,cz,full
351961,issa.cz,cz,full
352097,ecomailapp.cz,cz,full
352401,magichouse.cz,cz,full
352525,mobilenet.cz,cz,full
352640,edalnice.cz,cz,full
352745,naspani.cz,cz,full
352823,pneuboss.cz,cz,full
353177,vstecb.cz,cz,full
353215,praguebest.cz,cz,full
353337,kvalitnislunecniky.cz,cz,full
353761,sgarden.cz,cz,full
354419,svscr.cz,cz,full
354420,bscom.cz,cz,full
354902,mvso.cz,cz,full
354967,superparking.cz,cz,full
355507,armik.cz,cz,full
355654,kinomaniak.cz,cz,full
355884,bambule.cz,cz,full
355912,xweb.cz,cz,full
356242,strobl.cz,cz,full
356289,fno.cz,cz,full
356434,hrady.cz,cz,full
356491,zonky.cz,cz,full
356686,don.cz,cz,full
356935,9turbo9.cz,cz,full
356985,chrono24.cz,cz,full
357028,alpiro.cz,cz,full
357036,upv.cz,cz,full
357184,safaripark.cz,cz,full
357756,sportega.cz,cz,full
357858,unicprum.cz,cz,full
358009,npsumava.cz,cz,full
358076,graintech.cz,cz,full
358209,fastportnet.cz,cz,full
358263,logout.cz,cz,full
358322,junior.cz,cz,full
358462,marys.cz,cz,full
358481,netbox.cz,cz,full
358881,arome.cz,cz,full
358959,takoy.cz,cz,full
358969,manualypdf.cz,cz,full
359242,cnw.cz,cz,full
359277,gringo.cz,cz,full
359324,timepro.cz,cz,full
359568,neckermann-online.cz,cz,full
359738,arbitration.cz,cz,full
359743,kinotip2.cz,cz,full
359917,youtube.cz,cz,full
359989,gopay.cz,cz,full
360026,nwt.cz,cz,full
360405,cloudevelops.cz,cz,full
360498,air24.cz,cz,full
360515,ndbrno.cz,cz,full
360716,hadex.cz,cz,full
360860,arakis.cz,cz,full
361022,chytrazena.cz,cz,full
361046,selfnet.cz,cz,full
361414,muj-antikvariat.cz,cz,full
361652,postavy.cz,cz,full
361861,filmozrout.cz,cz,full
362292,internetpb.cz,cz,full
362341,elancar.cz,cz,full
362356,eberry.cz,cz,full
362371,sextime.cz,cz,full
363012,umimecesky.cz,cz,full
363197,rsd.cz,cz,full
363737,rps.cz,cz,full
363975,ireport.cz,cz,full
364040,vira.cz,cz,full
364142,alena-home.cz,cz,full
364230,mpm-reklama.cz,cz,full
364855,skibi.cz,cz,full
364944,kompasslev.cz,cz,full
365124,nejbaby.cz,cz,full
365227,dabingforum.cz,cz,full
365421,blackcomb.cz,cz,full
365613,potravinynapranyri.cz,cz,full
365623,zelpage.cz,cz,full
365834,hrot24.cz,cz,full
365927,youradio.cz,cz,full
366146,knihovny.cz,cz,full
366416,m-zone.cz,cz,full
366417,lentiamo.cz,cz,full
366466,ab-net.cz,cz,full
366518,chanceliga.cz,cz,full
366760,sanitino.cz,cz,full
367038,alpha-analytics.cz,cz,full
367279,oenergetice.cz,cz,full
367299,wikyhracky.cz,cz,full
367301,muzikus.cz,cz,full
367500,sexy-spodni-pradlo.cz,cz,full
367877,wmhelp.cz,cz,full
368019,sparkys.cz,cz,full
368187,eurobydleni.cz,cz,full
368966,libristo.cz,cz,full
369008,telly.cz,cz,full
369040,infinite-electronics.cz,cz,full
369098,booked.cz,cz,full
369113,kom.cz,cz,full
369362,axit.cz,cz,full
369467,thestreets.cz,cz,full
369493,chicken-road-game.cz,cz,full
369867,barvyprofesional.cz,cz,full
369887,zlweb.cz,cz,full
369929,caa.cz,cz,full
370107,realitycechy.cz,cz,full
370294,kraj-jihocesky.cz,cz,full
370653,navolnenoze.cz,cz,full
370871,autodilybenet.cz,cz,full
371021,nextis.cz,cz,full
371088,bandingklub.cz,cz,full
371150,prahanadlani.cz,cz,full
371197,subreg.cz,cz,full
371437,parabola.cz,cz,full
371460,tefal.cz,cz,full
371524,armymarket.cz,cz,full
371545,nejzlato.cz,cz,full
371994,modrykonik.cz,cz,full
372170,sfzp.cz,cz,full
372618,dotykacka.cz,cz,full
372738,historickasidla.cz,cz,full
372964,acomputer.cz,cz,full
373374,zamecke-navrsi.cz,cz,full
373445,vozp.cz,cz,full
373507,gds.cz,cz,full
373570,kalas.cz,cz,full
373819,grape.cz,cz,full
373829,dumlatek.cz,cz,full
374226,bigshoes.cz,cz,full
374230,ceskepodcasty.cz,cz,full
374273,hyperlink.cz,cz,full
374375,cztenis.cz,cz,full
374614,twisto.cz,cz,full
374882,farnostmladavozice.cz,cz,full
374951,rodina.cz,cz,full
375050,lesba.cz,cz,full
375870,metropolitni.cz,cz,full
376063,tvnoe.cz,cz,full
376497,e-pneumatiky.cz,cz,full
376678,casinoarena.cz,cz,full
376738,opinio.cz,cz,full
377033,rockforpeople.cz,cz,full
377205,cdr.cz,cz,full
377288,agrico-sro.cz,cz,full
377327,ct24.cz,cz,full
377465,nhlportal.cz,cz,full
377710,relayed.cz,cz,full
378150,emkei.cz,cz,full
378287,sevt.cz,cz,full
378493,scootshop.cz,cz,full
378686,patriotmagazin.cz,cz,full
378878,sodastream.cz,cz,full
379097,erudio.cz,cz,full
379270,solo-zahradni-technika.cz,cz,full
379556,kununu.cz,cz,full
380052,polaria.cz,cz,full
380152,penta.cz,cz,full
380301,billa.cz,cz,full
380318,bmhd.cz,cz,full
380469,vasesit.cz,cz,full
380491,elfetex.cz,cz,full
380545,megablock.cz,cz,full
380656,signaly.cz,cz,full
380717,dedoles.cz,cz,full
380740,manumi.cz,cz,full
380745,famaga.cz,cz,full
380794,chata.cz,cz,full
380875,fandimefilmu.cz,cz,full
380928,sgcdn.cz,cz,full
381395,fotbalportal.cz,cz,full
381965,bluedns.cz,cz,full
382016,sport365.cz,cz,full
382043,daneprolidi.cz,cz,full
382229,exejeans.cz,cz,full
382855,decodoma.cz,cz,full
382895,hledejceny.cz,cz,full
383485,tescoma.cz,cz,full
383535,best.cz,cz,full
383668,expert.cz,cz,full
383919,oohost.cz,cz,full
383923,edisk.cz,cz,full
384447,ahprofi.cz,cz,full
384561,dolnivitkovice.cz,cz,full
384667,i-divadlo.cz,cz,full
385187,ac24.cz,cz,full
385349,sbone.cz,cz,full
386164,oict.cz,cz,full
386549,kvapem.cz,cz,full
386659,feedo.cz,cz,full
386699,olympijskytym.cz,cz,full
387228,ewrc.cz,cz,full
387312,semena.cz,cz,full
387756,edsystem.cz,cz,full
387774,mi-optics.cz,cz,full
388368,autodily-stancl.cz,cz,full
388716,fin.cz,cz,full
388909,kvartira.cz,cz,full
388910,kavalirka.cz,cz,full
388981,slunecno.cz,cz,full
388998,newton.cz,cz,full
389056,gta.cz,cz,full
389081,vhu.cz,cz,full
389341,grantovydiar.cz,cz,full
389412,cevro.cz,cz,full
389462,mobilmania.cz,cz,full
389790,cena-vykon.cz,cz,full
390221,makeup.cz,cz,full
390333,fightershop.cz,cz,full
390395,lezec.cz,cz,full
390528,fastshare.cz,cz,full
390648,rionet.cz,cz,full
390720,khscb.cz,cz,full
390867,sklik.cz,cz,full
391054,reas.cz,cz,full
391084,hrej.cz,cz,full
391561,idsjmk.cz,cz,full
391797,izus.cz,cz,full
391807,nabytek-bmark.cz,cz,full
391937,usetreno.cz,cz,full
392156,info-praha.cz,cz,full
392305,interconnect.cz,cz,full
392337,golf-mysteves.cz,cz,full
392545,vratilime.cz,cz,full
392639,glamira.cz,cz,full
392738,epoptavka.cz,cz,full
392798,b2bpartner.cz,cz,full
393309,museumofbricks.cz,cz,full
393315,cs-chalupy.cz,cz,full
393406,gpe.cz,cz,full
393530,nutraday.cz,cz,full
393969,medevio.cz,cz,full
394222,info-morava.cz,cz,full
394372,gomez.cz,cz,full
394391,online-textil.cz,cz,full
394540,elfax.cz,cz,full
394607,videon-znojmo.cz,cz,full
394666,femina.cz,cz,full
395217,thebike.cz,cz,full
395273,esky.cz,cz,full
395794,linia.cz,cz,full
395835,dotaceeu.cz,cz,full
395953,loudavymkrokem.cz,cz,full
396369,rymovac.cz,cz,full
396394,filmtoro.cz,cz,full
396399,homago.cz,cz,full
396416,mixit.cz,cz,full
397214,autopalace.cz,cz,full
397473,zszabori.cz,cz,full
397536,poi.cz,cz,full
397650,srovnejto.cz,cz,full
397675,enviweb.cz,cz,full
397681,seznamvozu.cz,cz,full
397841,casino-kartac.cz,cz,full
397905,klenotyaurum.cz,cz,full
398028,napastousce.cz,cz,full
398577,treking.cz,cz,full
398972,ods.cz,cz,full
399065,excaliburgroup.cz,cz,full
399085,edited.cz,cz,full
399447,dpmb.cz,cz,full
399459,amigonet.cz,cz,full
400057,bastard.cz,cz,full
400069,pribram.cz,cz,full
400436,kdejeprace.cz,cz,full
400669,i.cz,cz,full
400807,hodinarstvibechyne.cz,cz,full
401239,forbescasino.cz,cz,full
401266,babyweb.cz,cz,full
401487,wired.cz,cz,full
401529,astramodel.cz,cz,full
401601,sedlacek-t.cz,cz,full
401619,eoshop.cz,cz,full
401852,simpleshop.cz,cz,full
401914,bal.cz,cz,full
401916,poptavky.cz,cz,full
401971,robe.cz,cz,full
402382,nejlevnejsinabytek.cz,cz,full
402743,kodano.cz,cz,full
402800,levne-barvy-laky.cz,cz,full
403059,cgf.cz,cz,full
403409,instalace-charvat.cz,cz,full
403493,dostupnyadvokat.cz,cz,full
404039,ctnhosting.cz,cz,full
404154,zealnet.cz,cz,full
404218,obuvzona.cz,cz,full
404262,hobbyliga.cz,cz,full
404272,cgi.cz,cz,full
404375,mostbet-bonus-cesko.cz,cz,full
404379,npi.cz,cz,full
404399,activa.cz,cz,full
404457,prospanek.cz,cz,full
404610,navsechno.cz,cz,full
404615,cezdistribuce.cz,cz,full
404714,dinopark.cz,cz,full
405132,olomouc.cz,cz,full
405432,funlife.cz,cz,full
406095,centrumbabylon.cz,cz,full
406413,forendors.cz,cz,full
406715,renishaw.cz,cz,full
406758,itelco.cz,cz,full
406931,invester.cz,cz,full
406949,bola.cz,cz,full
407339,knife.cz,cz,full
407398,mimiaukce.cz,cz,full
407567,e-cestujeme.cz,cz,full
407667,axfone.cz,cz,full
408078,esennce.cz,cz,full
408446,nusl.cz,cz,full
408506,podmitrov.cz,cz,full
408540,m-latky.cz,cz,full
409254,mou.cz,cz,full
409491,lesycr.cz,cz,full
409546,vinegret.cz,cz,full
410435,mageia.cz,cz,full
410633,bontonland.cz,cz,full
410669,mojeid.cz,cz,full
410721,dml.cz,cz,full
410736,bellarose.cz,cz,full
410749,abcgames.cz,cz,full
410751,cukrovinky-severka.cz,cz,full
410765,mubrno.cz,cz,full
411046,creditas.cz,cz,full
411424,jablotron.cz,cz,full
411554,ekatalog.cz,cz,full
411589,dpo.cz,cz,full
411687,adrop.cz,cz,full
411700,kocarkyplzen.cz,cz,full
411806,banknotes.cz,cz,full
412125,statnisprava.cz,cz,full
412469,flomat.cz,cz,full
412510,netdatacomm.cz,cz,full
412907,cottonclassics.cz,cz,full
412972,mysh.cz,cz,full
413145,infopedia.cz,cz,full
413175,jednoduse.cz,cz,full
413340,altap.cz,cz,full
413418,radiobeat.cz,cz,full
413427,otvpavlu.cz,cz,full
413473,ica.cz,cz,full
413892,sousede.cz,cz,full
414061,betandyoucasino.cz,cz,full
414177,musicstage.cz,cz,full
414429,dexus.cz,cz,full
414528,sonusparadisi.cz,cz,full
414614,cis.cz,cz,full
414772,krajskelisty.cz,cz,full
415001,icecat.cz,cz,full
415334,dscen.cz,cz,full
415674,o2arena.cz,cz,full
416220,kr-karlovarsky.cz,cz,full
416303,drakkaria.cz,cz,full
416732,wolfnet.cz,cz,full
416859,munipolis.cz,cz,full
417032,magnetpro.cz,cz,full
417075,forpsicloud.cz,cz,full
417482,campdavid-soccx-shop.cz,cz,full
417609,brontosaurus.cz,cz,full
417828,efotbal.cz,cz,full
418645,nipax.cz,cz,full
418758,vcpr.cz,cz,full
418855,lit.cz,cz,full
418997,ticketlive.cz,cz,full
419705,ferdus.cz,cz,full
419997,rebex.cz,cz,full
420302,mvp-pe.cz,cz,full
420614,zivotnabali.cz,cz,full
420618,jcted.cz,cz,full
420750,mojelekarna.cz,cz,full
420752,agatinsvet.cz,cz,full
420937,mikulov.cz,cz,full
421017,bterm.cz,cz,full
421101,vysokeskoly.cz,cz,full
421369,avitsmart.cz,cz,full
421372,zing.cz,cz,full
421401,giant.cz,cz,full
421500,a1m.cz,cz,full
421560,poptavej.cz,cz,full
422760,hlidacky.cz,cz,full
422973,letuska.cz,cz,full
423053,spartoo.cz,cz,full
423172,hvezdarna.cz,cz,full
423353,novak-truhlar.cz,cz,full
423572,sp4.cz,cz,full
423779,higarden.cz,cz,full
423940,kamody.cz,cz,full
424089,emersion.cz,cz,full
424497,o2knihovna.cz,cz,full
424562,armed.cz,cz,full
424650,trenyrkarna.cz,cz,full
424841,startupjobs.cz,cz,full
424852,gigalekarna.cz,cz,full
425358,cnds.cz,cz,full
425669,raft.cz,cz,full
425747,gizmania.cz,cz,full
425751,ceitec.cz,cz,full
425991,vspj.cz,cz,full
426306,media24.cz,cz,full
426362,inisoft.cz,cz,full
426363,radynacestu.cz,cz,full
426709,jakpsatweb.cz,cz,full
426871,antikavion.cz,cz,full
427106,filatelie-stosek.cz,cz,full
427627,infos.cz,cz,full
427770,bylinkyprovsechny.cz,cz,full
428032,dialtelecom.cz,cz,full
428263,linuxexpres.cz,cz,full
428587,koktejl.cz,cz,full
428865,fkteplice.cz,cz,full
429088,nakluky.cz,cz,full
429156,ledy.cz,cz,full
429176,kempy-chaty.cz,cz,full
429206,mkln.cz,cz,full
429310,audiklub.cz,cz,full
429529,airweb.cz,cz,full
429975,autoin.cz,cz,full
430110,refurbed.cz,cz,full
430294,svetkadernictvi.cz,cz,full
430622,dpd.cz,cz,full
430915,elobe.cz,cz,full
430930,raab.cz,cz,full
431028,bibloo.cz,cz,full
431037,ppas.cz,cz,full
431279,69games.cz,cz,full
431342,summit-sport.cz,cz,full
431412,ceps.cz,cz,full
431423,komfort-nabytek.cz,cz,full
431478,obohu.cz,cz,full
431618,tvtelo.cz,cz,full
431631,ziveprenosyzdarma.cz,cz,full
431821,celnisprava.cz,cz,full
432031,ara-shoes.cz,cz,full
432048,sonepar.cz,cz,full
432258,beliani.cz,cz,full
432454,doktor.cz,cz,full
432783,zpovednice.cz,cz,full
432816,wms.cz,cz,full
433094,softcom.cz,cz,full
433117,chess.cz,cz,full
433394,hifiroom.cz,cz,full
433413,zazitky.cz,cz,full
433544,supersklep.cz,cz,full
433647,mediaport.cz,cz,full
434041,skippay.cz,cz,full
434120,tattoomania.cz,cz,full
434331,grantthornton.cz,cz,full
434334,autodilos.cz,cz,full
434348,ltweb.cz,cz,full
434670,ceskedalnice.cz,cz,full
434673,peraplay.cz,cz,full
434723,portu.cz,cz,full
435000,prazdninyvtelci.cz,cz,full
435691,rozhledna-nastrazi.cz,cz,full
435766,letniletna.cz,cz,full
435774,woox.cz,cz,full
435882,sdovolena.cz,cz,full
436289,epojisteni.cz,cz,full
436712,plnapenezenka.cz,cz,full
436737,highpoint.cz,cz,full
436744,zforum.cz,cz,full
436920,pracomat.cz,cz,full
437088,idoklad.cz,cz,full
437581,ipcc.cz,cz,full
437588,apollogames.cz,cz,full
437599,artefakt.cz,cz,full
437698,palba.cz,cz,full
437791,fobas.cz,cz,full
437804,direct.cz,cz,full
438131,auto-mania.cz,cz,full
438625,proglas.cz,cz,full
438787,airways.cz,cz,full
438902,magistra.cz,cz,full
439104,fnkv.cz,cz,full
439593,nanukcase.cz,cz,full
439932,officeo.cz,cz,full
440296,kristynka.cz,cz,full
440518,kraj.cz,cz,full
440556,gigacomputer.cz,cz,full
440836,cool-server.cz,cz,full
440892,itnetwork.cz,cz,full
441069,8wines.cz,cz,full
441083,portal.cz,cz,full
441111,budejovickybudvar.cz,cz,full
441205,4gf.cz,cz,full
441558,cpska.cz,cz,full
441676,irontime.cz,cz,full
441681,seurl.cz,cz,full
441683,info-cechy.cz,cz,full
442362,svethardware.cz,cz,full
442780,ctu.cz,cz,full
442840,highlife.cz,cz,full
442880,pohoda.cz,cz,full
443287,startovac.cz,cz,full
443395,superstranka.cz,cz,full
443482,stormware.cz,cz,full
443635,comicsdb.cz,cz,full
443647,emas.cz,cz,full
443674,fotoaparat.cz,cz,full
443865,realingo.cz,cz,full
443935,psychologie.cz,cz,full
444011,toysshop.cz,cz,full
444056,valachnet.cz,cz,full
444281,pluxee.cz,cz,full
444692,netplus.cz,cz,full
444716,ketofit.cz,cz,full
444869,mimilatky.cz,cz,full
444920,regiontourist.cz,cz,full
445119,cbsn.cz,cz,full
445219,truck-business.cz,cz,full
445288,barvy-laky-unimax.cz,cz,full
445485,zahradnictvi-flos.cz,cz,full
445848,mostbet-app-cesko.cz,cz,full
445907,fnusa.cz,cz,full
445939,ulovdomov.cz,cz,full
446169,spcss.cz,cz,full
446171,flora-online.cz,cz,full
446416,navratdoreality.cz,cz,full
446939,heroine.cz,cz,full
447216,trezorynazbrane.cz,cz,full
447681,zahranicni-kasino.cz,cz,full
447723,zoobrno.cz,cz,full
447790,playzone.cz,cz,full
447951,mtbs.cz,cz,full
448255,levny-hosting.cz,cz,full
448309,beerborec.cz,cz,full
448417,kafemlynek.cz,cz,full
448586,vitkovice.cz,cz,full
448597,horosvaz.cz,cz,full
448705,headliner.cz,cz,full
448798,agrofert.cz,cz,full
449129,tvujhosting.cz,cz,full
449440,velkej.cz,cz,full
449495,vmd-drogerie.cz,cz,full
449598,pracezarohem.cz,cz,full
449787,nexum.cz,cz,full
450073,spolehlive-servery.cz,cz,full
450949,odorik.cz,cz,full
451041,cityzenwear.cz,cz,full
451327,automodelyzlin.cz,cz,full
451330,volkswagen.cz,cz,full
451423,abicko.cz,cz,full
451677,sledujcenu.cz,cz,full
451828,myheritage.cz,cz,full
451885,visa.cz,cz,full
451969,luxusnipradlo.cz,cz,full
452018,thermcom.cz,cz,full
452207,travel-free.cz,cz,full
452428,simplia.cz,cz,full
452775,ktkadan.cz,cz,full
452922,siniat.cz,cz,full
453456,svarovani-tig.cz,cz,full
453559,quicksource.cz,cz,full
453874,dox.cz,cz,full
454708,readzone.cz,cz,full
454737,fhk.cz,cz,full
454896,peterlegwood.cz,cz,full
454976,grandwin.cz,cz,full
455081,gastrozone.cz,cz,full
455176,tvprogram.cz,cz,full
455604,nozkydoponozky.cz,cz,full
455740,reservanto.cz,cz,full
455785,bojistetrutnov.cz,cz,full
455815,valasskeklobouky.cz,cz,full
455871,monetplus.cz,cz,full
456364,kutnahora.cz,cz,full
456384,airstop.cz,cz,full
456808,dvedeti.cz,cz,full
457136,pecpodsnezkou.cz,cz,full
457375,profizoo.cz,cz,full
458012,machin.cz,cz,full
458181,unet.cz,cz,full
458208,ochrance.cz,cz,full
458432,lekarnalemon.cz,cz,full
458639,liter.cz,cz,full
458699,cadstudio.cz,cz,full
458746,ultra-last-minute.cz,cz,full
458847,quantcom.cz,cz,full
459016,armadninoviny.cz,cz,full
459113,hezkynabytek.cz,cz,full
459246,nody.cz,cz,full
459529,franklinova-expedice.cz,cz,full
459599,shopcom.cz,cz,full
459642,dlouhapuncocha.cz,cz,full
459807,ultrahosting.cz,cz,full
459875,fnplzen.cz,cz,full
459905,adrspasskeskaly.cz,cz,full
459946,fftrader.cz,cz,full
460125,jarabak.cz,cz,full
460128,reenio.cz,cz,full
460478,mesto-most.cz,cz,full
460510,quikset.cz,cz,full
461038,iwant.cz,cz,full
461340,iliteratura.cz,cz,full
461633,pidilidi.cz,cz,full
461775,alpy.cz,cz,full
461946,radioblanik.cz,cz,full
462164,pokerzive.cz,cz,full
462324,krasa.cz,cz,full
462413,svetvps.cz,cz,full
462456,wemoto.cz,cz,full
462600,webmade.cz,cz,full
462737,lettynox.cz,cz,full
463031,autodily-cardo.cz,cz,full
463043,fcb.cz,cz,full
463049,recenze.cz,cz,full
463258,domena-webhosting.cz,cz,full
463855,karolinum.cz,cz,full
463858,unifleg.cz,cz,full
464095,aktualnikonflikty.cz,cz,full
464184,prvnizpravy.cz,cz,full
464275,penny.cz,cz,full
464378,belabel.cz,cz,full
464503,sychrovnet.cz,cz,full
464611,matfyz.cz,cz,full
464905,onlinesystem.cz,cz,full
465326,planetum.cz,cz,full
465447,akoupelnyatopeni.cz,cz,full
465670,svet-koupelny.cz,cz,full
465713,ochranaprirody.cz,cz,full
465985,kralovedvorsko.cz,cz,full
466026,zbrane.cz,cz,full
466038,locabee.cz,cz,full
466473,phatbeatz.cz,cz,full
466775,ustrcr.cz,cz,full
466789,infotip.cz,cz,full
467526,inspio.cz,cz,full
467881,frantiskovylazne.cz,cz,full
467923,megapetardy.cz,cz,full
467947,tnet.cz,cz,full
468167,upperhalf.cz,cz,full
468409,sizeer.cz,cz,full
468700,xm.cz,cz,full
468741,registrace-domeny-eu.cz,cz,full
468860,marianskelazne.cz,cz,full
468914,swisslifeselect.cz,cz,full
469006,elektrosms.cz,cz,full
469589,budupomahat.cz,cz,full
469677,gamepark.cz,cz,full
469744,pialpha.cz,cz,full
469952,trinitybank.cz,cz,full
470494,prezuto.cz,cz,full
470904,mx-net.cz,cz,full
471304,kontrolatachometru.cz,cz,full
471570,hodinky.cz,cz,full
471949,alensa.cz,cz,full
472140,baagl.cz,cz,full
472268,militarysklad.cz,cz,full
472748,medima.cz,cz,full
472888,ikem.cz,cz,full
472932,hsparts.cz,cz,full
473022,dsl.cz,cz,full
473121,mirjan24.cz,cz,full
473380,tpc.cz,cz,full
473659,armyweb.cz,cz,full
473772,m.cz,cz,full
474045,onlineracing.cz,cz,full
474477,nux.cz,cz,full
474559,enviwiki.cz,cz,full
474610,radiopoint.cz,cz,full
475069,chicshop.cz,cz,full
475316,moravska-galerie.cz,cz,full
475419,tenderarena.cz,cz,full
475501,havex.cz,cz,full
475704,cpas.cz,cz,full
475729,mode.cz,cz,full
475834,trivago.cz,cz,full
476058,e-conomia.cz,cz,full
476131,svetplodu.cz,cz,full
476404,electrolux.cz,cz,full
476444,mobilprovas.cz,cz,full
476774,powernet.cz,cz,full
476818,mrakyhracek.cz,cz,full
477422,daukce.cz,cz,full
477467,profimodel.cz,cz,full
477499,trionet.cz,cz,full
477677,burga.cz,cz,full
477747,d-sport.cz,cz,full
478095,mivardi.cz,cz,full
478179,partnersgroup.cz,cz,full
478873,humanart.cz,cz,full
479074,zanapo.cz,cz,full
479451,district9.cz,cz,full
479634,tunturi.cz,cz,full
479775,okfin.cz,cz,full
479891,dial-up.cz,cz,full
480137,brno-airport.cz,cz,full
480319,kr-stredocesky.cz,cz,full
480803,skvelecesko.cz,cz,full
481039,rybsvaz.cz,cz,full
481109,bezvavlasy.cz,cz,full
481255,iautodily.cz,cz,full
481378,zooliberec.cz,cz,full
481525,yelp.cz,cz,full
481617,coolhosting.cz,cz,full
482043,bmw.cz,cz,full
482285,bartanet.cz,cz,full
482527,sperky.cz,cz,full
483475,letakomat.cz,cz,full
483583,yournextit.cz,cz,full
483714,hanibal.cz,cz,full
483894,zeny.cz,cz,full
483982,houseland.cz,cz,full
484094,pvl.cz,cz,full
484289,bemeta.cz,cz,full
484565,kubisport.cz,cz,full
485040,emos.cz,cz,full
485217,csicr.cz,cz,full
485407,levnocestovani.cz,cz,full
485447,instaluj.cz,cz,full
485571,czechtourism.cz,cz,full
485739,izlato24.cz,cz,full
485942,sportli.cz,cz,full
486338,zlatemince.cz,cz,full
486476,garni-meteo.cz,cz,full
486695,svarecky-obchod.cz,cz,full
487047,formfactory.cz,cz,full
487066,goldex.cz,cz,full
487775,uspzbuch.cz,cz,full
488056,amccomp.cz,cz,full
488093,plzen.cz,cz,full
488209,miuios.cz,cz,full
488240,zlataky.cz,cz,full
488333,countryclaim.cz,cz,full
488419,nemcb.cz,cz,full
488453,floridainvestment.cz,cz,full
488542,veggiezone.cz,cz,full
489056,billboard.cz,cz,full
489301,safranjbc.cz,cz,full
489434,zshradeckatelc.cz,cz,full
489557,fotbalpraha.cz,cz,full
489595,jezdci.cz,cz,full
489692,ceskezakony.cz,cz,full
490137,astro-forum.cz,cz,full
490203,zastavarna-sumperk.cz,cz,full
490320,ccs.cz,cz,full
490469,caves.cz,cz,full
490576,conseq.cz,cz,full
490980,petdiscont.cz,cz,full
491023,lmc.cz,cz,full
491081,walk.cz,cz,full
491782,myq.cz,cz,full
492106,refundo.cz,cz,full
492495,ceskamincovna.cz,cz,full
492765,ferwer.cz,cz,full
493247,praha1.cz,cz,full
493343,operaplus.cz,cz,full
493480,autoskola-kacerov.cz,cz,full
493650,applemix.cz,cz,full
493877,yousongs.cz,cz,full
494531,provysavace.cz,cz,full
494559,notifikuj.cz,cz,full
494635,colosseumticket.cz,cz,full
494701,gamedogs.cz,cz,full
494917,network.cz,cz,full
494920,kajot.cz,cz,full
495017,pmdp.cz,cz,full
495234,e-sbirka.cz,cz,full
495239,znojmocity.cz,cz,full
495494,korpus.cz,cz,full
495563,sigmafotbal.cz,cz,full
496001,thsoft.cz,cz,full
496057,4kids.cz,cz,full
496103,reknihy.cz,cz,full
496191,fdrive.cz,cz,full
496298,ochutnejorech.cz,cz,full
496551,extrahosting.cz,cz,full
496635,reportermagazin.cz,cz,full
496990,cncsso.cz,cz,full
497105,hradycz.cz,cz,full
497184,kupaoprav.cz,cz,full
497231,super-hobby.cz,cz,full
497235,tazne.cz,cz,full
497298,free-proxy.cz,cz,full
497333,kdejsme.cz,cz,full
497369,testado.cz,cz,full
497504,spolecensky-salon.cz,cz,full
497558,oveckarna.cz,cz,full
497769,praha6.cz,cz,full
497788,casiniahrat.cz,cz,full
498010,disdata.cz,cz,full
498011,nabytekmirek.cz,cz,full
498168,hogwarts.cz,cz,full
498456,laklara.cz,cz,full
498677,sofist.cz,cz,full
498802,mercedesclub.cz,cz,full
499246,ddworld.cz,cz,full
499249,ckait.cz,cz,full
499619,spamfree.cz,cz,full
499620,czechpoint.cz,cz,full
499624,chillipoint.cz,cz,full
499892,doskla.cz,cz,full
499966,archives.cz,cz,full
499979,digikey.cz,cz,full
499992,anabela.cz,cz,full
500031,nmnm.cz,cz,full
500128,welovedogs.cz,cz,full
500131,honda-club.cz,cz,full
500250,eta.cz,cz,full
500283,sportovniautodoplnky.cz,cz,full
500525,star-casino.cz,cz,full
500690,everydent.cz,cz,full
500795,cebia.cz,cz,full
501534,elektronickeobojkypropsy.cz,cz,full
501603,jednota.cz,cz,full
501628,rpishop.cz,cz,full
501862,cewe.cz,cz,full
502056,chovzvirat.cz,cz,full
502221,omt.cz,cz,full
502416,selectsystem.cz,cz,full
502586,autodilyvojkov.cz,cz,full
502616,gafaauto.cz,cz,full
502784,breno.cz,cz,full
503045,orfa-nabytek.cz,cz,full
503059,digitalniknihovna.cz,cz,full
503327,letnianglictina.cz,cz,full
503566,suntech.cz,cz,full
503642,chickenroadz.cz,cz,full
503692,inshop.cz,cz,full
503949,marine.cz,cz,full
504035,vls.cz,cz,full
504269,siconet.cz,cz,full
504314,top-pojisteni.cz,cz,full
504606,ckp.cz,cz,full
505664,sprinx.cz,cz,full
505679,peugeot.cz,cz,full
505874,mestokladno.cz,cz,full
506176,botovo.cz,cz,full
506497,herni-kupony.cz,cz,full
506744,zoo-ostrava.cz,cz,full
506906,elkov.cz,cz,full
507080,laros.cz,cz,full
507379,autorozvody.cz,cz,full
507404,unizdrav.cz,cz,full
507624,cpp.cz,cz,full
507727,ies.cz,cz,full
507973,flagma.cz,cz,full
508027,dago-net.cz,cz,full
508283,myslivost-lovectvi.cz,cz,full
508425,hosting-zdarma.cz,cz,full
509033,mb-net.cz,cz,full
509125,jh.cz,cz,full
509528,basarch.cz,cz,full
509555,gymostrov.cz,cz,full
509685,lino.cz,cz,full
509969,brega.cz,cz,full
510669,toboga.cz,cz,full
510978,thedreams.cz,cz,full
511384,khk.cz,cz,full
511623,netlancers.cz,cz,full
511625,alphabet.cz,cz,full
511787,bylinkyodvenuse.cz,cz,full
512036,binox.cz,cz,full
512205,gjszlin.cz,cz,full
512337,muvy.cz,cz,full
512357,epochtimes.cz,cz,full
512451,colosus.cz,cz,full
513699,meteoskop.cz,cz,full
513806,nejrecept.cz,cz,full
513856,odiska.cz,cz,full
513994,prihorivahori.cz,cz,full
514249,stargate-game.cz,cz,full
515125,pardubickykraj.cz,cz,full
515126,rent.cz,cz,full
515552,plastoveobklady.cz,cz,full
515939,kamm.cz,cz,full
516123,bazenyshop.cz,cz,full
516537,skhosting.cz,cz,full
516629,darkmay.cz,cz,full
517048,waragod.cz,cz,full
517072,bydleni.cz,cz,full
517129,antique-prague.cz,cz,full
517733,digifast.cz,cz,full
517750,celysvet.cz,cz,full
517901,fragrantica.cz,cz,full
517938,zooplzen.cz,cz,full
518033,autoskola-weiss.cz,cz,full
518405,gopas.cz,cz,full
518922,modadeti.cz,cz,full
518940,kosacek.cz,cz,full
518978,vesmir.cz,cz,full
519073,brilianty.cz,cz,full
519258,candy-store.cz,cz,full
519390,florea.cz,cz,full
519425,securitymagazin.cz,cz,full
519473,najdireality.cz,cz,full
519600,aiken.cz,cz,full
519801,profitonline.cz,cz,full
519948,2connect.cz,cz,full
519957,mypage.cz,cz,full
520245,radiopunk.cz,cz,full
520398,holidayinfo.cz,cz,full
520465,blep.cz,cz,full
520473,tydenikpolicie.cz,cz,full
520479,nabytekpech.cz,cz,full
520718,bezpecnecesty.cz,cz,full
520776,i-dol.cz,cz,full
520966,turistickamapa.cz,cz,full
521102,mpmedia.cz,cz,full
521281,lekarnaave.cz,cz,full
521304,fitness.cz,cz,full
521327,huramobil.cz,cz,full
521377,agrozet.cz,cz,full
521412,dns4isp.cz,cz,full
521431,homeincube.cz,cz,full
521507,hrad-karlstejn.cz,cz,full
521877,skoda.cz,cz,full
521965,kofio.cz,cz,full
522124,the-west.cz,cz,full
522316,alphanet.cz,cz,full
522639,dovolena.cz,cz,full
522671,protechshop.cz,cz,full
522776,alensis.cz,cz,full
522805,skloart.cz,cz,full
522993,atlasskolstvi.cz,cz,full
523245,zusklatovy.cz,cz,full
523330,marimex.cz,cz,full
523411,comfor.cz,cz,full
523576,triola.cz,cz,full
523773,tvcom.cz,cz,full
523842,jzshop.cz,cz,full
523939,giftora.cz,cz,full
524030,kkcg.cz,cz,full
524275,veolia.cz,cz,full
524586,magicplanet.cz,cz,full
524786,jehla.cz,cz,full
524791,thepay.cz,cz,full
524852,vylety-zabava.cz,cz,full
525177,fitness007.cz,cz,full
525550,banky.cz,cz,full
525708,koupelny-ptacek.cz,cz,full
525899,explorio.cz,cz,full
525940,nipponcec.cz,cz,full
526317,bdmbethrat.cz,cz,full
526326,pb.cz,cz,full
526354,terahertz.cz,cz,full
526359,tokyo.cz,cz,full
527107,navrcholu.cz,cz,full
527194,jidlo.cz,cz,full
527503,grepnet.cz,cz,full
527505,nutrend.cz,cz,full
527697,rychlost.cz,cz,full
527708,ahmp.cz,cz,full
527709,starbucks.cz,cz,full
527904,sunlight.cz,cz,full
527951,naboso.cz,cz,full
528355,atic.cz,cz,full
528447,prumex.cz,cz,full
528564,tym.cz,cz,full
528732,wedo.cz,cz,full
528739,xnet.cz,cz,full
529174,apklik.cz,cz,full
529413,tcmp.cz,cz,full
529486,nodus.cz,cz,full
529518,toptime.cz,cz,full
529611,presokratici.cz,cz,full
530894,impressionmedia.cz,cz,full
531218,beskydy.cz,cz,full
531412,savira.cz,cz,full
531472,studiodva.cz,cz,full
531548,agados.cz,cz,full
531734,quickwin.cz,cz,full
532144,fotbalovavidea.cz,cz,full
532172,gme.cz,cz,full
532575,softcons.cz,cz,full
532888,cycloschein.cz,cz,full
532975,elpa-leseni.cz,cz,full
533003,atoselektro.cz,cz,full
533095,pamatkovykatalog.cz,cz,full
533357,ekempy.cz,cz,full
533594,vojtat.cz,cz,full
533671,alberon.cz,cz,full
533753,beril.cz,cz,full
533841,alta.cz,cz,full
533944,geoman.cz,cz,full
534096,divadlokalich.cz,cz,full
534372,nmvp.cz,cz,full
534738,herni-svet.cz,cz,full
534861,i0.cz,cz,full
534959,tipads.cz,cz,full
534976,eamadeo.cz,cz,full
535041,znesnaze21.cz,cz,full
535048,kasvo.cz,cz,full
535205,piercing-factory.cz,cz,full
535528,esfcr.cz,cz,full
535778,2gis.cz,cz,full
535907,mari.cz,cz,full
535998,laskakit.cz,cz,full
536174,spark-rockmagazine.cz,cz,full
536260,aqualand-moravia.cz,cz,full
536672,ccdn.cz,cz,full
536901,g.cz,cz,full
537708,kyocera-avx.cz,cz,full
538076,rtmplus.cz,cz,full
538145,skola-agc.cz,cz,full
538512,zlata-helma.cz,cz,full
539072,timestore.cz,cz,full
539079,novarepublika.cz,cz,full
539135,hz.cz,cz,full
539298,airport-pardubice.cz,cz,full
539740,uvtnet.cz,cz,full
539842,senesi.cz,cz,full
540173,maxmax.cz,cz,full
540273,plzensky-kraj.cz,cz,full
540626,lechaton.cz,cz,full
540709,ecasino.cz,cz,full
540711,supersaas.cz,cz,full
540772,primacdn.cz,cz,full
541187,csagdev.cz,cz,full
541237,e-color.cz,cz,full
541420,picabo.cz,cz,full
541428,cezdata.cz,cz,full
541606,betor.cz,cz,full
541634,dobrytextil.cz,cz,full
541839,kfc.cz,cz,full
542030,svetkaravanu.cz,cz,full
542341,infokuryr.cz,cz,full
542425,sencor.cz,cz,full
542678,server4you.cz,cz,full
542746,manufaktura.cz,cz,full
542883,beda.cz,cz,full
543017,zsvokovice.cz,cz,full
543090,ahifi.cz,cz,full
543217,bb.cz,cz,full
543277,bonartmedia.cz,cz,full
543323,tipico-promo.cz,cz,full
543417,hotel-u-lipy.cz,cz,full
543860,yves-rocher.cz,cz,full
544124,mostbet-casino-app.cz,cz,full
544246,countryradio.cz,cz,full
544251,obsidian.cz,cz,full
544430,katmar.cz,cz,full
544648,euclekarna.cz,cz,full
544762,nix.cz,cz,full
545005,dostihyjc.cz,cz,full
545114,emerx.cz,cz,full
545252,idobryden.cz,cz,full
545358,prodejparfemu.cz,cz,full
545456,erosstar.cz,cz,full
545543,jihlavske-listy.cz,cz,full
545567,petcenter.cz,cz,full
545670,aquapce.cz,cz,full
545752,crws.cz,cz,full
545993,enigoo.cz,cz,full
546823,rdhostalkovice.cz,cz,full
546880,e-mince.cz,cz,full
546992,ozdobdort.cz,cz,full
547001,vtelce.cz,cz,full
547275,pchlavka.cz,cz,full
548420,computertrends.cz,cz,full
548437,planetaher.cz,cz,full
548496,topenilevne.cz,cz,full
548586,exchange.cz,cz,full
548670,pamatniknarodnihopisemnictvi.cz,cz,full
548680,labohemecafe.cz,cz,full
548699,nechybujte.cz,cz,full
548703,hankazagorova.cz,cz,full
548797,citroen.cz,cz,full
548872,autojarov.cz,cz,full
548897,detskyeshop.cz,cz,full
549220,stroll-obuv.cz,cz,full
549437,zoo-foto.cz,cz,full
549463,bet-x.cz,cz,full
549830,odok.cz,cz,full
549884,rozalio.cz,cz,full
549920,ford.cz,cz,full
550047,bolistka.cz,cz,full
550612,cstechnologies.cz,cz,full
550621,alexandria.cz,cz,full
550635,it-help.cz,cz,full
550700,dpmcb.cz,cz,full
550972,kidero.cz,cz,full
551012,nssoud.cz,cz,full
551291,denbraven.cz,cz,full
551312,buildex.cz,cz,full
551554,restarthubnuti.cz,cz,full
551746,spektrumzdravi.cz,cz,full
552412,halabudisov.cz,cz,full
552536,602.cz,cz,full
552564,aeroweb.cz,cz,full
552690,trz.cz,cz,full
552856,frantovo.cz,cz,full
552864,7x.cz,cz,full
552919,dvorakmusic.cz,cz,full
553145,adactive.cz,cz,full
553266,vajdak.cz,cz,full
553285,futunatura.cz,cz,full
553295,darujizaodvoz.cz,cz,full
553332,ecnstudio.cz,cz,full
553381,flixbus.cz,cz,full
553467,koralek-obchod.cz,cz,full
553487,bucekmoto.cz,cz,full
553527,astrohled.cz,cz,full
553545,sdileneid.cz,cz,full
553634,freemeteo.cz,cz,full
553776,opava-city.cz,cz,full
554306,sblog.cz,cz,full
554344,letajicikoberce.cz,cz,full
554656,sportisimopro.cz,cz,full
554919,manboxeo.cz,cz,full
554991,mycomedica.cz,cz,full
555011,mora.cz,cz,full
555191,essox.cz,cz,full
555431,medicent.cz,cz,full
555690,chl.cz,cz,full
555793,kuchynelidlu.cz,cz,full
555973,vasekupony.cz,cz,full
555989,autoline.cz,cz,full
556172,hvezdicka.cz,cz,full
556696,designmag.cz,cz,full
556831,prima-obchod.cz,cz,full
557438,pupp.cz,cz,full
557472,ceskearchivy.cz,cz,full
557602,magieprirody.cz,cz,full
557830,peuni.cz,cz,full
557926,svitavy.cz,cz,full
557984,techarena.cz,cz,full
558212,appleking.cz,cz,full
558598,mercedes-benz.cz,cz,full
558759,peckamodel.cz,cz,full
558856,foxstyle.cz,cz,full
558936,winehome.cz,cz,full
559075,gcms.cz,cz,full
559714,pamatnik-terezin.cz,cz,full
559855,casino.cz,cz,full
560031,fixpart.cz,cz,full
560065,snowboard-zezula.cz,cz,full
560094,fyft.cz,cz,full
560185,exkalibr.cz,cz,full
560225,uzob.cz,cz,full
560332,esteticka-stomatologie.cz,cz,full
560349,vitalpoint.cz,cz,full
560467,denimheads.cz,cz,full
560648,premium-wa.cz,cz,full
560666,volvoklub.cz,cz,full
560995,miton.cz,cz,full
561273,ferona.cz,cz,full
561446,danfil.cz,cz,full
561472,saunia.cz,cz,full
561547,fchk.cz,cz,full
561895,artisan.cz,cz,full
561927,afed.cz,cz,full
562449,spolecenskysalon.cz,cz,full
562510,hc-kometa.cz,cz,full
562710,snezkalanovka.cz,cz,full
562720,horydoly.cz,cz,full
562766,loveledneon.cz,cz,full
562967,ultramarine.cz,cz,full
563171,linkabezpeci.cz,cz,full
563278,koupelny-cz.cz,cz,full
563603,krmivo-brit.cz,cz,full
563614,net-connect.cz,cz,full
563678,jenfirmy.cz,cz,full
563755,goleto.cz,cz,full
564034,rentola.cz,cz,full
564192,nazuby.cz,cz,full
564289,canis.cz,cz,full
564319,rejnokobuv.cz,cz,full
564568,ucitelnice.cz,cz,full
564650,alcantara.cz,cz,full
564913,fuf.cz,cz,full
565027,umprum.cz,cz,full
565057,galeriemoderna.cz,cz,full
565072,epesuj.cz,cz,full
565156,kudrna.cz,cz,full
565313,info-brno.cz,cz,full
565440,niceboy.cz,cz,full
565800,soapraha.cz,cz,full
565895,klenota.cz,cz,full
565902,davocar.cz,cz,full
566269,meatfly.cz,cz,full
566346,myslivost.cz,cz,full
566508,procaln.cz,cz,full
566558,me.cz,cz,full
566632,dpmul.cz,cz,full
567682,mzm.cz,cz,full
567688,trnet.cz,cz,full
567818,krnap.cz,cz,full
567851,bilymlynliberec.cz,cz,full
568054,derg.cz,cz,full
569572,shakespeare.cz,cz,full
569703,cksen.cz,cz,full
569908,gnews.cz,cz,full
570311,proskutry.cz,cz,full
570412,navstevalekare.cz,cz,full
570569,bhcase.cz,cz,full
570932,prazskypatriot.cz,cz,full
570989,pietro-eshop.cz,cz,full
571192,infocentrummladaboleslav.cz,cz,full
571434,techmania.cz,cz,full
571804,platy.cz,cz,full
572080,pocitarna.cz,cz,full
572273,plinkohra.cz,cz,full
572294,granex.cz,cz,full
572400,sportcentral.cz,cz,full
572438,naradihornig.cz,cz,full
572614,obchod-vtp.cz,cz,full
572658,havlis.cz,cz,full
572769,egd.cz,cz,full
572979,lumories.cz,cz,full
573658,essens.cz,cz,full
573917,lampyasvetla.cz,cz,full
574027,metronet.cz,cz,full
574121,fceu.cz,cz,full
574242,uiv.cz,cz,full
575087,greenidea.cz,cz,full
575215,yq.cz,cz,full
575374,zivotopisy.cz,cz,full
575533,ucp.cz,cz,full
575559,klik.cz,cz,full
575729,zdirec.cz,cz,full
575767,zanikleobce.cz,cz,full
575827,kaza.cz,cz,full
575959,trezor.cz,cz,full
576022,sporthotarek.cz,cz,full
576068,animixplay.cz,cz,full
576113,zoo-olomouc.cz,cz,full
576157,mojeoleje.cz,cz,full
576189,vesely-drak.cz,cz,full
576198,renaultclub.cz,cz,full
576224,sleviste.cz,cz,full
576232,profimed.cz,cz,full
576296,killchain.cz,cz,full
576652,nej-sici-stroje.cz,cz,full
576746,ndm.cz,cz,full
577143,vrcholovka.cz,cz,full
577195,nzm.cz,cz,full
577514,richmedia.cz,cz,full
577663,tvujweb.cz,cz,full
577863,hlasenirozhlasu.cz,cz,full
577868,maneco.cz,cz,full
577936,anapol.cz,cz,full
578038,iir.cz,cz,full
578131,toply.cz,cz,full
578171,dronpro.cz,cz,full
578450,hshsport.cz,cz,full
578545,textilcentrum.cz,cz,full
578779,kinoart.cz,cz,full
579086,bonvercasino.cz,cz,full
579420,pays.cz,cz,full
579790,orlen.cz,cz,full
579794,farmweb.cz,cz,full
579842,goodie.cz,cz,full
579848,cdcargo.cz,cz,full
580084,prazdrojvisit.cz,cz,full
580193,strahovskyklaster.cz,cz,full
580285,bezvasport.cz,cz,full
580547,e-infra.cz,cz,full
581378,cyberix.cz,cz,full
581385,zkola.cz,cz,full
581404,mapio.cz,cz,full
581422,shell.cz,cz,full
581721,primat.cz,cz,full
581841,k2moto.cz,cz,full
581855,cukrfreeshop.cz,cz,full
582049,o2tv.cz,cz,full
582341,jimejinak.cz,cz,full
582378,psikrmivoradce.cz,cz,full
582777,fczbrno.cz,cz,full
583185,koprivnice.cz,cz,full
583866,palladiumpraha.cz,cz,full
583996,sudekproject.cz,cz,full
584041,mirakulum.cz,cz,full
584062,jyxo-stag.cz,cz,full
584388,smenarna-praha1.cz,cz,full
584478,kup-kytici.cz,cz,full
584633,duelovky.cz,cz,full
584930,infosumperk.cz,cz,full
585085,scena.cz,cz,full
585169,qap.cz,cz,full
585380,kniholib.cz,cz,full
586274,truhlarstvi-strakonice.cz,cz,full
586280,vidlakovykydy.cz,cz,full
586283,lucerna.cz,cz,full
586462,armyshop.cz,cz,full
586691,newauction.cz,cz,full
586854,imperialmedia.cz,cz,full
586895,top4sport.cz,cz,full
586981,servisnamiru.cz,cz,full
587032,3sol.cz,cz,full
587051,runder.cz,cz,full
587315,momenti.cz,cz,full
587653,geco.cz,cz,full
588062,trebonsko.cz,cz,full
588069,milionplus.cz,cz,full
588070,obrazky.cz,cz,full
588188,pobo.cz,cz,full
588214,firebrno.cz,cz,full
588450,swissvax.cz,cz,full
588557,cdipraha.cz,cz,full
588648,dpmhk.cz,cz,full
588655,cistedrevo.cz,cz,full
588714,onedelivery.cz,cz,full
589036,onemusic.cz,cz,full
589080,ucebnice.cz,cz,full
589178,mn-modelar.cz,cz,full
589319,globo-lighting-cz.cz,cz,full
589387,spite.cz,cz,full
589477,home-dekor.cz,cz,full
589632,uciteleucitelum.cz,cz,full
589640,ceskecukrovinky.cz,cz,full
589642,kokiskashop.cz,cz,full
589859,demos-trade.cz,cz,full
590208,proficredit.cz,cz,full
590406,venda.cz,cz,full
590667,kssv.cz,cz,full
590743,firmanazazitky.cz,cz,full
591229,euroalarm.cz,cz,full
591376,zde.cz,cz,full
591450,aroundprague.cz,cz,full
591509,acer-online.cz,cz,full
591564,magiclashes.cz,cz,full
591638,octopus.cz,cz,full
591957,hitpoint.cz,cz,full
592480,techno.cz,cz,full
592510,mojeambulance.cz,cz,full
592547,fragancia.cz,cz,full
592808,webdispecink.cz,cz,full
592861,carezone.cz,cz,full
593001,profi-parfemy.cz,cz,full
593092,andos.cz,cz,full
593285,dopc.cz,cz,full
593343,obletsvet.cz,cz,full
593781,global-sport.cz,cz,full
593873,realcity.cz,cz,full
593909,ekolo.cz,cz,full
594091,znamost.cz,cz,full
594544,primesport.cz,cz,full
594879,alemat.cz,cz,full
594924,acer.cz,cz,full
594975,spotrebice-uno.cz,cz,full
595113,hnfond.cz,cz,full
595747,hodinky-koscom.cz,cz,full
595891,globusonline.cz,cz,full
595969,knvnet.cz,cz,full
596043,a3sport.cz,cz,full
596089,akumo.cz,cz,full
596313,bezednamiska.cz,cz,full
596586,cookidoo.cz,cz,full
596608,cylex.cz,cz,full
596645,direct-auto.cz,cz,full
597129,horsefeathers.cz,cz,full
597230,interbohemia.cz,cz,full
597290,jdsports.cz,cz,full
597374,konzolista.cz,cz,full
597657,mlparts.cz,cz,full
597694,motopark.cz,cz,full
597709,mrrizz.cz,cz,full
597825,nutraceutics.cz,cz,full
597976,phoenix.cz,cz,full
598086,prostreno.cz,cz,full
598153,report.cz,cz,full
598357,skechers.cz,cz,full
598366,skodaplus.cz,cz,full
598485,svet-trampolin.cz,cz,full
598870,xdigr.cz,cz,full
599012,puravia.cz,cz,full
599192,eob.cz,cz,full
599470,nanospace.cz,cz,full
599537,spokojeny-mazlicek.cz,cz,full
599741,e-sen.cz,cz,full
599870,rako.cz,cz,full
600083,hiedu.cz,cz,full
600462,webotvurci.cz,cz,full
600559,pujka-online.cz,cz,full
600632,larben.cz,cz,full
601110,iprpraha.cz,cz,full
601186,virtualne-obcemicr.cz,cz,full
601201,motovsem.cz,cz,full
601270,navod-k-obsluze.cz,cz,full
601352,concept.cz,cz,full
601510,pentahospitals.cz,cz,full
601822,smarthost.cz,cz,full
602095,webdnes.cz,cz,full
602158,gebbeth.cz,cz,full
602205,wnet.cz,cz,full
602311,botanicka.cz,cz,full
602319,ls-novinky.cz,cz,full
602377,decky.cz,cz,full
602465,brilas.cz,cz,full
602614,fitmin.cz,cz,full
602773,scio.cz,cz,full
603143,freebone.cz,cz,full
603175,krasnevune.cz,cz,full
603473,boukal.cz,cz,full
603507,atlaso.cz,cz,full
603850,myloview.cz,cz,full
603877,give.cz,cz,full
604054,fvstudio.cz,cz,full
604081,parkovanivbrne.cz,cz,full
604188,automotodrombrno.cz,cz,full
604401,obkladyvilimek.cz,cz,full
604690,supervideorecepty.cz,cz,full
604748,automat-on.cz,cz,full
604792,bibik.cz,cz,full
604879,velkykosik.cz,cz,full
604909,papion.cz,cz,full
605005,savana-hosting.cz,cz,full
605257,detske-kocarky.cz,cz,full
605325,msstavby.cz,cz,full
605475,istyle.cz,cz,full
605633,serverzone.cz,cz,full
605665,d2m.cz,cz,full
606920,lodnikramy.cz,cz,full
606949,2hmoto.cz,cz,full
607046,bonmoto.cz,cz,full
607279,spoilercentrum.cz,cz,full
607474,pla.cz,cz,full
607605,hospodskykviz.cz,cz,full
607639,axiomtech.cz,cz,full
607732,vsadahrej.cz,cz,full
608449,elkomkompresory.cz,cz,full
608545,premierecinemas.cz,cz,full
608566,konzoliste.cz,cz,full
608570,lesnicka-skola.cz,cz,full
608632,energyturnov.cz,cz,full
608916,upm.cz,cz,full
609042,yoo.cz,cz,full
609104,lazne-podebrady.cz,cz,full
609135,androidforum.cz,cz,full
609407,abradio.cz,cz,full
609724,lfs.cz,cz,full
609901,penzion.cz,cz,full
610508,bikomatic.cz,cz,full
610560,upcr.cz,cz,full
610683,levnestavebniny.cz,cz,full
610843,tokoz.cz,cz,full
610965,ulorety.cz,cz,full
611017,gear4music.cz,cz,full
611286,chemicke-listy.cz,cz,full
611370,kmkonsult.cz,cz,full
611508,brasty.cz,cz,full
611607,m1sport.cz,cz,full
611705,tazneautocar.cz,cz,full
611826,hedvabnastezka.cz,cz,full
612527,pegasdily.cz,cz,full
612766,nekvinda-obchod.cz,cz,full
612837,nelenprozelen.cz,cz,full
613156,nordictelecom.cz,cz,full
613340,roxy.cz,cz,full
613360,kalkulator.cz,cz,full
613618,incomputer.cz,cz,full
613770,grandoptical.cz,cz,full
613965,botany.cz,cz,full
614149,isic.cz,cz,full
614418,gigait.cz,cz,full
614427,geoget.cz,cz,full
614812,ministerstvohracek.cz,cz,full
614915,destination.cz,cz,full
615125,obchodyvm.cz,cz,full
615292,praha2.cz,cz,full
615447,mujkoberec.cz,cz,full
615913,hostit.cz,cz,full
616038,chlorito.cz,cz,full
616098,superia.cz,cz,full
616302,d20.cz,cz,full
616376,gant.cz,cz,full
616495,kucharkaprodceru.cz,cz,full
616802,speedlo.cz,cz,full
617020,vsezaodvoz.cz,cz,full
617054,info-ostrava.cz,cz,full
617207,pvzp.cz,cz,full
617459,rataj-spk.cz,cz,full
617612,isol.cz,cz,full
617640,zoojihlava.cz,cz,full
617884,emco.cz,cz,full
618382,snowboardel.cz,cz,full
618384,kaupa.cz,cz,full
618411,mmmoje.cz,cz,full
618696,gnome-technology.cz,cz,full
618766,pocasiaradar.cz,cz,full
618911,ikiosek.cz,cz,full
619155,brandysko.cz,cz,full
619371,ejuice.cz,cz,full
619406,ponozky-tlapka.cz,cz,full
619541,rcobchod.cz,cz,full
619556,core-pretaktovani.cz,cz,full
619596,personalka.cz,cz,full
619706,webkamery-krkonose.cz,cz,full
620160,dimex-tapety.cz,cz,full
620324,lkcr.cz,cz,full
620448,nitter.cz,cz,full
620450,intime.cz,cz,full
620472,reticcz.cz,cz,full
620496,myoffice.cz,cz,full
620509,andweb.cz,cz,full
620743,koralkykomponenty.cz,cz,full
620757,litomysl.cz,cz,full
620805,sikland.cz,cz,full
620885,moje-ariete.cz,cz,full
620914,exponea.cz,cz,full
620997,klarstein.cz,cz,full
621014,sapho.cz,cz,full
621344,krapka.cz,cz,full
621781,mestovsetin.cz,cz,full
621897,b4l.cz,cz,full
622451,recykla-glas.cz,cz,full
622483,avu.cz,cz,full
622741,rbp213.cz,cz,full
622854,honda.cz,cz,full
623059,dpkv.cz,cz,full
623164,chickenroad.cz,cz,full
623238,befoto.cz,cz,full
623417,deluxecycling.cz,cz,full
623498,agriaffaires.cz,cz,full
623616,dedra.cz,cz,full
623795,debian.cz,cz,full
623840,forsite.cz,cz,full
623928,tovarnik.cz,cz,full
623934,volvista.cz,cz,full
624782,kolokram.cz,cz,full
624946,sportyzive.cz,cz,full
625291,nume.cz,cz,full
625529,mup.cz,cz,full
625578,brouzdal.cz,cz,full
625934,evona.cz,cz,full
625970,pidlitacka.cz,cz,full
626222,mostbet-cesko-login.cz,cz,full
626231,myshirt.cz,cz,full
626323,usti.cz,cz,full
626749,estav.cz,cz,full
626802,eldata.cz,cz,full
626857,belenka.cz,cz,full
627385,unart.cz,cz,full
628225,comtelnet.cz,cz,full
628504,fishmax.cz,cz,full
628605,fklitvinov.cz,cz,full
628684,asoto.cz,cz,full
628698,strihaci.cz,cz,full
628863,megamax24.cz,cz,full
629104,journeyman.cz,cz,full
629134,searchready.cz,cz,full
629251,bike-eshop.cz,cz,full
629330,maneo.cz,cz,full
629447,bagosport.cz,cz,full
629639,nerdfix.cz,cz,full
629737,varimedobroty.cz,cz,full
629769,alveno.cz,cz,full
629777,autolouda.cz,cz,full
629834,kryteo.cz,cz,full
629930,ask-motorsport.cz,cz,full
630162,nev-dama.cz,cz,full
630403,dpmlj.cz,cz,full
630472,techcom.cz,cz,full
630585,zoodecin.cz,cz,full
630637,fera24.cz,cz,full
631005,90.cz,cz,full
631082,krmimmasem.cz,cz,full
631656,granat.cz,cz,full
632035,netkatalog.cz,cz,full
632080,muzza.cz,cz,full
632158,bryxi-shop.cz,cz,full
632509,siteone.cz,cz,full
632555,seolight.cz,cz,full
632558,sareza.cz,cz,full
632839,rudolf-net.cz,cz,full
633009,blansko.cz,cz,full
633022,e-mostecko.cz,cz,full
633074,xtv.cz,cz,full
633433,cookies-spravne.cz,cz,full
633581,bitiba.cz,cz,full
633640,svetovakasinaonline.cz,cz,full
633813,narovinu.cz,cz,full
634509,dklab.cz,cz,full
634998,burda.cz,cz,full
635138,musichall.cz,cz,full
635169,sellier-bellot.cz,cz,full
635722,procentov.cz,cz,full
635936,praha5.cz,cz,full
635950,nabytek-aldo.cz,cz,full
635974,vivo.cz,cz,full
636801,abacus.cz,cz,full
636812,dratek.cz,cz,full
636914,extraleginy.cz,cz,full
637104,goldfitness.cz,cz,full
637129,bushman.cz,cz,full
637585,nikl.cz,cz,full
637953,timocomputer.cz,cz,full
638124,etriatlon.cz,cz,full
638210,egofashion.cz,cz,full
638578,sumava-net.cz,cz,full
639035,civiltactix.cz,cz,full
639102,jware.cz,cz,full
639132,boardmania.cz,cz,full
639249,hatstore.cz,cz,full
639902,dokempu.cz,cz,full
639917,biante.cz,cz,full
640217,limed.cz,cz,full
640372,burzovnisvet.cz,cz,full
640414,lethost.cz,cz,full
640510,puravita.cz,cz,full
640530,livenation.cz,cz,full
640687,nkcr.cz,cz,full
640765,internet-trade.cz,cz,full
640773,eco-cmp.cz,cz,full
640917,praha10.cz,cz,full
641136,fiteffect.cz,cz,full
641783,tropicfishing.cz,cz,full
642748,henrymorgan.cz,cz,full
642812,race-shop.cz,cz,full
642823,sg-nabytek.cz,cz,full
643002,outlet-alpine.cz,cz,full
643016,sportsdirect.cz,cz,full
643024,vosime.cz,cz,full
643172,artikon.cz,cz,full
643246,kubabus.cz,cz,full
643388,bdn10.cz,cz,full
643634,ondalek.cz,cz,full
643762,bazar.cz,cz,full
643792,impresi.cz,cz,full
643809,bosonozka.cz,cz,full
644510,zliner.cz,cz,full
644661,obuvnadmerna.cz,cz,full
644681,isportsystem.cz,cz,full
644783,ctidoma.cz,cz,full
645347,euroking.cz,cz,full
645689,seznamzbozi.cz,cz,full
646098,y.cz,cz,full
646104,digiport.cz,cz,full
646134,umenisveta.cz,cz,full
646210,cestolino.cz,cz,full
646264,prokonzole.cz,cz,full
646681,its.cz,cz,full
647221,kvados.cz,cz,full
647642,outdooractive.cz,cz,full
647685,banda.cz,cz,full
647957,dghost.cz,cz,full
648472,mroauto.cz,cz,full
648748,snapbacks.cz,cz,full
648837,pcpraha.cz,cz,full
649560,euautodily.cz,cz,full
649774,ceproas.cz,cz,full
649814,info-karvina.cz,cz,full
649815,snow.cz,cz,full
650413,skiareal.cz,cz,full
650421,eroticcity.cz,cz,full
650548,info-vysocina.cz,cz,full
650692,vrecenze.cz,cz,full
650857,restauraceplevel.cz,cz,full
651116,wingaga-casinos.cz,cz,full
651232,hobbydrone.cz,cz,full
651351,kanoe.cz,cz,full
651436,rituals.cz,cz,full
651591,actionshop.cz,cz,full
651605,sex-czech.cz,cz,full
651883,makocar.cz,cz,full
651973,dc3.cz,cz,full
652003,kandaulismus.cz,cz,full
652009,rbaws.cz,cz,full
652237,sufan.cz,cz,full
652266,sklenenyshop.cz,cz,full
652281,adsport.cz,cz,full
652303,obuvleda.cz,cz,full
652587,totem.cz,cz,full
652647,robotworld.cz,cz,full
652882,ghmp.cz,cz,full
653000,comin.cz,cz,full
653106,fotojursa.cz,cz,full
653201,mateza.cz,cz,full
653247,bryle-online.cz,cz,full
653363,penzo.cz,cz,full
653609,daryl.cz,cz,full
653814,ido.cz,cz,full
654239,stoptussin.cz,cz,full
654544,nahradni-dily-zh.cz,cz,full
654818,sklad-pneu.cz,cz,full
654893,eru.cz,cz,full
654910,animestore.cz,cz,full
655180,krnov.cz,cz,full
655421,k2datovecentrum.cz,cz,full
655759,gunners.cz,cz,full
656166,litterate.cz,cz,full
656217,mujbidfood.cz,cz,full
656241,netflixer.cz,cz,full
656270,parizske.cz,cz,full
656547,olivie.cz,cz,full
656995,rimsky.cz,cz,full
657405,midistage.cz,cz,full
657615,multisport.cz,cz,full
657808,israel.cz,cz,full
658214,lucide.cz,cz,full
658729,grimoar.cz,cz,full
658977,novinyvm.cz,cz,full
658979,mat-online.cz,cz,full
659020,mypower.cz,cz,full
659050,caravan24.cz,cz,full
659732,koh-i-noor.cz,cz,full
659885,restauraceeverest.cz,cz,full
659991,maister.cz,cz,full
660394,firemni-web.cz,cz,full
660408,lunzo.cz,cz,full
660574,nsoud.cz,cz,full
660585,schiessl.cz,cz,full
660762,feedit.cz,cz,full
660860,kraloveskoly.cz,cz,full
661111,eyerim.cz,cz,full
661818,mojelahve.cz,cz,full
662004,fitham.cz,cz,full
662102,dekorhome.cz,cz,full
662235,chodecoptimista.cz,cz,full
662285,dewalt-naradi.cz,cz,full
662290,webdesignum.cz,cz,full
662319,openbsd.cz,cz,full
662407,ptacek.cz,cz,full
662416,transparency.cz,cz,full
662521,simpless.cz,cz,full
662597,klimatex.cz,cz,full
662670,ceskemalotraktory.cz,cz,full
663096,bobtech.cz,cz,full
663515,citybee.cz,cz,full
663884,amstudio-masaze.cz,cz,full
664009,botanic.cz,cz,full
664052,lui.cz,cz,full
664189,ceske-kurvicky.cz,cz,full
664610,designgate.cz,cz,full
665108,kr-plzensky.cz,cz,full
665441,mkmodel.cz,cz,full
665967,kutil.cz,cz,full
665999,mascus.cz,cz,full
666302,pravidla.cz,cz,full
666536,rockovyradio.cz,cz,full
666832,fann.cz,cz,full
666953,timo.cz,cz,full
667316,letitroll.cz,cz,full
667321,touratech.cz,cz,full
668456,jtbank.cz,cz,full
668498,skarab.cz,cz,full
668819,mbcomp.cz,cz,full
669090,strojirenstvi.cz,cz,full
669233,armyburza.cz,cz,full
669389,earch.cz,cz,full
669798,slavneobrazy.cz,cz,full
669820,protenis.cz,cz,full
669911,h3moto.cz,cz,full
670076,itvlaky.cz,cz,full
670084,cka.cz,cz,full
670311,chaty-chalupy-dds.cz,cz,full
670424,nastrahy.cz,cz,full
670498,svobodny-vysilac.cz,cz,full
670570,fjallraven-shop.cz,cz,full
670602,roboticky-vysavac.cz,cz,full
670785,eshop-peugeot.cz,cz,full
670998,bohemians.cz,cz,full
671171,bloguje.cz,cz,full
671235,outdoorweb.cz,cz,full
671261,mesto-frydlant.cz,cz,full
671438,birdlife.cz,cz,full
671597,hlinsko.cz,cz,full
671686,klfree.cz,cz,full
671950,vornet.cz,cz,full
672006,knihcentrum.cz,cz,full
672023,link.cz,cz,full
672317,inerez.cz,cz,full
672353,abecedaher.cz,cz,full
672497,svamberk.cz,cz,full
672521,kryptomagazin.cz,cz,full
672564,ledshopik.cz,cz,full
672654,srw.cz,cz,full
672655,aboutyou-outlet.cz,cz,full
672962,moses.cz,cz,full
673443,flow-nutrition.cz,cz,full
673455,skvely-kup.cz,cz,full
673765,angrybeards.cz,cz,full
673961,soles2walk.cz,cz,full
674163,isibrno.cz,cz,full
674509,vzdusin.cz,cz,full
674736,vyzbrojna.cz,cz,full
674895,sekar-kovani.cz,cz,full
675031,erotickerande.cz,cz,full
675047,masoprofit.cz,cz,full
675067,daciaclub.cz,cz,full
675319,gregorynabytek.cz,cz,full
676067,homedesignshop.cz,cz,full
676074,bibus.cz,cz,full
676325,ceskafilharmonie.cz,cz,full
677161,komunita.cz,cz,full
677261,bps-koupelny.cz,cz,full
677287,rej.cz,cz,full
677299,ccinternet.cz,cz,full
677402,monty-skolka.cz,cz,full
677717,elisdesign.cz,cz,full
677806,mioweb.cz,cz,full
677883,motone.cz,cz,full
678034,tisnov.cz,cz,full
678123,az-pneu.cz,cz,full
678376,stahlmanntool.cz,cz,full
678547,teenmag.cz,cz,full
678570,mbautogroupdily.cz,cz,full
678677,shope.cz,cz,full
679147,zaminutu.cz,cz,full
679753,zkouknout.cz,cz,full
679847,mediclinic.cz,cz,full
679933,avg.cz,cz,full
679949,foto-web.cz,cz,full
680341,abstract.cz,cz,full
680487,scootering.cz,cz,full
680720,orelsoft.cz,cz,full
680981,cz-synergy.cz,cz,full
681035,autoandel.cz,cz,full
681154,olkraj.cz,cz,full
681331,ekofarma-babiny.cz,cz,full
681543,stefacha.cz,cz,full
681844,kulina.cz,cz,full
682185,tns.cz,cz,full
682489,sagit.cz,cz,full
683108,hdd.cz,cz,full
683297,xgbe.cz,cz,full
683392,mapaobchodu.cz,cz,full
683402,katopedia.cz,cz,full
683446,wolken.cz,cz,full
683471,uochb.cz,cz,full
683524,hafele.cz,cz,full
683543,carmedia.cz,cz,full
683817,myko.cz,cz,full
683912,envirometr.cz,cz,full
684123,dertouristik.cz,cz,full
684297,sws.cz,cz,full
684431,spikeprague.cz,cz,full
684744,filmserver.cz,cz,full
685589,turistik.cz,cz,full
685754,jedishop.cz,cz,full
685784,flagranti.cz,cz,full
685792,vizus.cz,cz,full
685841,e-bezpeci.cz,cz,full
686179,zahradnictvikruh.cz,cz,full
686358,burdamedia2000.cz,cz,full
686399,sperkin.cz,cz,full
686421,videolektor.cz,cz,full
686516,x2u.cz,cz,full
687050,ttnz.cz,cz,full
687086,sklopodkamna.cz,cz,full
687279,labuznik.cz,cz,full
687455,a2larm.cz,cz,full
687548,iqlandia.cz,cz,full
687647,svetoutdooru.cz,cz,full
687662,katalogmagic.cz,cz,full
687802,elektrony.cz,cz,full
687978,bohumin.cz,cz,full
688057,sumperk.cz,cz,full
688080,design-shop.cz,cz,full
688138,mfdnes.cz,cz,full
688328,obchodprodilnu.cz,cz,full
688840,gzk.cz,cz,full
689042,teslawiki.cz,cz,full
689189,as-p.cz,cz,full
689300,vsenastolnitenis.cz,cz,full
689354,uralforum.cz,cz,full
689815,armodd.cz,cz,full
690032,cerano.cz,cz,full
690333,mojeelektro.cz,cz,full
690586,unimoda.cz,cz,full
690664,pawlin-karlov.cz,cz,full
690665,seznam-pneu.cz,cz,full
690766,propec.cz,cz,full
690872,vysemnesmite.cz,cz,full
690900,gid.cz,cz,full
691005,dalnicka.cz,cz,full
691159,ifirmy.cz,cz,full
691656,snezneretezy.cz,cz,full
691947,festival.cz,cz,full
692012,zasobovani.cz,cz,full
692269,autodrom-most.cz,cz,full
692704,gardenway.cz,cz,full
692781,edmontonoilers.cz,cz,full
692832,pneuok.cz,cz,full
692952,knihovnanpaka.cz,cz,full
693015,bosystem.cz,cz,full
693094,srovnanicen.cz,cz,full
693213,cocky-kontaktni.cz,cz,full
693285,praha4.cz,cz,full
693324,fashiola.cz,cz,full
693623,trendhim.cz,cz,full
693846,shopsys.cz,cz,full
693970,internet-portal.cz,cz,full
694026,jip-potraviny.cz,cz,full
694249,kahounova.cz,cz,full
694326,kulturnimapa.cz,cz,full
695331,nej-koberce.cz,cz,full
695332,obrazyvaukci.cz,cz,full
695372,vavex.cz,cz,full
695531,majkl3d.cz,cz,full
695658,luckymoto.cz,cz,full
695678,darky.cz,cz,full
695813,wp-hosting.cz,cz,full
696031,axapartners.cz,cz,full
696088,telecom.cz,cz,full
696218,bmw-club.cz,cz,full
696644,kr-zlinsky.cz,cz,full
696655,odevyhotovy.cz,cz,full
696782,ksisters.cz,cz,full
697148,ifleet.cz,cz,full
697274,blendea.cz,cz,full
697364,ok-hracky.cz,cz,full
697512,goldfein.cz,cz,full
697522,pokerarena.cz,cz,full
697643,infas.cz,cz,full
697737,datonet.cz,cz,full
697772,slevoparada.cz,cz,full
697852,gadgeteshop.cz,cz,full
697952,natima.cz,cz,full
698243,promobily.cz,cz,full
698314,bojovesporty.cz,cz,full
698406,omasta.cz,cz,full
698424,prihlasse.cz,cz,full
698540,ub.cz,cz,full
699185,banging.cz,cz,full
699428,briol.cz,cz,full
699443,ayzeze.cz,cz,full
699448,mastercard-lounge.cz,cz,full
700524,happyzoo.cz,cz,full
701335,airsoft-online.cz,cz,full
701338,krbylevne.cz,cz,full
701450,allstar.cz,cz,full
701870,mostbet-welcome.cz,cz,full
701881,money.cz,cz,full
702033,nsys.cz,cz,full
702905,chaintech.cz,cz,full
702978,lastyle.cz,cz,full
703394,seminarky.cz,cz,full
703465,acond.cz,cz,full
703627,motokramek.cz,cz,full
703650,nastartu.cz,cz,full
703914,dorucovani-kvetiny.cz,cz,full
704058,securenet.cz,cz,full
704488,vamot.cz,cz,full
704751,gkmol.cz,cz,full
704933,linkos.cz,cz,full
705013,anoweb.cz,cz,full
705262,white-uklid.cz,cz,full
705583,keenfootwear.cz,cz,full
705594,ksrzis.cz,cz,full
705684,obautodily.cz,cz,full
705750,rojal.cz,cz,full
705781,spartaforever.cz,cz,full
705913,alukola-obchod.cz,cz,full
706343,bakr.cz,cz,full
706390,bulwar.cz,cz,full
706515,fany.cz,cz,full
706575,gymglamour.cz,cz,full
706618,inrybar.cz,cz,full
706628,jenpornuj.cz,cz,full
706699,livechat.cz,cz,full
706761,motoinzerce.cz,cz,full
706844,papirnictvioskarek.cz,cz,full
706880,profibdsm.cz,cz,full
707094,zilkahodinky.cz,cz,full
707768,holokolo.cz,cz,full
707770,roklen.cz,cz,full
707891,kimbino.cz,cz,full
707893,vapoo.cz,cz,full
707931,pivnidenicek.cz,cz,full
708099,raynet.cz,cz,full
708398,persoo.cz,cz,full
708413,dacia.cz,cz,full
708479,beefcasino-cz.cz,cz,full
708812,asb-portal.cz,cz,full
709000,discomp.cz,cz,full
709094,4shop.cz,cz,full
709503,nicecars.cz,cz,full
710085,sexyplastenky.cz,cz,full
710356,kahasat.cz,cz,full
710553,czechfreepress.cz,cz,full
710835,osiva-semena.cz,cz,full
711039,brejk.cz,cz,full
711212,czi.cz,cz,full
711228,restoska.cz,cz,full
711476,zln.cz,cz,full
711638,barefootmanie.cz,cz,full
711750,omegatech.cz,cz,full
712302,darababy.cz,cz,full
712376,ardon.cz,cz,full
712420,brnenskalekarna.cz,cz,full
712549,goodio.cz,cz,full
712566,hellocomp.cz,cz,full
712634,kondela.cz,cz,full
712832,rogeronline.cz,cz,full
712858,sigmashop.cz,cz,full
712996,mindok.cz,cz,full
713016,run-tour.cz,cz,full
713285,ironaesthetics.cz,cz,full
713468,teenstar.cz,cz,full
713471,webgames.cz,cz,full
713571,ceska-kasina.cz,cz,full
713586,army-shop.cz,cz,full
713908,feo.cz,cz,full
714111,purenudism.cz,cz,full
714348,autoklub.cz,cz,full
714395,protext.cz,cz,full
714415,shakes.cz,cz,full
714623,catering.cz,cz,full
714712,cgfoods.cz,cz,full
714780,canon.cz,cz,full
715318,prvnistaticka.cz,cz,full
715367,studiozdravehoobouvani.cz,cz,full
715475,tuningcardesign.cz,cz,full
715634,veacom.cz,cz,full
715828,havlikovaapoteka.cz,cz,full
715910,praha12.cz,cz,full
716062,darkyhry.cz,cz,full
716379,dobryslovnik.cz,cz,full
716497,marcomnet.cz,cz,full
716598,galen.cz,cz,full
716775,enerso.cz,cz,full
716877,acvyskov.cz,cz,full
717003,hannah.cz,cz,full
717456,freeones.cz,cz,full
717795,involve.cz,cz,full
717824,bohemiagifts.cz,cz,full
717833,datoid.cz,cz,full
717899,autosport.cz,cz,full
718000,lkbaits.cz,cz,full
718050,infodnes.cz,cz,full
718124,apollos.cz,cz,full
718325,infocesko.cz,cz,full
718437,caraukce.cz,cz,full
718778,e-news.cz,cz,full
718816,easy-web.cz,cz,full
718918,pvk.cz,cz,full
718933,fi.cz,cz,full
718970,speedski-cz.cz,cz,full
719490,100mega.cz,cz,full
719553,comanet.cz,cz,full
719704,etravel.cz,cz,full
719787,virtualtravel.cz,cz,full
720009,docplayer.cz,cz,full
720285,mountfieldhk.cz,cz,full
720300,nudz.cz,cz,full
720301,atan.cz,cz,full
720302,tip-prace.cz,cz,full
720630,motojelinek.cz,cz,full
720858,protisedi.cz,cz,full
720990,ittrade.cz,cz,full
721102,sprintel.cz,cz,full
721324,machineseeker.cz,cz,full
721564,multimediaexpo.cz,cz,full
721614,24.cz,cz,full
721732,dennizaznam.cz,cz,full
721777,brna.cz,cz,full
721817,mujlekarnik.cz,cz,full
722028,ramax.cz,cz,full
722214,music-city.cz,cz,full
722222,slavnet.cz,cz,full
722453,icecasino-win.cz,cz,full
722685,lapert.cz,cz,full
723015,ceskapodlaha.cz,cz,full
723299,terasport.cz,cz,full
723382,brave-tech.cz,cz,full
723946,famu.cz,cz,full
724082,zuriel.cz,cz,full
724730,stepfinance.cz,cz,full
724774,pajenicko.cz,cz,full
725037,diablofans.cz,cz,full
725463,zvireci-potreby.cz,cz,full
725505,spoluhraci.cz,cz,full
726233,nissanclub.cz,cz,full
726244,profi-odevy.cz,cz,full
726325,vorcz.cz,cz,full
726492,suuntocz.cz,cz,full
726527,artmap.cz,cz,full
726561,kofola.cz,cz,full
726703,kobras.cz,cz,full
726722,fv-studio.cz,cz,full
726730,mpalan.cz,cz,full
726737,decorise.cz,cz,full
726784,axa-partners.cz,cz,full
726795,academiaknihy.cz,cz,full
726868,byznysweb.cz,cz,full
726886,kup-si.cz,cz,full
727077,nabytekhned.cz,cz,full
727090,deporvillage.cz,cz,full
727097,svkos.cz,cz,full
727209,ceskedrahy.cz,cz,full
727254,skiresort.cz,cz,full
727274,hedepy.cz,cz,full
727501,chsoft.cz,cz,full
727889,botoshop.cz,cz,full
727917,europeanacademy.cz,cz,full
728419,penzionjamy.cz,cz,full
728469,mpouzdra.cz,cz,full
728610,investigace.cz,cz,full
728614,aquapalacehotel.cz,cz,full
728788,realgeek.cz,cz,full
728841,topmode.cz,cz,full
728958,bohemiapc.cz,cz,full
728967,olejeobchod.cz,cz,full
729350,bikemax.cz,cz,full
729803,honzovyletenky.cz,cz,full
730014,lorealparis.cz,cz,full
730157,naturalprotein.cz,cz,full
730329,provleky.cz,cz,full
730741,webcamlive.cz,cz,full
731447,vasprostor.cz,cz,full
731470,airsoft-forum.cz,cz,full
731520,linde-mh.cz,cz,full
731868,gemmax.cz,cz,full
731883,funbaby.cz,cz,full
732007,chytej.cz,cz,full
732009,webgame.cz,cz,full
732117,nscluster.cz,cz,full
732176,littleshoes.cz,cz,full
732221,befun.cz,cz,full
732272,benesov-city.cz,cz,full
732325,nts.cz,cz,full
732411,grandskleniky.cz,cz,full
732422,reservio.cz,cz,full
732456,jrbrno.cz,cz,full
732459,camp.cz,cz,full
732495,vsvaltice.cz,cz,full
732531,foxon.cz,cz,full
732633,tvorimevropu.cz,cz,full
733182,dortisimo.cz,cz,full
733222,klatovy.cz,cz,full
733442,kamir.cz,cz,full
733573,endorphinrepublic.cz,cz,full
733594,hradeckralove.cz,cz,full
733669,bitcoin.cz,cz,full
733691,uhamru.cz,cz,full
733760,sanomed.cz,cz,full
733892,kr-jihomoravsky.cz,cz,full
733995,pro-car.cz,cz,full
734001,gengar.cz,cz,full
734381,shaman-ka.cz,cz,full
734384,heavytools.cz,cz,full
734518,ordinace.cz,cz,full
734603,czech-tv.cz,cz,full
734772,springos.cz,cz,full
734825,kentaurzbrane.cz,cz,full
734893,pleva.cz,cz,full
734894,rednet.cz,cz,full
735306,tatra.cz,cz,full
735526,pankrea.cz,cz,full
735575,ipublicity.cz,cz,full
735664,nomadem.cz,cz,full
735770,videobydleni.cz,cz,full
735828,ivpn.cz,cz,full
736068,candydoll.cz,cz,full
736129,ordinace-hladikova.cz,cz,full
736227,puhy.cz,cz,full
736321,hcocelari.cz,cz,full
736765,ponozkovna.cz,cz,full
736786,uhabakuka.cz,cz,full
736974,netfirmy.cz,cz,full
737225,krteckem.cz,cz,full
737276,azfishing.cz,cz,full
737438,kondor.cz,cz,full
737652,kreiner-impex.cz,cz,full
737710,botland.cz,cz,full
737739,prohackovani.cz,cz,full
738116,rybarskezebricky.cz,cz,full
738145,talode.cz,cz,full
738306,vojensko.cz,cz,full
738389,cestovinky.cz,cz,full
738411,engaro.cz,cz,full
738634,voxtv.cz,cz,full
738661,trebic.cz,cz,full
738674,nabytek-natali.cz,cz,full
738913,rcprofi.cz,cz,full
738943,trustia.cz,cz,full
739057,zeleni.cz,cz,full
739575,nahouby.cz,cz,full
739686,sexdolls.cz,cz,full
739978,pcr.cz,cz,full
740084,amipa.cz,cz,full
740136,brani.cz,cz,full
740388,nissan.cz,cz,full
740559,tennis-zone.cz,cz,full
740690,oxalis.cz,cz,full
740864,cmku.cz,cz,full
740932,laddobar.cz,cz,full
741145,penzion-pod-rozhlednou.cz,cz,full
741339,delivers.cz,cz,full
741377,velkoobchodio.cz,cz,full
741485,deskohrani.cz,cz,full
741640,mukolin.cz,cz,full
741720,sportago.cz,cz,full
741909,viavelo.cz,cz,full
742492,veselezvire.cz,cz,full
742623,fanda-nhl.cz,cz,full
742778,puzzle-puzzle.cz,cz,full
742802,tjlokomotivapetrovice.cz,cz,full
742839,gigaprint.cz,cz,full
743111,heavenshop.cz,cz,full
743186,tmnabytek.cz,cz,full
743240,kkboty.cz,cz,full
743256,stavebniny-janik.cz,cz,full
743293,alpina.cz,cz,full
743294,radhuza.cz,cz,full
743421,moto-man.cz,cz,full
743447,lahome.cz,cz,full
743511,lokalecho.cz,cz,full
743624,cosibella.cz,cz,full
743790,mtt-brno.cz,cz,full
743847,wsnet.cz,cz,full
744052,aretacni-pripravky.cz,cz,full
744191,padlujte.cz,cz,full
744252,magnet-3pagen.cz,cz,full
744258,mifa.cz,cz,full
744293,erviplus.cz,cz,full
744320,mauricio.cz,cz,full
744360,tapety-folie.cz,cz,full
744404,casomeric.cz,cz,full
744445,reminky-pasky.cz,cz,full
744481,rockspring.cz,cz,full
744549,filsonstore.cz,cz,full
744567,365shop.cz,cz,full
744614,mj-krasazdravi.cz,cz,full
744644,prizealize.cz,cz,full
744699,korbel-loziska.cz,cz,full
744710,venira.cz,cz,full
744715,nabytek-kuplevne.cz,cz,full
744756,knifestock.cz,cz,full
744790,drevko.cz,cz,full
744810,bezpotisku.cz,cz,full
744832,humlnet.cz,cz,full
745062,mistore.cz,cz,full
745169,agigames.cz,cz,full
745224,baseball.cz,cz,full
745286,timburtonpraha.cz,cz,full
745322,trendybaby.cz,cz,full
745345,thamhaplus.cz,cz,full
745389,jawa-korda.cz,cz,full
745397,pel.cz,cz,full
745557,czechsporttravel.cz,cz,full
745593,prosperityfs.cz,cz,full
745793,top-fight.cz,cz,full
745836,bezvatriko.cz,cz,full
745844,roadcycling.cz,cz,full
745876,lekarnapohoda.cz,cz,full
746051,aqua-olomouc.cz,cz,full
746722,unmz.cz,cz,full
746730,ceskymultihosting.cz,cz,full
746783,sexshopp.cz,cz,full
746892,frenkart.cz,cz,full
746968,kvalitnidestniky.cz,cz,full
746985,makita-cr.cz,cz,full
747051,penguin.cz,cz,full
747174,2i.cz,cz,full
747208,24-elektro.cz,cz,full
747238,a-servis.cz,cz,full
747434,archivtv.cz,cz,full
747796,advokatnidenik.cz,cz,full
747858,dco.cz,cz,full
748069,renault.cz,cz,full
748316,alfatactical.cz,cz,full
748451,dailyloop.cz,cz,full
748463,allauto.cz,cz,full
748525,svet-filatelie.cz,cz,full
748958,fapi.cz,cz,full
749052,ceknito.cz,cz,full
749215,e-brusivo.cz,cz,full
749253,auktiva.cz,cz,full
749446,marionettes.cz,cz,full
749734,praha8.cz,cz,full
749770,net-service.cz,cz,full
751888,3dsecure-csas.cz,cz,full
752196,4dox.cz,cz,full
752208,4fizjo.cz,cz,full
754578,888win.cz,cz,full
756655,aeonathletics.cz,cz,full
756833,agama-sex.cz,cz,full
757006,agrofortel.cz,cz,full
757289,airsoftmorava.cz,cz,full
757546,aktivni-rybolov.cz,cz,full
757789,alfistyle.cz,cz,full
757847,alimpex.cz,cz,full
757877,alkobene.cz,cz,full
757880,alkoholmetr.cz,cz,full
757948,alliance-healthcare.cz,cz,full
758117,alori.cz,cz,full
758180,alpskyvudce.cz,cz,full
758306,alyss.cz,cz,full
758667,amsbus.cz,cz,full
758726,anabix.cz,cz,full
758848,andzela.cz,cz,full
758870,anetka.cz,cz,full
759326,apart.cz,cz,full
759781,aquapark-uh.cz,cz,full
759805,aquatopshop.cz,cz,full
759816,ar-service.cz,cz,full
759873,aramark.cz,cz,full
760155,army-surplus.cz,cz,full
760649,asombroso.cz,cz,full
760669,aspire.cz,cz,full
760896,atarot.cz,cz,full
761031,atomrat.cz,cz,full
761051,atreon.cz,cz,full
761052,atreya.cz,cz,full
761332,autodoplnky-obchod.cz,cz,full
761386,automodels.cz,cz,full
761483,avafin.cz,cz,full
762010,b4fashion.cz,cz,full
762177,baby-centrum.cz,cz,full
762613,bandi.cz,cz,full
762619,bandivamos.cz,cz,full
762723,bankservis.cz,cz,full
762818,barevnesiti.cz,cz,full
762879,barvy-na-drevo.cz,cz,full
762937,basket-obchod.cz,cz,full
763025,battery-import.cz,cz,full
763110,bazenonline.cz,cz,full
763449,bdsmlife.cz,cz,full
763658,behani.cz,cz,full
763815,benefitas.cz,cz,full
763854,bennon.cz,cz,full
763872,benunapredpis.cz,cz,full
763930,berlingerhaus.cz,cz,full
763960,bertoo.cz,cz,full
764094,bestberg.cz,cz,full
764874,bighobby.cz,cz,full
764954,biju.cz,cz,full
764981,bikero.cz,cz,full
765063,bilybalet.cz,cz,full
765281,birdgarage.cz,cz,full
765416,bizuterie-top.cz,cz,full
765548,blackmountain.cz,cz,full
765776,bluevelvet.cz,cz,full
766588,bozp-system.cz,cz,full
766902,brigettefashion.cz,cz,full
767021,brotex.cz,cz,full
767251,bubulakovo.cz,cz,full
767534,bushcraftshop.cz,cz,full
767538,business24.cz,cz,full
767653,buzzsneakers.cz,cz,full
767760,bydlimeutulne.cz,cz,full
768371,campsedmihorky.cz,cz,full
768536,capibohuslavice.cz,cz,full
768801,carlsbadhat.cz,cz,full
769308,cbaeduca.cz,cz,full
769791,cerpadlabezstarosti.cz,cz,full
769813,ceskekundy.cz,cz,full
769814,ceskeploty.cz,cz,full
769877,cfmoto.cz,cz,full
770108,chat.cz,cz,full
770165,chcimrdat.cz,cz,full
770166,chcisexrande.cz,cz,full
770167,chcisukat.cz,cz,full
770244,chemie-bazen.cz,cz,full
770466,chodimesvzp.cz,cz,full
770592,chytraautoradia.cz,cz,full
770593,chytryvyber.cz,cz,full
770664,cigaretovna.cz,cz,full
770716,cine-max.cz,cz,full
771412,clickandfeed.cz,cz,full
772759,coolcredit.cz,cz,full
772869,corial.cz,cz,full
773253,creditair.cz,cz,full
773258,creditgo.cz,cz,full
773526,cruncher.cz,cz,full
773530,crussis.cz,cz,full
773624,csob-penze.cz,cz,full
774052,cyklopoint.cz,cz,full
774079,czech-cbd.cz,cz,full
774080,czechmafie.cz,cz,full
774419,dalkove-ovladace.cz,cz,full
774443,damano.cz,cz,full
774486,danasyn.cz,cz,full
774491,dancavideo.cz,cz,full
774532,dante.cz,cz,full
774592,darre.cz,cz,full
775046,defendia.cz,cz,full
775111,delfintravel.cz,cz,full
775112,delfinub.cz,cz,full
775873,diana-company.cz,cz,full
776276,dirtbikes.cz,cz,full
776491,djishop.cz,cz,full
776628,dmapraha.cz,cz,full
776716,dobresny.cz,cz,full
776919,doltak.cz,cz,full
777016,donjjf.cz,cz,full
777024,donpealo.cz,cz,full
777046,dookie.cz,cz,full
777059,doppler.cz,cz,full
777101,dormeo.cz,cz,full
777164,doutniky-rb.cz,cz,full
777254,dpmj.cz,cz,full
777379,draps.cz,cz,full
777491,drevocentrum-as.cz,cz,full
777519,drivalia.cz,cz,full
777713,dszo.cz,cz,full
777843,dum-dilna.cz,cz,full
777844,dum-jogy.cz,cz,full
777847,dumbarev.cz,cz,full
778220,e-prvnacek.cz,cz,full
778244,e-sestricka.cz,cz,full
778503,earplugs.cz,cz,full
778792,ecigareta-marion.cz,cz,full
778900,ecowheel.cz,cz,full
779251,efenix.cz,cz,full
779393,ehlinik.cz,cz,full
779515,ekokoza.cz,cz,full
779520,ekonomicke-stavby.cz,cz,full
779531,ekrizovky.cz,cz,full
779692,elektrickevozy.cz,cz,full
779696,elektro-cigareta.cz,cz,full
779702,elektronickeznamky.cz,cz,full
779717,elementstore.cz,cz,full
779807,eliquidshop.cz,cz,full
779892,elmich.cz,cz,full
779994,ema-praha.cz,cz,full
780064,emiimio.cz,cz,full
780241,enatruck.cz,cz,full
780483,eoit.cz,cz,full
780641,equil.cz,cz,full
780737,eroguide.cz,cz,full
780765,erotickaschuzka.cz,cz,full
780767,erotickykontakt.cz,cz,full
780933,eshop-synlab.cz,cz,full
781060,estampada.cz,cz,full
781146,etaktik.cz,cz,full
781247,etrafika.cz,cz,full
781300,eumeli.cz,cz,full
782120,fabini.cz,cz,full
782168,fachos.cz,cz,full
782243,faircredit.cz,cz,full
782289,fajntricko.cz,cz,full
782300,fakturovac.cz,cz,full
782302,fakturyweb.cz,cz,full
782371,fan-shop.cz,cz,full
782661,faunaportal.cz,cz,full
782918,fermato.cz,cz,full
782935,ferratum.cz,cz,full
782990,fexi.cz,cz,full
783148,fieldmann.cz,cz,full
783415,finreport.cz,cz,full
783695,fleppi.cz,cz,full
783769,flirtkontakt.cz,cz,full
783986,fnshp.cz,cz,full
783996,foa.cz,cz,full
784009,focusgarden.cz,cz,full
784014,fofrcz.cz,cz,full
784108,foodis.cz,cz,full
784245,fornest.cz,cz,full
784343,fotbalovymanazer.cz,cz,full
784344,fotbaltour.cz,cz,full
784431,fragonito.cz,cz,full
784466,francobene.cz,cz,full
784474,francouzske-parfemy.cz,cz,full
784548,freefishing.cz,cz,full
784585,freerande.cz,cz,full
784587,freesex.cz,cz,full
785400,g82.cz,cz,full
785485,gacinema.cz,cz,full
785580,galatex.cz,cz,full
785994,gardners-eshop.cz,cz,full
786006,garhome.cz,cz,full
786080,gastrofans.cz,cz,full
786084,gastroklub.cz,cz,full
786320,geekboy.cz,cz,full
786495,gentlemanstore.cz,cz,full
786904,ggtabak.cz,cz,full
787013,gienger.cz,cz,full
787055,gigamat.cz,cz,full
787129,giovani.cz,cz,full
787739,goldbee.cz,cz,full
788329,granit-parts.cz,cz,full
788433,greenbutik.cz,cz,full
788509,greystore.cz,cz,full
788882,gthcatering.cz,cz,full
788889,gtmotive.cz,cz,full
789454,habeo.cz,cz,full
789501,hadejslova.cz,cz,full
789834,happyfoto.cz,cz,full
789933,harnol.cz,cz,full
789997,hasici-vysocina.cz,cz,full
790552,heroclothing.cz,cz,full
790788,hifionline.cz,cz,full
790867,himalife.cz,cz,full
791090,hiyori.cz,cz,full
791147,hledamsponzora.cz,cz,full
791148,hledasetrans.cz,cz,full
791245,hobynaradi.cz,cz,full
791287,hokejlevne.cz,cz,full
791364,holkyztrhu.cz,cz,full
791580,honzovy-longboardy.cz,cz,full
791609,hop-sport.cz,cz,full
791716,hospodynkam.cz,cz,full
791747,hotchilli.cz,cz,full
791766,hotelmalypivovar.cz,cz,full
791806,hotovebryle.cz,cz,full
791807,hotovky.cz,cz,full
791988,hryprodva.cz,cz,full
792249,hupnakolo.cz,cz,full
792416,hzspa.cz,cz,full
792417,hzspk.cz,cz,full
793074,ielektra.cz,cz,full
793276,ik.cz,cz,full
793285,ikatastr.cz,cz,full
793357,iletaky.cz,cz,full
793960,infigy.cz,cz,full
793965,infinitdarky.cz,cz,full
794593,investika.cz,cz,full
794748,iprice.cz,cz,full
794751,iprivaty.cz,cz,full
795047,ispace.cz,cz,full
795124,istraka.cz,cz,full
795308,iucto.cz,cz,full
795321,ivadekor.cz,cz,full
795622,jablecnyhonza.cz,cz,full
795630,jacer.cz,cz,full
795660,jadi.cz,cz,full
795989,jasnosvit.cz,cz,full
796204,jdemenato.cz,cz,full
796324,jennezavazne.cz,cz,full
796435,jezirkabanat.cz,cz,full
796495,jhmobil.cz,cz,full
796506,jidlopodnos.cz,cz,full
796640,jipos.cz,cz,full
796649,jiskreni.cz,cz,full
796742,jkanimals.cz,cz,full
798064,kabelkyslaskou.cz,cz,full
798259,kalhotkomat.cz,cz,full
798386,kancelar24.cz,cz,full
798659,kasumex.cz,cz,full
798883,kdozemrel.cz,cz,full
799009,kemp-merkur.cz,cz,full
799163,ketris.cz,cz,full
799532,kik.cz,cz,full
800064,kladenskelisty.cz,cz,full
800098,klientskyportal.cz,cz,full
800214,kmo.cz,cz,full
800215,kmol.cz,cz,full
800223,kmtravel.cz,cz,full
800255,knizniweb.cz,cz,full
800325,kocarkovo.cz,cz,full
800558,kondik.cz,cz,full
800590,konopnytata.cz,cz,full
800882,kralovstvi-tiande.cz,cz,full
800965,krmivahulin.cz,cz,full
801200,kulisarny.cz,cz,full
801208,kultura-sport.cz,cz,full
801209,kulturapodhvezdami.cz,cz,full
801266,kupplenky.cz,cz,full
801375,kvizky.cz,cz,full
801473,kytkyshop.cz,cz,full
801808,ladypopular.cz,cz,full
801951,lamark.cz,cz,full
802062,lanotte.cz,cz,full
802396,laznetravel.cz,cz,full
802397,laznetrebon.cz,cz,full
802608,legalshop.cz,cz,full
802652,leifheit-online.cz,cz,full
802666,lekarna-bella.cz,cz,full
802774,leontyna.cz,cz,full
802796,lepsikuchyn.cz,cz,full
802841,letaky-123.cz,cz,full
802847,letnaky.cz,cz,full
802885,levanduloveudoli.cz,cz,full
802908,levior.cz,cz,full
802916,levne-pletivo.cz,cz,full
802917,levnepleny.cz,cz,full
802918,levnoshop.cz,cz,full
803291,limbo.cz,cz,full
803551,litex.cz,cz,full
803738,ll-c.cz,cz,full
803854,loberon.cz,cz,full
804489,louis.cz,cz,full
804496,loukykvet.cz,cz,full
804578,loveseznamka.cz,cz,full
804625,lozni-povleceni-levne.cz,cz,full
804760,luceda.cz,cz,full
804956,lumax-nabytek.cz,cz,full
804968,lumigreen.cz,cz,full
805014,lunchdrive.cz,cz,full
805098,luxusrande.cz,cz,full
805499,mabell.cz,cz,full
805663,madvell.cz,cz,full
806220,mamincinohackovani.cz,cz,full
806221,mamincinyrecepty.cz,cz,full
806299,mandimu.cz,cz,full
806312,manga-boomers.cz,cz,full
806464,manucafe.cz,cz,full
806725,markstore.cz,cz,full
806747,marsalkovo.cz,cz,full
806898,massagehall.cz,cz,full
807074,matracezahubicku.cz,cz,full
807141,mavatex.cz,cz,full
807175,max-i.cz,cz,full
807223,maxim-ecigareta.cz,cz,full
808124,memberzone.cz,cz,full
808679,mgmotor-czech.cz,cz,full
808765,miadresses.cz,cz,full
809039,mileneckyvztah.cz,cz,full
809191,minecraft-list.cz,cz,full
809242,minibike-shop.cz,cz,full
809250,minifigs.cz,cz,full
809418,misericordia.cz,cz,full
809702,mlsoft.cz,cz,full
809726,mmashorties.cz,cz,full
809895,mobilegear.cz,cz,full
810028,modelaznehtu.cz,cz,full
810150,moira.cz,cz,full
810171,mojedilna.cz,cz,full
810172,mojeelektronickacigareta.cz,cz,full
810176,mojemilfka.cz,cz,full
810177,mojerc.cz,cz,full
810278,monacobet.cz,cz,full
810645,motoe.cz,cz,full
810662,motomax.cz,cz,full
810842,movinero.cz,cz,full
810958,mpohoda.cz,cz,full
811370,mujotrok.cz,cz,full
811371,mujpanel.cz,cz,full
811437,multiplast.cz,cz,full
811686,muzutozvednout.cz,cz,full
811955,mycat.cz,cz,full
812027,mydlovysvet.cz,cz,full
812117,mygls.cz,cz,full
812316,myonlineradio.cz,cz,full
812372,myporno.cz,cz,full
812386,myprotein.cz,cz,full
812848,nabytekpaul.cz,cz,full
812849,nabytkomanie.cz,cz,full
812876,nadrzenemamy.cz,cz,full
812884,naflirt.cz,cz,full
812974,nahledovky.cz,cz,full
812975,nahnoji.cz,cz,full
813057,nakridlechandelu.cz,cz,full
813063,nalehko.cz,cz,full
813146,naninails.cz,cz,full
813178,napojse.cz,cz,full
813215,narodnipanel.cz,cz,full
813232,nasegalanterie.cz,cz,full
813233,nasenaradi.cz,cz,full
813258,nasypanej.cz,cz,full
813614,nehody-uzavirky.cz,cz,full
813619,nejkafe.cz,cz,full
813620,nejkufry.cz,cz,full
813621,nejleginy.cz,cz,full
813622,nejlevnejsikoralky.cz,cz,full
813623,nejlevnejsipneu.cz,cz,full
813649,nemeckyeshop.cz,cz,full
814328,nicopods.cz,cz,full
814439,nila.cz,cz,full
814712,nn777.cz,cz,full
814789,noblese.cz,cz,full
814818,noezon.cz,cz,full
814897,nonstopstavebniny.cz,cz,full
814928,noraluca-praha.cz,cz,full
815090,novalja.cz,cz,full
815095,novaosmicka.cz,cz,full
815136,noviko-online.cz,cz,full
815524,nutsman.cz,cz,full
815755,obchod-kufry.cz,cz,full
815771,objevuj-slovinsko.cz,cz,full
815804,obujtese.cz,cz,full
815805,obuv-sante.cz,cz,full
816020,officeshoes.cz,cz,full
816051,ofin.cz,cz,full
816115,ohenvzahrade.cz,cz,full
816298,okklient.cz,cz,full
816310,oknodily.cz,cz,full
816474,olzatex.cz,cz,full
816564,omoda-jaecoo.cz,cz,full
816643,one-day.cz,cz,full
817497,orsay.cz,cz,full
817829,outdoormarket.cz,cz,full
817868,overenorodici.cz,cz,full
817900,ovocnysvetozor.cz,cz,full
817947,oxybag.cz,cz,full
818641,panhradu.cz,cz,full
818857,parfen.cz,cz,full
818863,parfumanie.cz,cz,full
818946,parolek-shop.cz,cz,full
818987,partezlin.cz,cz,full
819114,pasti.cz,cz,full
819220,pavona.cz,cz,full
819601,pecujokaru.cz,cz,full
819630,pedrosfashion.cz,cz,full
819685,peklocertovina.cz,cz,full
819919,permaseminka.cz,cz,full
820385,pharmos.cz,cz,full
820421,philco.cz,cz,full
820709,pietas.cz,cz,full
820838,pinkstore.cz,cz,full
820920,piseckeluzkoviny.cz,cz,full
820959,pivoteka.cz,cz,full
821730,pod7kilo.cz,cz,full
821777,pohadkozem.cz,cz,full
821779,pohledniceonline.cz,cz,full
821782,pohrebni-sluzba-hlucin.cz,cz,full
821783,pohrebni-sluzba-hradil.cz,cz,full
821786,pohrebnisluzba-agnes.cz,cz,full
821787,pohrebnisluzbajicin.cz,cz,full
821816,pojdnato.cz,cz,full
822085,porcelanovysvet.cz,cz,full
822142,pornognom.cz,cz,full
822172,pornozdarma.cz,cz,full
822370,postel.cz,cz,full
822416,povidka.cz,cz,full
822513,ppmfactum.cz,cz,full
822566,pracuj-zdrave.cz,cz,full
822622,pravakoza.cz,cz,full
822785,presnepocasi.cz,cz,full
822861,prim-hodinky.cz,cz,full
823075,procraft.cz,cz,full
823129,profi-dj.cz,cz,full
823130,profi-pedikura.cz,cz,full
823134,profidominy.cz,cz,full
823293,promrnousky.cz,cz,full
823375,proteco-naradi.cz,cz,full
823384,proteinaco.cz,cz,full
823452,prvni-lekarna.cz,cz,full
823521,psmarie.cz,cz,full
823532,pspospichal.cz,cz,full
823587,ptdathang.cz,cz,full
823672,puellavune.cz,cz,full
825097,raj-siti.cz,cz,full
825563,razzo.cz,cz,full
825839,receptyprimanapadu.cz,cz,full
825864,reckonasbavi.cz,cz,full
825905,recyklace.cz,cz,full
826091,reenactor.cz,cz,full
826144,regionvalassko.cz,cz,full
826232,relax-postele.cz,cz,full
826352,renovality.cz,cz,full
826387,reparada.cz,cz,full
826442,rerum.cz,cz,full
826495,resinstudio.cz,cz,full
827488,rosh.cz,cz,full
827527,rotorama.cz,cz,full
828238,ruscona.cz,cz,full
828315,rychleberle.cz,cz,full
829023,saloos.cz,cz,full
829089,sambalshop.cz,cz,full
829110,samohyl.cz,cz,full
829413,sapelo.cz,cz,full
829913,scandishop.cz,cz,full
829917,scanquilt.cz,cz,full
830009,schroter.cz,cz,full
830055,scooter-tuning.cz,cz,full
830103,scrabblex.cz,cz,full
830409,sefismoto.cz,cz,full
830693,seniorpasy.cz,cz,full
830954,sestraemmy.cz,cz,full
831052,sexchat.cz,cz,full
831076,sexkontakty.cz,cz,full
831101,sexprivat4you.cz,cz,full
831155,sexyschuzky.cz,cz,full
831165,seznameni50.cz,cz,full
831166,seznamit.cz,cz,full
831613,shipmall.cz,cz,full
831725,shop4dog.cz,cz,full
831947,shrimp.cz,cz,full
832257,sijemesrdcem.cz,cz,full
832539,singles50.cz,cz,full
833005,skodak.cz,cz,full
833157,slavistickenoviny.cz,cz,full
833769,snar.cz,cz,full
833835,snuggs.cz,cz,full
833946,sofistik.cz,cz,full
834333,soscredit.cz,cz,full
834647,sperkyodpetry.cz,cz,full
834683,spime.cz,cz,full
834801,spoke.cz,cz,full
834841,sportfotbal.cz,cz,full
834967,spspraha.cz,cz,full
835410,stavebniny-levne.cz,cz,full
835515,stezkaceskem.cz,cz,full
835706,strasidlonazamku.cz,cz,full
836000,sudokuonline.cz,cz,full
836375,superfaktura.cz,cz,full
836745,svet-oken.cz,cz,full
836747,svetauticek.cz,cz,full
836748,svetbatohu.cz,cz,full
836750,svetobru.cz,cz,full
836756,svetzbrani.cz,cz,full
836774,svk-barvy.cz,cz,full
836782,svojtka.cz,cz,full
836796,svycarskapujcka.cz,cz,full
836853,swee.cz,cz,full
836907,swimaholic.cz,cz,full
836917,swingerslife.cz,cz,full
837015,sylviene.cz,cz,full
837186,t-led.cz,cz,full
837822,tando.cz,cz,full
838025,taryshop.cz,cz,full
838248,tcmeshop.cz,cz,full
838570,tekuta-guma.cz,cz,full
838790,tentino.cz,cz,full
838884,terrymoda.cz,cz,full
839000,texbase.cz,cz,full
839011,textil-jimi.cz,cz,full
840751,tomasarsov.cz,cz,full
840933,topcigars.cz,cz,full
840958,topgal.cz,cz,full
840987,topkody.cz,cz,full
840988,topkolobezky.cz,cz,full
841207,totalcar.cz,cz,full
841795,trendaro.cz,cz,full
842731,tvoje-letaky.cz,cz,full
842732,tvojedarky.cz,cz,full
843431,uhcar.cz,cz,full
843541,ullapopken.cz,cz,full
843621,umakov.cz,cz,full
843730,underarmour.cz,cz,full
844105,unuo.cz,cz,full
844328,urbanlux.cz,cz,full
844486,usporadejto.cz,cz,full
845031,vandastore.cz,cz,full
845099,vaporism.cz,cz,full
845149,varnet.cz,cz,full
845167,vase-eroticke-povidky.cz,cz,full
845320,vectorcertifikace.cz,cz,full
845473,veneti.cz,cz,full
845584,vermont.cz,cz,full
845830,victoria-ck.cz,cz,full
846029,vigoshop.cz,cz,full
846066,vikio.cz,cz,full
846134,vinarskydum.cz,cz,full
846146,vingo.cz,cz,full
846163,vinylor.cz,cz,full
846504,vitalcountry.cz,cz,full
846535,vitisport.cz,cz,full
846565,vivaco.cz,cz,full
846698,vlesku.cz,cz,full
846783,vodafree.cz,cz,full
846853,volnyvecer.cz,cz,full
847006,vranovska-plaz.cz,cz,full
847205,vyfakturuj.cz,cz,full
847207,vykupujeme-online.cz,cz,full
847208,vylustime.cz,cz,full
847213,vystavakostek.cz,cz,full
847662,waterdrop.cz,cz,full
847846,wearmee.cz,cz,full
847985,webticket.cz,cz,full
848149,werawerk.cz,cz,full
848822,witt-international.cz,cz,full
849040,wordle.cz,cz,full
849919,xinzuo.cz,cz,full
850515,xticket.cz,cz,full
851366,yoggies.cz,cz,full
852087,zafido-eshop.cz,cz,full
852110,zahradnictvi-montano.cz,cz,full
852111,zahradnictviweiss.cz,cz,full
852146,zakruta.cz,cz,full
852158,zaluzie-vs.cz,cz,full
852159,zaluzieee.cz,cz,full
852160,zaluzieweb.cz,cz,full
852198,zaparkorun.cz,cz,full
852274,zavodnice.cz,cz,full
852290,zbrane-kspol.cz,cz,full
852315,zdravybatoh.cz,cz,full
852387,zelenysport.cz,cz,full
852679,zivina.cz,cz,full
852681,zivotsgarminem.cz,cz,full
852736,zlaton.cz,cz,full
852907,zooshopxxl.cz,cz,full
852952,zpspraha.cz,cz,full
852961,zralalaska.cz,cz,full
853077,zuty.cz,cz,full
853208,24crystal.cz,cz,full
853279,partners.cz,cz,full
853340,send.cz,cz,full
853483,zdrave-nohy.cz,cz,full
853545,totalfilm.cz,cz,full
853570,jimmynet.cz,cz,full
853890,zverokruh-shop.cz,cz,full
853916,rosti.cz,cz,full
854001,nacr.cz,cz,full
854056,info-chomutov.cz,cz,full
854315,korfu-servis.cz,cz,full
854456,slv.cz,cz,full
854691,mubruntal.cz,cz,full
854765,4studio.cz,cz,full
854895,tilelook.cz,cz,full
854986,boxfit.cz,cz,full
854990,fkjablonec.cz,cz,full
855234,touchware.cz,cz,full
855465,inev.cz,cz,full
855743,kutilmarket.cz,cz,full
855870,agauto.cz,cz,full
856047,se-forms.cz,cz,full
856114,meetfactory.cz,cz,full
856208,louka.cz,cz,full
856520,linsys.cz,cz,full
856692,gscarp.cz,cz,full
856826,artbook.cz,cz,full
856975,naureus.cz,cz,full
857345,webcloud.cz,cz,full
857448,applet.cz,cz,full
857524,muzeumprahy.cz,cz,full
857620,pravniprostor.cz,cz,full
857806,divaspin-cz.cz,cz,full
857845,fortunaliga.cz,cz,full
857925,midi.cz,cz,full
858061,wolterskluwer.cz,cz,full
858105,yogaguru.cz,cz,full
858107,pecina.cz,cz,full
858566,blue4.cz,cz,full
858568,cafeneo.cz,cz,full
858842,pmo.cz,cz,full
858881,brod.cz,cz,full
859008,europarfemy.cz,cz,full
859121,fakturujzdarma.cz,cz,full
859506,etn.cz,cz,full
859508,knezpole.cz,cz,full
859665,motostickers.cz,cz,full
859852,rexbo.cz,cz,full
859985,trestel.cz,cz,full
860026,jsns.cz,cz,full
860186,infonadnes.cz,cz,full
860458,pemacz.cz,cz,full
860703,techbooks.cz,cz,full
860907,skhsebranice.cz,cz,full
860924,tisknulevne.cz,cz,full
861054,kcict.cz,cz,full
861280,farmtable.cz,cz,full
861315,nar.cz,cz,full
861533,ceskasit.cz,cz,full
861734,jedensvet.cz,cz,full
861893,thosting.cz,cz,full
861980,sovvi.cz,cz,full
862119,wikihow.cz,cz,full
862235,pise.cz,cz,full
862580,kafkamuseum.cz,cz,full
862697,tikitakacasino.cz,cz,full
862756,pneuleader.cz,cz,full
862760,idu.cz,cz,full
862821,literarky.cz,cz,full
862977,zelenadata.cz,cz,full
863023,hnutiduha.cz,cz,full
863077,namespace.cz,cz,full
863112,gigaweb.cz,cz,full
863414,chytryrejstrik.cz,cz,full
863418,fajnsprava.cz,cz,full
863422,gamesites.cz,cz,full
863871,paskov.cz,cz,full
863940,pasic.cz,cz,full
863951,radio1.cz,cz,full
864067,info-kladno.cz,cz,full
864195,binargon.cz,cz,full
864199,etnetera.cz,cz,full
864646,kocarky-vesela.cz,cz,full
864861,slovnik.cz,cz,full
864935,vhkvsetin.cz,cz,full
865055,miab.cz,cz,full
865081,rychlydrat.cz,cz,full
865194,bbhosting.cz,cz,full
865739,nemlib.cz,cz,full
865967,datahost.cz,cz,full
866048,towerpark.cz,cz,full
866198,blogradar.cz,cz,full
866436,bikeforum.cz,cz,full
866537,motogaraz.cz,cz,full
866690,pladias.cz,cz,full
866910,kytice-expres.cz,cz,full
867059,jizni-morava.cz,cz,full
867230,auto-gril.cz,cz,full
867351,spolecenske-hry.cz,cz,full
867455,srovnavacnabytku.cz,cz,full
867717,dumporcelanu.cz,cz,full
868196,croapi.cz,cz,full
868201,ferpotravina.cz,cz,full
868257,dlo.cz,cz,full
868354,zachranstromek.cz,cz,full
868436,dnesniklik.cz,cz,full
868571,autavrabek.cz,cz,full
868821,praha3.cz,cz,full
869017,ceskykutil.cz,cz,full
869058,gsklub.cz,cz,full
869124,strlcat.cz,cz,full
869813,autocentral.cz,cz,full
869926,regionplzen.cz,cz,full
869981,oldfiletak.cz,cz,full
870883,taboristeannin.cz,cz,full
871175,prsteny.cz,cz,full
871299,azair.cz,cz,full
871679,netspark.cz,cz,full
871808,mizejicipamatky.cz,cz,full
871819,zenyzenam.cz,cz,full
871923,osvobozena-knihovna.cz,cz,full
872412,coffboy.cz,cz,full
872480,novacestazivota.cz,cz,full
872504,info-olomouc.cz,cz,full
872673,ticketpro.cz,cz,full
872732,fakoz.cz,cz,full
872791,prodejonline.cz,cz,full
873149,ftn.cz,cz,full
873673,echosphere.cz,cz,full
873750,wellnesstips.cz,cz,full
873894,imap.cz,cz,full
874229,flexcloud.cz,cz,full
874293,kosmetika-zdravi.cz,cz,full
874528,mimedigital.cz,cz,full
874598,powerfeed.cz,cz,full
874637,skorepka15.cz,cz,full
874659,idoom.cz,cz,full
874845,chelsea-fc.cz,cz,full
874847,awtcs.cz,cz,full
874960,dzd.cz,cz,full
875390,kovovyroba-priese.cz,cz,full
875450,elektro-slaby.cz,cz,full
875470,clnet.cz,cz,full
875947,y-ic.cz,cz,full
875980,radioteka.cz,cz,full
876068,sotoweb.cz,cz,full
876295,lideazeme.cz,cz,full
876564,expresrozhled.cz,cz,full
877061,glow.cz,cz,full
877084,syntex.cz,cz,full
877435,velkoobchodberka.cz,cz,full
877761,herman2.cz,cz,full
878048,alexcars.cz,cz,full
878273,epusa.cz,cz,full
878408,knihovnazamberk.cz,cz,full
878415,medipoint.cz,cz,full
878459,nasepraha.cz,cz,full
878463,lindabstrechy.cz,cz,full
878835,stranky1.cz,cz,full
879364,agromanual.cz,cz,full
879822,moxo.cz,cz,full
879917,vecerni-praha.cz,cz,full
880008,caflou.cz,cz,full
880083,ubytovani-rusava.cz,cz,full
880249,epochaplus.cz,cz,full
880257,vtc.cz,cz,full
880320,sh.cz,cz,full
880363,ufleku.cz,cz,full
880455,vpenize.cz,cz,full
880541,ovanet.cz,cz,full
880566,chrudim.cz,cz,full
880632,deston.cz,cz,full
880701,prijmeni.cz,cz,full
881154,geocaching.cz,cz,full
881415,gamaxmotor.cz,cz,full
881439,zenysro.cz,cz,full
881679,n4server.cz,cz,full
881709,vzahradni.cz,cz,full
882029,bloger.cz,cz,full
882515,instory.cz,cz,full
882566,mikov.cz,cz,full
882620,tamiyaforum.cz,cz,full
882922,dnesjeto.cz,cz,full
883278,vodnimlyny.cz,cz,full
883334,booktherapy.cz,cz,full
883421,klaus.cz,cz,full
883435,televizeseznam.cz,cz,full
883439,nvcasinohrat.cz,cz,full
884041,birds.cz,cz,full
884197,zcstrakovo.cz,cz,full
884776,kroje.cz,cz,full
884931,802.cz,cz,full
885213,plakatnik.cz,cz,full
885336,valasskemezirici.cz,cz,full
885469,sowio.cz,cz,full
885557,amoresa.cz,cz,full
885613,bigmat.cz,cz,full
885644,vvbox.cz,cz,full
885722,idc.cz,cz,full
885967,litomerice.cz,cz,full
886350,vinovnik.cz,cz,full
886477,westwing.cz,cz,full
886499,russell-puppies.cz,cz,full
886649,txp.cz,cz,full
886749,psi-krmivo.cz,cz,full
886963,mitsubishiclub.cz,cz,full
887074,tonerpartner.cz,cz,full
887362,prag-aktuell.cz,cz,full
887421,exasoft.cz,cz,full
887465,wienerberger.cz,cz,full
887574,aminabytek.cz,cz,full
887945,vida.cz,cz,full
888010,dafit.cz,cz,full
888265,renault-club.cz,cz,full
888783,aulix.cz,cz,full
889077,riotgames.cz,cz,full
889369,testudo2.cz,cz,full
889447,ubuy.cz,cz,full
889653,easytrend.cz,cz,full
889673,krkvc.cz,cz,full
889742,myartprints.cz,cz,full
889878,gintaras.cz,cz,full
890024,casino-hra.cz,cz,full
890220,tescomobile.cz,cz,full
890623,suzukiclub.cz,cz,full
890675,times.cz,cz,full
890939,tuning-in.cz,cz,full
891305,veterix.cz,cz,full
891638,zhodnoceni-penez.cz,cz,full
891987,mesto-nymburk.cz,cz,full
893239,mikrobus-minibusostrava.cz,cz,full
893459,swifttrack.cz,cz,full
893691,nad-berankem.cz,cz,full
893747,novapravda.cz,cz,full
893762,pionyr.cz,cz,full
894307,mucl.cz,cz,full
894979,papirnictvipavlik.cz,cz,full
895373,farmet.cz,cz,full
895657,farmen.cz,cz,full
895866,antik-hovorka.cz,cz,full
896184,debor.cz,cz,full
896456,ab-com.cz,cz,full
896471,mestoecho.cz,cz,full
896611,najdiwellness.cz,cz,full
896876,mestocernosice.cz,cz,full
897045,tropico.cz,cz,full
897174,jblove.cz,cz,full
897319,namir.cz,cz,full
897416,upgates.cz,cz,full
897564,asijskepotraviny.cz,cz,full
897651,chytrak.cz,cz,full
897685,mediapointcz.cz,cz,full
897704,tlumoceni-preklady.cz,cz,full
897725,heckom.cz,cz,full
897843,infonest.cz,cz,full
897870,shooos.cz,cz,full
897896,jex.cz,cz,full
898130,pravopisne.cz,cz,full
898140,deniktrend.cz,cz,full
898208,jekashop.cz,cz,full
898262,flek.cz,cz,full
898452,e-gaming.cz,cz,full
898626,octaviaclub.cz,cz,full
899068,ctenipomaha.cz,cz,full
899149,cheb.cz,cz,full
900117,stevis.cz,cz,full
900301,i4wifi.cz,cz,full
900652,vytopna.cz,cz,full
900674,pranet.cz,cz,full
900713,chilli-forum.cz,cz,full
900798,vceliobchod.cz,cz,full
900833,hraciautomaty.cz,cz,full
901097,vbox.cz,cz,full
901280,zatravnovacishop.cz,cz,full
901292,konopnykopec.cz,cz,full
901369,garnyze-kolejnice.cz,cz,full
901388,junshop.cz,cz,full
902436,ekohosting.cz,cz,full
902720,speedhosting.cz,cz,full
902735,bpwonline.cz,cz,full
902739,fastcom.cz,cz,full
902871,ceska-jmena.cz,cz,full
902885,reality-slovensko.cz,cz,full
902896,adnium.cz,cz,full
903060,obsahmix.cz,cz,full
903464,frutiko.cz,cz,full
903794,okamzitypohled.cz,cz,full
904166,dece.cz,cz,full
904451,beerweb.cz,cz,full
904476,sportklub-kladno.cz,cz,full
904625,kmrarmsshop.cz,cz,full
904697,susuk.cz,cz,full
904698,kdpcr.cz,cz,full
905197,antiadblock.cz,cz,full
905780,kourimacek.cz,cz,full
905904,1000vecicomeserou.cz,cz,full
906087,informuji.cz,cz,full
906104,sartor.cz,cz,full
906148,webhatch.cz,cz,full
906203,bibelot.cz,cz,full
906334,echoview.cz,cz,full
906630,za-letistem.cz,cz,full
906938,tescosw.cz,cz,full
906987,quickbuzz.cz,cz,full
907019,hodinarstvikostalek.cz,cz,full
907247,praguephotoshow.cz,cz,full
907383,livebid.cz,cz,full
907392,ok-moda.cz,cz,full
907436,raketka.cz,cz,full
907639,audi.cz,cz,full
907901,neonatology.cz,cz,full
907986,unicef.cz,cz,full
908030,f.cz,cz,full
908115,skutecnost.cz,cz,full
908524,lekarskeknihy.cz,cz,full
908832,obecnidum.cz,cz,full
908899,topdoktor.cz,cz,full
909178,fotonmag.cz,cz,full
909491,rcore.cz,cz,full
909551,agentura-cas.cz,cz,full
910082,automedik.cz,cz,full
910635,artgrafika.cz,cz,full
911219,vsednes.cz,cz,full
911512,mobil.cz,cz,full
912114,imagic.cz,cz,full
912153,mamauto.cz,cz,full
912197,objevdnes.cz,cz,full
912214,profispojky.cz,cz,full
912297,autocaris.cz,cz,full
912447,novakultura.cz,cz,full
912495,kulturaklik.cz,cz,full
914220,a21.cz,cz,full
914419,admosphere.cz,cz,full
915676,barley.cz,cz,full
915714,battery.cz,cz,full
916382,botas.cz,cz,full
916505,brunoshop.cz,cz,full
917318,ckvalaska.cz,cz,full
917705,creditportal.cz,cz,full
917869,cyklonemcik.cz,cz,full
917880,czech-job.cz,cz,full
917881,czechchillout.cz,cz,full
917955,dalnicni-znamka.cz,cz,full
918114,denatura.cz,cz,full
918672,e-bonsai.cz,cz,full
918685,e-pletivo.cz,cz,full
918810,ecosmetics.cz,cz,full
918918,ekapo.cz,cz,full
919256,euvikendy.cz,cz,full
919477,fajnspanek.cz,cz,full
919520,farmavranany.cz,cz,full
919603,fermakleri.cz,cz,full
919614,festivalplanetbrno.cz,cz,full
920797,grilykrby.cz,cz,full
920980,hakrbrno.cz,cz,full
921031,happyseeds.cz,cz,full
921115,healthpro.cz,cz,full
921188,heurekazo.cz,cz,full
921215,hianimetv.cz,cz,full
921279,hlasujpro.cz,cz,full
921370,hopnato.cz,cz,full
921470,hubeni-skudcu.cz,cz,full
921595,icedout.cz,cz,full
921865,ingetour.cz,cz,full
922392,jezero-lhota.cz,cz,full
922697,juwelakvarium.cz,cz,full
922899,kawasaki.cz,cz,full
923405,kukuricaci.cz,cz,full
923604,lasamba.cz,cz,full
923742,letaky123.cz,cz,full
924079,lotus365.cz,cz,full
924443,maluna.cz,cz,full
924771,medistyle.cz,cz,full
924790,megabikeplus.cz,cz,full
925091,mitolight.cz,cz,full
925119,mkshavirov.cz,cz,full
925175,mobilni-baterka.cz,cz,full
925184,moda-pradlo.cz,cz,full
925682,na-statku.cz,cz,full
926178,nordiction.cz,cz,full
926200,nosice-stresni.cz,cz,full
927263,petexpert.cz,cz,full
927517,plasmaplace.cz,cz,full
927750,postovniholub.cz,cz,full
927753,potapnicek.cz,cz,full
927835,prehrajfilm.cz,cz,full
927982,pshajdukova.cz,cz,full
928023,pujcovna-lodi.cz,cz,full
928423,ramala.cz,cz,full
928613,regals.cz,cz,full
928634,rejoice.cz,cz,full
928645,relleciga.cz,cz,full
929120,sachasport.cz,cz,full
929907,skalkaostrava.cz,cz,full
929924,skinners.cz,cz,full
930240,sparklemoments.cz,cz,full
930241,sparklypool.cz,cz,full
930274,sperky-eshop.cz,cz,full
930857,tabakovna.cz,cz,full
930867,taborradost.cz,cz,full
930868,tabory.cz,cz,full
930978,tarydrink.cz,cz,full
931101,tenis-zive.cz,cz,full
931504,tomido.cz,cz,full
931528,top-cyklo.cz,cz,full
932261,uspartshop.cz,cz,full
932770,voga-moda.cz,cz,full
933619,yesiamfashion.cz,cz,full
933966,zooparkzelcin.cz,cz,full
934098,pensionhotel.cz,cz,full
934156,hauzi.cz,cz,full
934352,zpravynova.cz,cz,full
934882,coolbeauty.cz,cz,full
934983,silvermania.cz,cz,full
935090,morskeakvarium.cz,cz,full
935152,axabanca.cz,cz,full
935156,casnavse.cz,cz,full
935391,namaximum.cz,cz,full
935483,iphone.cz,cz,full
935630,abc-lekarna.cz,cz,full
936253,reviloshop.cz,cz,full
936307,palacakropolis.cz,cz,full
936580,info-usti.cz,cz,full
936641,lipovcan.cz,cz,full
936912,melnik.cz,cz,full
937018,arch-linux.cz,cz,full
937090,opanet.cz,cz,full
937146,waudit.cz,cz,full
937319,protocycles.cz,cz,full
937399,filmecheck.cz,cz,full
937444,kkvysociny.cz,cz,full
937457,dracisumperk.cz,cz,full
937529,mza.cz,cz,full
937542,jamall.cz,cz,full
937543,magazinplus.cz,cz,full
937593,vw-club.cz,cz,full
937675,tchibo-coffeeservice.cz,cz,full
937857,technimax.cz,cz,full
938076,mazdaclub.cz,cz,full
938341,znovin.cz,cz,full
938452,bety.cz,cz,full
938576,focusnest.cz,cz,full
938580,nukib.cz,cz,full
938625,brno-stred.cz,cz,full
939299,clicknova.cz,cz,full
939441,jiznicechy.cz,cz,full
939461,kszcr.cz,cz,full
940087,kinosvetozor.cz,cz,full
940089,kookiecheck.cz,cz,full
940360,transformatory.cz,cz,full
940381,edenred.cz,cz,full
940498,voocall.cz,cz,full
940774,vasestiznosti.cz,cz,full
940989,styldne.cz,cz,full
941294,klubjunior.cz,cz,full
941466,ping-pong.cz,cz,full
941805,info-frydek-mistek.cz,cz,full
941915,lazneluhacovice.cz,cz,full
941927,echoprime.cz,cz,full
941991,flexvox.cz,cz,full
942655,lans.cz,cz,full
942815,sunnyschool.cz,cz,full
943042,terryhoponozky.cz,cz,full
943089,agc-processing.cz,cz,full
943373,torumia.cz,cz,full
943669,prommcz.cz,cz,full
943678,caaf.cz,cz,full
944359,handball.cz,cz,full
944667,keeshoes.cz,cz,full
944967,topgamingpc.cz,cz,full
945519,orcz.cz,cz,full
945722,elektroforum.cz,cz,full
945882,cendis.cz,cz,full
946050,kasa.cz,cz,full
946121,autodily-jama.cz,cz,full
946172,mindbuzz.cz,cz,full
946358,weps.cz,cz,full
946463,careerjet.cz,cz,full
946694,reag.cz,cz,full
946780,novabeat.cz,cz,full
946927,php5.cz,cz,full
947013,stretta-music.cz,cz,full
947264,dianacb.cz,cz,full
947626,myslenidne.cz,cz,full
947761,kr-olomoucky.cz,cz,full
948131,vsenavareni.cz,cz,full
948259,zamek-konopiste.cz,cz,full
948449,kve.cz,cz,full
948495,nabruslich.cz,cz,full
948650,thedesign.cz,cz,full
948810,expresfm.cz,cz,full
948811,magnalink.cz,cz,full
948985,novavibe.cz,cz,full
949298,dolni-nemci.cz,cz,full
949348,machineryline.cz,cz,full
949674,katolik.cz,cz,full
949738,citroen-club.cz,cz,full
950701,investujeme.cz,cz,full
950713,trendspot.cz,cz,full
950842,trebicsko.cz,cz,full
950892,czechbuzz.cz,cz,full
951144,materasso.cz,cz,full
951353,energetickekameny.cz,cz,full
951393,adra.cz,cz,full
951400,timetable.cz,cz,full
951783,regnet.cz,cz,full
952050,mrp.cz,cz,full
952107,mydreams.cz,cz,full
952352,brickinvest.cz,cz,full
952394,diomi.cz,cz,full
952663,dobrepodlahy.cz,cz,full
952968,tribune.cz,cz,full
953710,2promile.cz,cz,full
953997,lekarnici.cz,cz,full
954023,receptynakazdyden.cz,cz,full
954177,kompletucetnictvi.cz,cz,full
954417,homolka.cz,cz,full
954536,kct.cz,cz,full
954646,dtitech.cz,cz,full
954708,mywac.cz,cz,full
954899,puxdesign.cz,cz,full
955144,eldar.cz,cz,full
955446,e-region.cz,cz,full
955490,pragopolair.cz,cz,full
956122,mze.cz,cz,full
956173,papirove-modely.cz,cz,full
956354,mucha.cz,cz,full
956380,clearvox.cz,cz,full
956680,skyman.cz,cz,full
956697,klikdoba.cz,cz,full
956788,rybina.cz,cz,full
956940,pampeliska.cz,cz,full
957368,amazingplaces.cz,cz,full
957534,oigpower.cz,cz,full
958034,mojeturnaje.cz,cz,full
958228,vlasy-in.cz,cz,full
958305,kubasport.cz,cz,full
958549,naturshop.cz,cz,full
958581,cz-museums.cz,cz,full
958747,grambal-stavby.cz,cz,full
958762,wic-net.cz,cz,full
958793,mestonoviny.cz,cz,full
958806,ollies.cz,cz,full
958912,danielastudio.cz,cz,full
959107,spcr.cz,cz,full
959316,familyprotect.cz,cz,full
959585,academia.cz,cz,full
959781,domyno.cz,cz,full
959865,velsa.cz,cz,full
960231,szif.cz,cz,full
960278,promex.cz,cz,full
960479,mnd.cz,cz,full
960568,21stoleti.cz,cz,full
960871,ji-hlava.cz,cz,full
960919,litesnap.cz,cz,full
961519,glowsource.cz,cz,full
961548,zahradkari.cz,cz,full
962284,refo.cz,cz,full
962336,algerie.cz,cz,full
962501,exvalos.cz,cz,full
962641,orcave.cz,cz,full
962789,info-vary.cz,cz,full
962817,ralakde.cz,cz,full
962850,smartmix.cz,cz,full
962872,startuj.cz,cz,full
963005,jaktridit.cz,cz,full
963114,zarezervovat.cz,cz,full
963276,unium.cz,cz,full
963485,ado.cz,cz,full
964008,uniformix.cz,cz,full
964245,ccnet.cz,cz,full
964359,robert-zauer.cz,cz,full
964489,idalekohledy.cz,cz,full
964840,ebastlirna.cz,cz,full
965156,opensphere.cz,cz,full
965738,ppc.cz,cz,full
965773,amtzshop.cz,cz,full
966088,axabanka.cz,cz,full
966390,phono.cz,cz,full
966534,vetuni.cz,cz,full
966542,bookshop.cz,cz,full
966704,rekola.cz,cz,full
967009,intranet.cz,cz,full
967077,pe3ny.cz,cz,full
967222,skeleton.cz,cz,full
967660,webfokus.cz,cz,full
967678,pq.cz,cz,full
967794,usspa.cz,cz,full
967854,amo.cz,cz,full
967885,rails.cz,cz,full
967922,nastrojecz.cz,cz,full
967937,klikmag.cz,cz,full
968056,fkhd.cz,cz,full
968354,noveposty.cz,cz,full
968529,dumy.cz,cz,full
968562,skolahostivar.cz,cz,full
968760,novanatura.cz,cz,full
969454,airsoftguns.cz,cz,full
969485,e-shopy.cz,cz,full
969596,vugtk.cz,cz,full
969670,desec.cz,cz,full
969921,jaronet.cz,cz,full
970215,eurotel.cz,cz,full
970548,ustinadorlici.cz,cz,full
970601,smartecho.cz,cz,full
970640,vicenezsluzba.cz,cz,full
971113,zamekloucen.cz,cz,full
971154,subarufanclub.cz,cz,full
971193,chf.cz,cz,full
971304,com.cz,cz,full
971420,obchod24it.cz,cz,full
971640,netro.cz,cz,full
971652,akcr.cz,cz,full
971823,stahnu.cz,cz,full
971990,obec-kninice.cz,cz,full
972168,megamega.cz,cz,full
972197,iroom.cz,cz,full
972456,nntb.cz,cz,full
972828,ricany.cz,cz,full
973004,firstclass.cz,cz,full
973027,infopluscz.cz,cz,full
973431,medicalseeds.cz,cz,full
973810,kreativnicesko.cz,cz,full
974005,zoneban.cz,cz,full
974239,mivvyenergy.cz,cz,full
974308,mz.cz,cz,full
974510,chytni.cz,cz,full
974538,nabytek-sleva.cz,cz,full
974600,axapenze.cz,cz,full
974625,eprdel.cz,cz,full
974811,opojisteni.cz,cz,full
974817,praha-mesto.cz,cz,full
974836,aaapoptavka.cz,cz,full
975089,diakonie.cz,cz,full
975183,rsts.cz,cz,full
976570,oinfo.cz,cz,full
976621,zsmasovice.cz,cz,full
977171,poeta.cz,cz,full
977176,family-cover.cz,cz,full
977191,aladine.cz,cz,full
977291,rtnext.cz,cz,full
977432,tfnet.cz,cz,full
977469,ramovaniobrazu.cz,cz,full
977524,zelenyweb.cz,cz,full
977538,potravinybezlepku.cz,cz,full
977804,n1bikeshop.cz,cz,full
977949,alvadi.cz,cz,full
977985,svetmerkur.cz,cz,full
978147,seduo.cz,cz,full
979251,stefajir.cz,cz,full
979282,rockworld.cz,cz,full
979384,throttlepunks.cz,cz,full
979535,lufty.cz,cz,full
979582,natodays.cz,cz,full
979896,xsky.cz,cz,full
980069,lom.cz,cz,full
980348,elektroline.cz,cz,full
980385,rokycany.cz,cz,full
980562,cbf.cz,cz,full
980646,botyevabilkova.cz,cz,full
980770,robelshoes.cz,cz,full
980773,oldgame.cz,cz,full
980948,techtek.cz,cz,full
981045,rigad.cz,cz,full
981114,dd27.cz,cz,full
981176,1000miles.cz,cz,full
983383,benatska.cz,cz,full
984614,cernyrytir.cz,cz,full
985709,dicasablanca.cz,cz,full
986233,ecorson.cz,cz,full
986313,ekoi.cz,cz,full
986347,eliskapourova.cz,cz,full
988122,hanabrno.cz,cz,full
988343,hianimez.cz,cz,full
988554,hornetscup.cz,cz,full
990950,livesportpragueopen.cz,cz,full
991769,mc888.cz,cz,full
992080,mintu.cz,cz,full
992228,mojepsychologie.cz,cz,full
992493,multicar-cb.cz,cz,full
994534,praguegames.cz,cz,full
995096,rallybohemia.cz,cz,full
995487,rophim.cz,cz,full
995888,scac.cz,cz,full
997275,taborajeto.cz,cz,full
998815,velkakinovyzva.cz,cz,full
999139,vstupenkovna.cz,cz,full
999141,vu88.cz,cz,full
208,t-online.de,de,top1000
265,ack.de,de,top1000
388,amazon.de,de,top1000
389,mobile.de,de,top1000
517,google.de,de,top1000
764,spiegel.de,de,top1000
770,ddnss.de,de,top1000
771,bild.de,de,top1000
798,welt.de,de,top1000
846,focus.de,de,top1000
878,ebay.de,de,top1000
909,kleinanzeigen.de,de,top1000
988,otto.de,de,top1000
1064,bund.de,de,top1000
1066,n-tv.de,de,top1000
1111,wetteronline.de,de,top1000
1444,elster.de,de,top1000
1475,markt.de,de,top1000
1511,joyclub.de,de,top1000
1572,ladies.de,de,top1000
1803,zalando.de,de,top1000
1851,your-server.de,de,top1000
1892,rzone.de,de,top1000
2351,ioam.de,de,top1000
2424,ionos.de,de,top1000
2465,web.de,de,top1000
2498,mpg.de,de,top1000
2572,zeit.de,de,top1000
2598,strato.de,de,top1000
2606,ccc.de,de,top1000
2648,heise.de,de,top1000
2846,sueddeutsche.de,de,top1000
2892,check24.de,de,top1000
2899,chip.de,de,top1000
2928,admatic.de,de,top1000
2993,zdf.de,de,top1000
3005,webgo.de,de,top1000
3039,idealo.de,de,top1000
3094,joyn.de,de,top1000
3106,telefonica.de,de,top1000
3115,tagesschau.de,de,top1000
3332,dhl.de,de,top1000
3345,tagesspiegel.de,de,top1000
3394,e-recht24.de,de,top1000
3405,bahn.de,de,top1000
3423,second-ns.de,de,top1000
3496,telekom.de,de,top1000
3504,fraunhofer.de,de,top1000
3519,merkur.de,de,top1000
3527,br.de,de,top1000
3543,your-storageshare.de,de,top1000
3550,ndr.de,de,top1000
3619,immobilienscout24.de,de,top1000
3645,gesetze-im-internet.de,de,top1000
3699,ardmediathek.de,de,top1000
3719,arbeitsagentur.de,de,top1000
3767,tfkc.de,de,top1000
3859,freenet.de,de,top1000
3902,stern.de,de,top1000
3934,adscale.de,de,top1000
3939,bayern.de,de,top1000
3969,aol.de,de,top1000
4011,tum.de,de,top1000
4032,goethe.de,de,top1000
4044,rwth-aachen.de,de,top1000
4108,kicker.de,de,top1000
4197,wdr.de,de,top1000
4251,swr.de,de,top1000
4273,dfn.de,de,top1000
4323,nrw.de,de,top1000
4379,mdr.de,de,top1000
4495,uni-heidelberg.de,de,top1000
4552,siemens.de,de,top1000
4713,blogspot.de,de,top1000
4875,hosteurope.de,de,top1000
4888,udag.de,de,top1000
4901,kaufland.de,de,top1000
4913,fu-berlin.de,de,top1000
4999,volkswagen.de,de,top1000
5005,vinted.de,de,top1000
5058,1und1.de,de,top1000
5222,berlin.de,de,top1000
5316,fr.de,de,top1000
5433,mediamarkt.de,de,top1000
5440,thalia.de,de,top1000
5475,uni-muenchen.de,de,top1000
5498,uni-erlangen.de,de,top1000
5502,nic.de,de,top1000
5615,rtl.de,de,top1000
5620,adac.de,de,top1000
5674,chefkoch.de,de,top1000
5679,autoscout24.de,de,top1000
5721,immowelt.de,de,top1000
5731,vodafone.de,de,top1000
5782,goneo.de,de,top1000
5903,bfv.de,de,top1000
5968,uni-bonn.de,de,top1000
5994,obi.de,de,top1000
6000,uni-hamburg.de,de,top1000
6063,giga.de,de,top1000
6120,hu-berlin.de,de,top1000
6165,spdns.de,de,top1000
6166,uni-frankfurt.de,de,top1000
6206,ui-dns.de,de,top1000
6245,netcologne.de,de,top1000
6275,dm.de,de,top1000
6297,uni-koeln.de,de,top1000
6298,bundestag.de,de,top1000
6378,sport1.de,de,top1000
6405,uni-stuttgart.de,de,top1000
6464,hessen.de,de,top1000
6551,lidl.de,de,top1000
6611,vodafone-ip.de,de,top1000
6773,t-ipconnect.de,de,top1000
6801,sportschau.de,de,top1000
6805,uni-tuebingen.de,de,top1000
6847,schwaebische.de,de,top1000
6933,tvspielfilm.de,de,top1000
7051,tchibo.de,de,top1000
7079,rp-online.de,de,top1000
7089,comdirect.de,de,top1000
7165,niedersachsen.de,de,top1000
7171,gala.de,de,top1000
7211,uni-kiel.de,de,top1000
7269,hornbach.de,de,top1000
7278,juris.de,de,top1000
7295,easybell.de,de,top1000
7324,nordkurier.de,de,top1000
7328,your-storagebox.de,de,top1000
7365,bundesregierung.de,de,top1000
7366,sport.de,de,top1000
7474,allianz.de,de,top1000
7514,tu-dresden.de,de,top1000
7528,filmstarts.de,de,top1000
7659,hna.de,de,top1000
7679,decathlon.de,de,top1000
7682,taz.de,de,top1000
7804,pornpics.de,de,top1000
7986,uni-freiburg.de,de,top1000
7993,destatis.de,de,top1000
8202,presseportal.de,de,top1000
8415,bonprix.de,de,top1000
8423,ruhr24.de,de,top1000
8490,tu-berlin.de,de,top1000
8505,qvc.de,de,top1000
8650,gwdg.de,de,top1000
8715,wbs-law.de,de,top1000
8894,dg-datenschutz.de,de,top1000
8924,uni-goettingen.de,de,top1000
8925,gdatasecurity.de,de,top1000
8964,eventim.de,de,top1000
9057,ihk.de,de,top1000
9117,c-srv.de,de,top1000
9220,gegen-hartz.de,de,top1000
9239,uni-hannover.de,de,top1000
9272,uni-muenster.de,de,top1000
9306,pinterest.de,de,top1000
9412,fau.de,de,top1000
9580,uni-leipzig.de,de,top1000
9674,united-domains.de,de,top1000
9839,deutschlandfunk.de,de,top1000
9902,auerproxy.de,de,top1000
10139,eurosport.de,de,top1000
10265,doctolib.de,de,top1000
10268,uni-bremen.de,de,top1000
10301,uni-regensburg.de,de,top1000
10369,assertcom.de,de,top1000
10425,morgenpost.de,de,top1000
10448,berliner-zeitung.de,de,top1000
10492,server-he.de,de,top1000
10516,kicktipp.de,de,top1000
10532,cornelsen.de,de,top1000
10583,lmu.de,de,top1000
10600,aok.de,de,top1000
10610,diplo.de,de,top1000
10641,hetzner.de,de,top1000
10721,auswaertiges-amt.de,de,top1000
10779,zdfheute.de,de,top1000
10827,umweltbundesamt.de,de,top1000
11038,denic.de,de,top1000
11039,nameserverservice.de,de,top1000
11043,augsburger-allgemeine.de,de,top1000
11055,thomann.de,de,top1000
11109,hamburg.de,de,top1000
11121,tu-darmstadt.de,de,top1000
11188,datenschutz-generator.de,de,top1000
11242,tripadvisor.de,de,top1000
11467,posteo.de,de,top1000
11470,dtag.de,de,top1000
11555,ruhr-uni-bochum.de,de,top1000
11570,rlp.de,de,top1000
11612,checkdomain.de,de,top1000
11653,dwd.de,de,top1000
11821,tu-chemnitz.de,de,top1000
11887,rki.de,de,top1000
11906,arcor.de,de,top1000
11955,abendblatt.de,de,top1000
12053,adg.de,de,top1000
12092,fussball.de,de,top1000
12392,keymachine.de,de,top1000
12412,wiwo.de,de,top1000
12481,uni-trier.de,de,top1000
12484,uni-jena.de,de,top1000
12491,businessinsider.de,de,top1000
12509,timmehosting.de,de,top1000
12596,antagus.de,de,top1000
12597,uni-ulm.de,de,top1000
12743,sachsen.de,de,top1000
12753,lieferando.de,de,top1000
12767,rewe.de,de,top1000
12791,holidaycheck.de,de,top1000
12807,uni-mainz.de,de,top1000
12849,uni-kl.de,de,top1000
12946,golem.de,de,top1000
12994,domainers.de,de,top1000
13022,autobild.de,de,top1000
13050,gamestar.de,de,top1000
13082,personio.de,de,top1000
13118,kaufda.de,de,top1000
13128,hosting.de,de,top1000
13157,dlr.de,de,top1000
13297,uni-bielefeld.de,de,top1000
13350,uni-saarland.de,de,top1000
13432,bpb.de,de,top1000
13441,uni-wuerzburg.de,de,top1000
13511,tag24.de,de,top1000
13573,kino.de,de,top1000
13647,sonnenbatterie.de,de,top1000
13657,hessenschau.de,de,top1000
13706,stepstone.de,de,top1000
13707,xplosion.de,de,top1000
13843,uni-paderborn.de,de,top1000
13904,uni-mannheim.de,de,top1000
14014,vgwort.de,de,top1000
14114,audible.de,de,top1000
14134,sonnen.de,de,top1000
14163,tu-dortmund.de,de,top1000
14203,ecomdata.de,de,top1000
14429,uni-bayreuth.de,de,top1000
14437,i-mo.de,de,top1000
14551,spektrum.de,de,top1000
14704,aerzteblatt.de,de,top1000
14724,waz.de,de,top1000
14731,daad.de,de,top1000
14773,mopo.de,de,top1000
14781,1blu.de,de,top1000
14832,de-nserver.de,de,top1000
14833,kfw.de,de,top1000
14846,manomano.de,de,top1000
14878,bundesfinanzministerium.de,de,top1000
14932,wallstreet-online.de,de,top1000
14938,muenchen.de,de,top1000
14949,aboutyou.de,de,top1000
14978,mydealz.de,de,top1000
15014,fes.de,de,top1000
15061,uni-halle.de,de,top1000
15192,uni-due.de,de,top1000
15215,datev.de,de,top1000
15242,test.de,de,top1000
15279,intel.de,de,top1000
15282,reservix.de,de,top1000
15306,netzwelt.de,de,top1000
15341,mypurecloud.de,de,top1000
15344,versatel.de,de,top1000
15360,ics-vpn.de,de,top1000
15362,toom.de,de,top1000
15372,uni-giessen.de,de,top1000
15380,belwue.de,de,top1000
15395,swp.de,de,top1000
15408,tu-bs.de,de,top1000
15443,moviepilot.de,de,top1000
15513,cloudpit.de,de,top1000
15560,shz.de,de,top1000
15567,abendzeitung-muenchen.de,de,top1000
15679,mz.de,de,top1000
15721,agenturserver.de,de,top1000
15737,auto-motor-und-sport.de,de,top1000
15739,jameda.de,de,top1000
15749,t3n.de,de,top1000
15750,tz.de,de,top1000
15759,qrco.de,de,top1000
15761,inwx.de,de,top1000
15764,artfiles.de,de,top1000
15769,baden-wuerttemberg.de,de,top1000
15824,noris.de,de,top1000
15833,noz.de,de,top1000
15865,clever-tanken.de,de,top1000
15874,bunte.de,de,top1000
15881,meandyourmamahavesomethingincommon.de,de,top1000
15896,computerbild.de,de,top1000
15925,duden.de,de,top1000
15957,lima-city.de,de,top1000
15982,ebay-kleinanzeigen.de,de,top1000
15983,bundesgesundheitsministerium.de,de,top1000
16043,bundeswirtschaftsministerium.de,de,top1000
16096,page-stats.de,de,top1000
16145,deutschlandfunkkultur.de,de,top1000
16161,activemind.de,de,top1000
16180,uni-potsdam.de,de,top1000
16200,express.de,de,top1000
16246,epoq.de,de,top1000
16323,deutschepost.de,de,top1000
16392,mainpost.de,de,top1000
16400,mdex.de,de,top1000
16418,brandenburg.de,de,top1000
16420,familie.de,de,top1000
16466,uni-marburg.de,de,top1000
16525,openstreetmap.de,de,top1000
16625,morenutrition.de,de,top1000
16771,giz.de,de,top1000
16790,uni-konstanz.de,de,top1000
16852,myspreadshop.de,de,top1000
16872,wetter.de,de,top1000
16909,tmt.de,de,top1000
16934,ard.de,de,top1000
16947,diesiedleronline.de,de,top1000
16965,briteline.de,de,top1000
16984,wg-gesucht.de,de,top1000
16998,zum.de,de,top1000
17020,selfhost.de,de,top1000
17072,verbraucherzentrale.de,de,top1000
17097,fz-juelich.de,de,top1000
17101,quoka.de,de,top1000
17110,autodoc.de,de,top1000
17260,stuttgarter-zeitung.de,de,top1000
17261,kreiszeitung.de,de,top1000
17295,schlund.de,de,top1000
17419,uni-augsburg.de,de,top1000
17420,eventbrite.de,de,top1000
17580,avm.de,de,top1000
17584,plusline.de,de,top1000
17602,knipp.de,de,top1000
17657,komoot.de,de,top1000
17692,abebooks.de,de,top1000
17731,phanet.de,de,top1000
17776,fernsehserien.de,de,top1000
17800,o2online.de,de,top1000
17808,arnebrachhold.de,de,top1000
17890,deine-tierwelt.de,de,top1000
17905,dpd.de,de,top1000
18050,mein-schoener-garten.de,de,top1000
18115,freundin.de,de,top1000
18211,deutsche-bank.de,de,top1000
18220,jysk.de,de,top1000
18279,poppen.de,de,top1000
18282,sky.de,de,top1000
18294,ard-mcdn.de,de,top1000
18325,derwesten.de,de,top1000
18345,aida.de,de,top1000
18430,instyle.de,de,top1000
18513,hoerzu.de,de,top1000
18551,ptb.de,de,top1000
18585,daserste.de,de,top1000
18612,ksta.de,de,top1000
18619,nativendo.de,de,top1000
18727,virtualhosts.de,de,top1000
18771,dw.de,de,top1000
18837,manager-magazin.de,de,top1000
18896,charite.de,de,top1000
18897,azubiyo.de,de,top1000
18909,dagstuhl.de,de,top1000
18967,skyscanner.de,de,top1000
18983,geo.de,de,top1000
18985,variomedia.de,de,top1000
19096,ozerov.de,de,top1000
19116,hse.de,de,top1000
19128,bundesnetzagentur.de,de,top1000
19136,nabu.de,de,top1000
19152,schlundtech.de,de,top1000
19162,bmbf.de,de,top1000
19186,nanocosmos.de,de,top1000
19210,desy.de,de,top1000
19238,badische-zeitung.de,de,top1000
19249,uni-osnabrueck.de,de,top1000
19321,sma.de,de,top1000
19388,sachsen-anhalt.de,de,top1000
19414,lexware.de,de,top1000
19449,bz-berlin.de,de,top1000
19488,nebenan.de,de,top1000
19682,poco.de,de,top1000
19690,uni-rostock.de,de,top1000
19691,gmx.de,de,top1000
19704,haufe.de,de,top1000
19707,juraforum.de,de,top1000
19710,bundesumweltministerium.de,de,top1000
19856,bundesbank.de,de,top1000
19859,kas.de,de,top1000
19923,foodsharing.de,de,top1000
20013,freifunk-stuttgart.de,de,top1000
20019,rnd.de,de,top1000
20025,t-ipnet.de,de,top1000
20041,classistatic.de,de,top1000
20107,computerbase.de,de,top1000
20144,bremen.de,de,top1000
20325,parfumo.de,de,top1000
20550,domainkunden.de,de,top1000
20732,vodafonemail.de,de,top1000
20868,wort-suchen.de,de,top1000
20929,ticketmaster.de,de,top1000
21035,pi-asp.de,de,top1000
21277,dw-world.de,de,top1000
21290,uni-kassel.de,de,top1000
21298,bmas.de,de,top1000
21439,utopia.de,de,top1000
21592,emmikochteinfach.de,de,top1000
21599,postbank.de,de,top1000
21620,boreus.de,de,top1000
21643,finya.de,de,top1000
21793,rmv.de,de,top1000
21824,bmwi.de,de,top1000
21978,corpinter.de,de,top1000
22009,meinestadt.de,de,top1000
22066,ich-tanke.de,de,top1000
22128,douglas.de,de,top1000
22130,conrad.de,de,top1000
22206,edeka.de,de,top1000
22266,dfb.de,de,top1000
22472,ernstings-family.de,de,top1000
22492,anwalt.de,de,top1000
22544,rbb24.de,de,top1000
22552,blocklist.de,de,top1000
22556,bmw.de,de,top1000
22578,verivox.de,de,top1000
22843,audi.de,de,top1000
22865,boell.de,de,top1000
22891,adminforge.de,de,top1000
22984,onvista.de,de,top1000
23243,telekom-dienste.de,de,top1000
23508,finanznachrichten.de,de,top1000
23659,uni-duesseldorf.de,de,top1000
23699,tk.de,de,top1000
23715,barmer.de,de,top1000
23763,pcwelt.de,de,top1000
23794,pcvisit.de,de,top1000
23837,uni-oldenburg.de,de,top1000
23910,commerzbank.de,de,top1000
23959,nordbayern.de,de,top1000
24005,prodns.de,de,top1000
24024,cantamen.de,de,top1000
24057,saarland.de,de,top1000
24227,bafin.de,de,top1000
24257,hhu.de,de,top1000
24286,bafa.de,de,top1000
24294,mtv.de,de,top1000
24346,vwfs.de,de,top1000
24352,radiohost.de,de,top1000
24471,dhm.de,de,top1000
24536,uni-siegen.de,de,top1000
24594,cdnsrv.de,de,top1000
24616,onlinemobilecasinos.de,de,top1000
24657,atruvia.de,de,top1000
24680,awi.de,de,top1000
24681,uni-wuppertal.de,de,top1000
24683,dnb.de,de,top1000
24809,gbv.de,de,top1000
24877,thueringen.de,de,top1000
24887,dioezesennetz.de,de,top1000
24902,geizhals.de,de,top1000
24964,pcgameshardware.de,de,top1000
25080,openpetition.de,de,top1000
25190,technetbloggers.de,de,top1000
25290,deutsche-rentenversicherung.de,de,top1000
25315,din.de,de,top1000
25517,uni-greifswald.de,de,top1000
25660,winfuture.de,de,top1000
25686,3sat.de,de,top1000
25884,brigitte.de,de,top1000
25971,rptu.de,de,top1000
25995,buecher.de,de,top1000
26350,rub.de,de,top1000
26508,fh-koeln.de,de,top1000
26537,lrz.de,de,top1000
26583,airbnb.de,de,top1000
26609,dfg.de,de,top1000
26673,apotheken-umschau.de,de,top1000
26757,dsgvo-gesetz.de,de,top1000
26835,simplypos.de,de,top1000
26849,mtb-news.de,de,top1000
26920,ffe390afd658c19dcbf707e0597b846d.de,de,top1000
26933,i-motion.de,de,top1000
27013,visitberlin.de,de,top1000
27038,thieme.de,de,top1000
27207,prosieben.de,de,top1000
27226,nw.de,de,top1000
27242,adidas.de,de,top1000
27254,rebuy.de,de,top1000
27299,sparkasse.de,de,top1000
27323,vogue.de,de,top1000
27327,portalbereich.de,de,top1000
27334,derstandard.de,de,top1000
27351,tu-clausthal.de,de,top1000
27354,volksstimme.de,de,top1000
27518,guenstiger.de,de,top1000
27733,gq-magazin.de,de,top1000
27748,embl-heidelberg.de,de,top1000
27758,okfn.de,de,top1000
27798,birkenwald.de,de,top1000
27852,ga.de,de,top1000
27894,in-berlin.de,de,top1000
27920,elitedomains.de,de,top1000
27947,deutschland.de,de,top1000
27963,lto.de,de,top1000
27968,bundesverfassungsgericht.de,de,top1000
28063,trustedshops.de,de,top1000
28066,booklooker.de,de,top1000
28186,motor-talk.de,de,top1000
28194,jpc.de,de,top1000
28217,wwf.de,de,top1000
28263,bmfsfj.de,de,top1000
28303,tng.de,de,top1000
28304,tchncs.de,de,top1000
28315,bundeswehr.de,de,top1000
28394,beck.de,de,top1000
28424,schleswig-holstein.de,de,top1000
28427,berlios.de,de,top1000
28436,westfalen-blatt.de,de,top1000
28501,haendlerbund.de,de,top1000
28541,ariva.de,de,top1000
28545,suedkurier.de,de,top1000
28598,10be.de,de,top1000
28622,tu-freiberg.de,de,top1000
28632,greatnet.de,de,top1000
28697,europapark.de,de,top1000
28740,ipv64.de,de,top1000
28757,it-recht-kanzlei.de,de,top1000
28816,as-infra.de,de,top1000
28827,thelocal.de,de,top1000
28842,dastelefonbuch.de,de,top1000
28932,rbb-online.de,de,top1000
28940,dguv.de,de,top1000
28968,bvg.de,de,top1000
29048,avency.de,de,top1000
29065,stuve.de,de,top1000
29090,nuernberg.de,de,top1000
29175,idw-online.de,de,top1000
29177,pixelx.de,de,top1000
29202,jugendherberge.de,de,top1000
29208,pnp.de,de,top1000
29297,tipico.de,de,top1000
29316,bmwk.de,de,top1000
29390,abload.de,de,top1000
29531,telekom-domains.de,de,top1000
29538,rossmann.de,de,top1000
29603,online.de,de,top1000
29613,beepworld.de,de,top1000
29685,watson.de,de,top1000
29737,vogel.de,de,top1000
29738,ab-in-den-urlaub.de,de,top1000
29742,madavi.de,de,top1000
29745,finanztip.de,de,top1000
29763,xxxlutz.de,de,top1000
29779,lehmanns.de,de,top1000
29823,kas-dns-server.de,de,top1000
29852,weser-kurier.de,de,top1000
29880,a-dns-service.de,de,top1000
29886,freiepresse.de,de,top1000
29921,rheinpfalz.de,de,top1000
29954,zalando-lounge.de,de,top1000
30019,drk.de,de,top1000
30023,bamf.de,de,top1000
30124,tu-ilmenau.de,de,top1000
30179,thieme-connect.de,de,top1000
30229,fritz-berger.de,de,top1000
30243,fernuni-hagen.de,de,top1000
30257,stuttgarter-nachrichten.de,de,top1000
30300,snafu.de,de,top1000
30395,springerprofessional.de,de,top1000
30496,first-ns.de,de,top1000
30549,l--n.de,de,top1000
30618,start-dns.de,de,top1000
30637,bertelsmann-stiftung.de,de,top1000
30652,nwzonline.de,de,top1000
30665,volkswagenbank.de,de,top1000
30669,jpberlin.de,de,top1000
30679,gelbeseiten.de,de,top1000
30739,bueromarkt-ag.de,de,top1000
30767,dnsuser.de,de,top1000
30803,mercedes-benz.de,de,top1000
30837,powerdns.de,de,top1000
30886,siplogin.de,de,top1000
30937,nintendo.de,de,top1000
30985,dasoertliche.de,de,top1000
31046,saarbruecker-zeitung.de,de,top1000
31062,domainname.de,de,top1000
31088,domserver.de,de,top1000
31140,ui-portal.de,de,top1000
31220,ad-magazin.de,de,top1000
31275,ing.de,de,top1000
31328,pcgames.de,de,top1000
31385,bosch.de,de,top1000
31394,expedia.de,de,top1000
31429,sec-ns.de,de,top1000
31488,uni-sb.de,de,top1000
31524,traum-ferienwohnungen.de,de,top1000
31546,123ns.de,de,top1000
31560,infranken.de,de,top1000
31656,mitarbeiterangebote.de,de,top1000
31708,aachener-zeitung.de,de,top1000
31789,uni-passau.de,de,top1000
31805,capital.de,de,top1000
31807,manage-now.de,de,top1000
31815,p7.de,de,top1000
31829,fact-finder.de,de,top1000
31914,manualslib.de,de,top1000
31930,work.de,de,top1000
31963,webspace-verkauf.de,de,top1000
31968,aldi-sued.de,de,top1000
31984,azure-dns.de,de,top1000
32016,plutex.de,de,top1000
32030,berlinale.de,de,top1000
32079,payback.de,de,top1000
32085,gsi.de,de,top1000
32171,notebooksbilliger.de,de,top1000
32200,goip.de,de,top1000
32227,deutsche-digitale-bibliothek.de,de,top1000
32298,ddns3-instar.de,de,top1000
32311,staatsbibliothek-berlin.de,de,top1000
32329,dpma.de,de,top1000
32333,saechsische.de,de,top1000
32402,flaconi.de,de,top1000
32432,s-fg-net.de,de,top1000
32438,embl.de,de,top1000
32467,fewo-direkt.de,de,top1000
32470,kfzteile24.de,de,top1000
32542,bundesgerichtshof.de,de,top1000
32556,johanniter.de,de,top1000
32571,uni-hohenheim.de,de,top1000
32604,helios-gesundheit.de,de,top1000
32640,ovgu.de,de,top1000
32692,bfarm.de,de,top1000
32745,sr.de,de,top1000
32771,carlsen.de,de,top1000
32787,bvb.de,de,top1000
32801,uni-weimar.de,de,top1000
32825,alternate.de,de,top1000
32838,powersrv.de,de,top1000
32841,etracker.de,de,top1000
32916,wuerth.de,de,top1000
32919,travelbook.de,de,top1000
32946,dnsforge.de,de,top1000
32955,coolblue.de,de,top1000
33006,domainmarkt.de,de,top1000
33012,internet1.de,de,top1000
33135,alamy.de,de,top1000
33167,limango.de,de,top1000
33191,greenpeace.de,de,top1000
33221,extra-call.de,de,top1000
33230,agma-analytics.de,de,top1000
33246,server-eye.de,de,top1000
33289,datawrapper.de,de,top1000
33298,intersport.de,de,top1000
33332,qualitymedianetwork.de,de,top1000
33382,expert.de,de,top1000
33403,sipgate.de,de,top1000
33465,transfermarkt.de,de,top1000
33523,sephora.de,de,top1000
33539,uni-magdeburg.de,de,top1000
33576,mail.de,de,top1000
33584,gettyimages.de,de,top1000
33611,chaosdorf.de,de,top1000
33612,rtpslots.de,de,top1000
33617,fnp.de,de,top1000
33629,baua.de,de,top1000
33657,dradio.de,de,top1000
33658,lotto24.de,de,top1000
33671,digitalcourage.de,de,top1000
33677,pwc.de,de,top1000
33791,zoll.de,de,top1000
33818,docmorris.de,de,top1000
33931,museum-digital.de,de,top1000
34037,stadt-koeln.de,de,top1000
34039,bmel.de,de,top1000
34048,hugendubel.de,de,top1000
34088,digitale-sammlungen.de,de,top1000
34129,kabel-deutschland.de,de,top1000
34210,lvz.de,de,top1000
34325,netto-online.de,de,top1000
34369,wtnet.de,de,top1000
34413,oberberg-online.de,de,top1000
34459,swr3.de,de,top1000
34503,uni-bamberg.de,de,top1000
34519,nshost2.de,de,top1000
34556,schwarzwaelder-bote.de,de,top1000
34563,tuhh.de,de,top1000
34566,ruv.de,de,top1000
34568,galeria.de,de,top1000
34572,bka.de,de,top1000
34603,peek-cloppenburg.de,de,top1000
34624,slub-dresden.de,de,top1000
34630,livedealerspiele.de,de,top1000
34660,casino-mit-gewinnchance.de,de,top1000
34688,handelsregister.de,de,top1000
34695,billiger.de,de,top1000
34711,innogames.de,de,top1000
34764,bike-components.de,de,top1000
34772,westermann.de,de,top1000
34796,ronet.de,de,top1000
34852,medimops.de,de,top1000
34911,lvr.de,de,top1000
34920,pkwteile.de,de,top1000
34934,pharmazeutische-zeitung.de,de,top1000
34998,ufz.de,de,top1000
35010,arcor-ip.de,de,top1000
35015,tu-braunschweig.de,de,top1000
35052,axelspringer.de,de,top1000
35054,northdata.de,de,top1000
35122,bike-discount.de,de,top1000
35152,messe-stuttgart.de,de,top1000
35160,wa.de,de,top1000
35189,duesseldorf.de,de,top1000
35212,logoip.de,de,top1000
35216,bestecasinoliste.de,de,top1000
35305,globetrotter.de,de,top1000
35314,desired.de,de,top1000
35343,gameduell.de,de,top1000
35366,hannover.de,de,top1000
35376,volksfreund.de,de,top1000
35411,ruhrnachrichten.de,de,top1000
35465,kivbf.de,de,top1000
35511,11freunde.de,de,top1000
35516,lycos.de,de,top1000
35549,wn.de,de,top1000
35574,consorsbank.de,de,top1000
35575,flashscore.de,de,top1000
35576,mueller.de,de,top1000
35634,apotheke-adhoc.de,de,top1000
35697,dzbank.de,de,top1000
35698,iserv.de,de,top1000
35720,dmsolutions.de,de,top1000
35738,autoteiledirekt.de,de,top1000
35785,uni-koblenz.de,de,top1000
35822,hannovermesse.de,de,top1000
35848,nameserver.de,de,top1000
35869,ahk.de,de,top1000
35872,maz-online.de,de,top1000
35924,monsterserver.de,de,top1000
35997,verdi.de,de,top1000
36014,oekotest.de,de,top1000
36165,smava.de,de,top1000
36227,meinprospekt.de,de,top1000
36268,db-dns.de,de,top1000
36270,zooplus.de,de,top1000
36280,autobid.de,de,top1000
36297,antenne.de,de,top1000
36344,my3cx.de,de,top1000
36353,idowa.de,de,top1000
36403,verbraucher-schlichter.de,de,top1000
36416,uni-karlsruhe.de,de,top1000
36494,saturn.de,de,top1000
36504,facebook.de,de,top1000
36517,datenschutz.de,de,top1000
36521,joybuy.de,de,top1000
36548,elle.de,de,top1000
36585,haz.de,de,top1000
36591,suedwestfalenit.de,de,top1000
36608,brak.de,de,top1000
36652,stuttgart.de,de,top1000
36700,boerse.de,de,top1000
36726,musicstore.de,de,top1000
36727,bioeg.de,de,top1000
36772,bergfreunde.de,de,top1000
36774,katholisch.de,de,top1000
36799,rapidshare.de,de,top1000
36844,promiflash.de,de,top1000
36888,esquire.de,de,top1000
36901,kingdread.de,de,top1000
36921,louis.de,de,top1000
36987,penguin.de,de,top1000
36997,metro.de,de,top1000
37007,ns35.de,de,top1000
37018,baur.de,de,top1000
37086,newyorker.de,de,top1000
37138,mittelbayerische.de,de,top1000
37160,bmz.de,de,top1000
37200,kundenserver.de,de,top1000
37217,com.de,de,top1000
37226,rhein-zeitung.de,de,top1000
37236,noventi-ora.de,de,top1000
37370,aldi-nord.de,de,top1000
37390,dresden.de,de,top1000
37425,hrworks.de,de,top1000
37489,personio-internal.de,de,top1000
37493,rollingstone.de,de,top1000
37568,trivago.de,de,top1000
37578,telesec.de,de,top1000
37596,moz.de,de,top1000
37761,nd-aktuell.de,de,top1000
37835,lemarit.de,de,top1000
37888,bundesarchiv.de,de,top1000
37919,testberichte.de,de,top1000
37930,ip-projects.de,de,top1000
37932,reichelt.de,de,top1000
37959,ingenieur.de,de,top1000
37993,berliner-kurier.de,de,top1000
38010,stimme.de,de,top1000
38046,bfs.de,de,top1000
38208,speicherzentrum.de,de,top1000
38223,rausgegangen.de,de,top1000
38235,pik-potsdam.de,de,top1000
38269,teltarif.de,de,top1000
38306,hannover-stadt.de,de,top1000
38366,naderman.de,de,top1000
38396,thueringer-allgemeine.de,de,top1000
38444,visa.de,de,top1000
38487,kochbar.de,de,top1000
38496,hostpress.de,de,top1000
38550,as-nmt.de,de,top1000
38555,mlp.de,de,top1000
38583,bmjv.de,de,top1000
38633,dwds.de,de,top1000
38703,wetterzentrale.de,de,top1000
38709,4players.de,de,top1000
38798,mindfactory.de,de,top1000
38811,impressum-generator.de,de,top1000
38842,worldofsweets.de,de,top1000
38935,congstar.de,de,top1000
39067,on3cx.de,de,top1000
39076,deutschlandradio.de,de,top1000
39097,netdoktor.de,de,top1000
39104,ewetel.de,de,top1000
39118,dfki.de,de,top1000
39139,rnz.de,de,top1000
39162,aponet.de,de,top1000
39184,frankfurt.de,de,top1000
39221,rennrad-news.de,de,top1000
39264,th-rosenheim.de,de,top1000
39300,hs-augsburg.de,de,top1000
39304,bmuv.de,de,top1000
39328,atosorigin.de,de,top1000
39477,netclusive.de,de,top1000
39481,deutsches-museum.de,de,top1000
39507,boerse-online.de,de,top1000
39523,dlrg.de,de,top1000
39555,schulserver.de,de,top1000
39559,bmu.de,de,top1000
39568,bsz-bw.de,de,top1000
39613,leuchtstark.de,de,top1000
39614,bycs.de,de,top1000
39839,bonn.de,de,top1000
39841,gemos-management.de,de,top1000
39861,name-server-kas.de,de,top1000
39864,ai-dns.de,de,top1000
39872,reisereporter.de,de,top1000
40007,mein-datenschutzbeauftragter.de,de,top1000
40028,t1p.de,de,top1000
40043,witt-weiden.de,de,top1000
40112,ergo.de,de,top1000
40137,rtl-hbbtv.de,de,top1000
40138,neue-casino-spiele.de,de,top1000
40147,bnn.de,de,top1000
40159,bzga.de,de,top1000
40160,funpic.de,de,top1000
40165,tvnow.de,de,top1000
40173,fachportal-paedagogik.de,de,top1000
40186,dkrz.de,de,top1000
40199,ekomiapps.de,de,top1000
40216,funkemedien.de,de,top1000
40327,flixbus.de,de,top1000
40362,aquacomputer.de,de,top1000
40450,fitforfun.de,de,top1000
40504,ptcloud.de,de,top1000
40530,ligainsider.de,de,top1000
40597,pageloft.de,de,top1000
40609,heine.de,de,top1000
40703,soscisurvey.de,de,top1000
40743,fotocommunity.de,de,top1000
40754,aktion-mensch.de,de,top1000
40789,stadt-bremerhaven.de,de,top1000
40795,bfn.de,de,top1000
40803,firewall-gateway.de,de,top1000
40837,leipzig.de,de,top1000
40881,zedal.de,de,top1000
40924,leasingmarkt.de,de,top1000
40977,weekli.de,de,top1000
41054,mvv-muenchen.de,de,top1000
41080,planet-wissen.de,de,top1000
41092,perlentaucher.de,de,top1000
41150,un-hack-bar.de,de,top1000
41224,gls-pakete.de,de,top1000
41265,einzahlungbonus.de,de,top1000
41275,studysmarter.de,de,top1000
41458,computerwoche.de,de,top1000
41469,westlotto.de,de,top1000
41483,sosafe.de,de,top1000
41491,huk.de,de,top1000
41494,donaukurier.de,de,top1000
41525,ifo.de,de,top1000
41653,lecker.de,de,top1000
41742,gamepro.de,de,top1000
41775,hagebau.de,de,top1000
41841,ardsounds.de,de,top1000
41861,fh-muenster.de,de,top1000
41865,main-echo.de,de,top1000
42026,aerztezeitung.de,de,top1000
42077,next.de,de,top1000
42163,schalke04.de,de,top1000
42174,nrwlokalradios.de,de,top1000
42181,funkedigital.de,de,top1000
42214,fhg.de,de,top1000
42264,fussballdaten.de,de,top1000
42280,stroeermb.de,de,top1000
42289,htw-berlin.de,de,top1000
42313,placetel.de,de,top1000
42329,v-dns.de,de,top1000
42337,gofeminin.de,de,top1000
42429,einfachbacken.de,de,top1000
42473,atu.de,de,top1000
42578,spin.de,de,top1000
42631,backmarket.de,de,top1000
42645,tu-muenchen.de,de,top1000
42679,dge.de,de,top1000
42690,campact.de,de,top1000
42715,sol.de,de,top1000
42739,myhomebook.de,de,top1000
42767,bestsrv.de,de,top1000
42908,tvmovie.de,de,top1000
42910,tvtoday.de,de,top1000
42924,leuphana.de,de,top1000
42936,pokewiki.de,de,top1000
43026,devk.de,de,top1000
43135,rosalux.de,de,top1000
43208,nn.de,de,top1000
43222,lvm.de,de,top1000
43284,cookidoo.de,de,top1000
43288,akadev.de,de,top1000
43317,op-online.de,de,top1000
43371,ntdns.de,de,top1000
43391,bahnhof.de,de,top1000
43421,mein-mmo.de,de,top1000
43439,gdata.de,de,top1000
43512,lotto.de,de,top1000
43562,bundesrat.de,de,top1000
43628,targobank.de,de,top1000
43673,opodo.de,de,top1000
43720,ekir.de,de,top1000
43744,misterspex.de,de,top1000
43747,kanzlei-hasselbach.de,de,top1000
43752,fluege.de,de,top1000
43803,rc-network.de,de,top1000
43863,superchat.de,de,top1000
43901,sqrt-5041.de,de,top1000
43936,galaxus.de,de,top1000
43973,freitag.de,de,top1000
44021,braunschweiger-zeitung.de,de,top1000
44042,stroeerws.de,de,top1000
44144,arvato-systems.de,de,top1000
44170,urbia.de,de,top1000
44173,play3.de,de,top1000
44209,blau.de,de,top1000
44215,mainns.de,de,top1000
44376,freiburg.de,de,top1000
44389,bwin.de,de,top1000
44395,sixt.de,de,top1000
44419,hypovereinsbank.de,de,top1000
44423,karlsruhe.de,de,top1000
44476,onetz.de,de,top1000
44506,services-bahn.de,de,top1000
44606,ekom21.de,de,top1000
44689,notino.de,de,top1000
44717,familienkost.de,de,top1000
44736,hysky.de,de,top1000
44785,pengutronix.de,de,top1000
44786,dynaccess.de,de,top1000
44792,tal.de,de,top1000
44954,diw.de,de,top1000
44992,wz.de,de,top1000
45020,emp.de,de,top1000
45032,techbook.de,de,top1000
45033,lancom.de,de,top1000
45039,infektionsschutz.de,de,top1000
45041,eintracht.de,de,top1000
45072,zkm.de,de,top1000
45100,uni-luebeck.de,de,top1000
45181,airsoft-verzeichnis.de,de,top1000
45216,hardwareluxx.de,de,top1000
45241,prisma.de,de,top1000
45363,df-srv.de,de,top1000
45365,probe-networks.de,de,top1000
45396,wp.de,de,top1000
45398,nrz.de,de,top1000
45408,yahoo.de,de,top1000
45513,moebel.de,de,top1000
45549,ubuntuusers.de,de,top1000
45629,dgb.de,de,top1000
45666,fressnapf.de,de,top1000
45684,roller.de,de,top1000
45744,medizinfuchs.de,de,top1000
45836,podcast.de,de,top1000
45866,iwkoeln.de,de,top1000
45886,pdscloud.de,de,top1000
45912,essen-und-trinken.de,de,top1000
45973,cylex.de,de,top1000
46051,h-da.de,de,top1000
46069,mwn.de,de,top1000
46086,rosebikes.de,de,top1000
46436,ancestry.de,de,top1000
46450,hoeffner.de,de,top1000
46472,cyberport.de,de,top1000
46493,gesetze-bayern.de,de,top1000
46511,refurbed.de,de,top1000
46783,home24.de,de,random1000
47312,ad-hoc-news.de,de,random1000
50350,medikamente-per-klick.de,de,random1000
50892,thehalara.de,de,random1000
51178,die-karte-bitte.de,de,random1000
51602,sat1.de,de,random1000
53337,bibkat.de,de,random1000
55541,die-staemme.de,de,random1000
55597,campdavid-soccx.de,de,random1000
56345,deutschlandfunknova.de,de,random1000
56364,vdi.de,de,random1000
58038,wissenschaft.de,de,random1000
58336,dihk.de,de,random1000
59468,ftd.de,de,random1000
60913,breuni.de,de,random1000
61724,deutsche-apotheker-zeitung.de,de,random1000
62512,bod.de,de,random1000
62905,schuhe-lueke.de,de,random1000
63227,happy-size.de,de,random1000
64538,mineralienatlas.de,de,random1000
64703,rusdate.de,de,random1000
64792,ifw-kiel.de,de,random1000
68088,gema.de,de,random1000
70157,datenschutz-berlin.de,de,random1000
71304,romanistik.de,de,random1000
75325,visoft.de,de,random1000
76504,mvnet.de,de,random1000
78294,brettspielnetz.de,de,random1000
80875,quizworld.de,de,random1000
81097,sadomaso-chat.de,de,random1000
82393,iam-bms.de,de,random1000
84008,online-now.de,de,random1000
84328,shoplytics.de,de,random1000
84992,blogsport.de,de,random1000
90932,baby-walz.de,de,random1000
91195,gs.de,de,random1000
91662,mz-web.de,de,random1000
91984,btnet.de,de,random1000
95784,uli-ludwig.de,de,random1000
96584,wieistmeineip.de,de,random1000
96901,profamilia.de,de,random1000
97592,dena.de,de,random1000
97868,contorion.de,de,random1000
98201,bmvg.de,de,random1000
98878,omcnet.de,de,random1000
99122,manitu.de,de,random1000
99805,dertour.de,de,random1000
100704,helmholtz.de,de,random1000
101179,norma-online.de,de,random1000
101199,ionic.de,de,random1000
101573,schule-infoportal.de,de,random1000
104480,mt.de,de,random1000
106449,116117.de,de,random1000
107431,testerheld.de,de,random1000
107669,fiz-karlsruhe.de,de,random1000
108676,falk.de,de,random1000
114316,bo.de,de,random1000
114523,bmw-motorrad.de,de,random1000
115004,helmholtz-muenchen.de,de,random1000
115262,savit.de,de,random1000
115479,sinma.de,de,random1000
117251,stylight.de,de,random1000
117503,lastdodo.de,de,random1000
119797,rammstein.de,de,random1000
121492,modellbau-berlinski.de,de,random1000
122925,xing.de,de,random1000
123364,elektronik-kompendium.de,de,random1000
124456,copart.de,de,random1000
124743,hanseaticbank.de,de,random1000
126084,s-web.de,de,random1000
127079,hs-anhalt.de,de,random1000
129272,wrestling-infos.de,de,random1000
129289,myfitapp.de,de,random1000
130148,deepest-purple.de,de,random1000
132223,avosupport.de,de,random1000
132318,boerse-stuttgart.de,de,random1000
133358,alza.de,de,random1000
137493,spiele-umsonst.de,de,random1000
138641,numismatikforum.de,de,random1000
139759,dampsoft.de,de,random1000
139824,audiencemanager.de,de,random1000
140474,nodesecure.de,de,random1000
142996,shimly-klick.de,de,random1000
147354,hszg.de,de,random1000
147840,im-netz.de,de,random1000
148105,freizeitmonster.de,de,random1000
149433,rad-net.de,de,random1000
152542,webediagaming.de,de,random1000
153068,jobware.de,de,random1000
154408,imwerden.de,de,random1000
154666,jam-software.de,de,random1000
155493,immoprofessional.de,de,random1000
156116,ifeu.de,de,random1000
157673,rudern.de,de,random1000
157746,sat1regional.de,de,random1000
158664,outlet46.de,de,random1000
159038,ecofis.de,de,random1000
160336,berliner-feuerwehr.de,de,random1000
162197,bwl.de,de,random1000
162442,h2.de,de,random1000
162725,honda.de,de,random1000
162748,unicum.de,de,random1000
163782,alditalk-kundenportal.de,de,random1000
164003,experian.de,de,random1000
164469,gruene-bundestag.de,de,random1000
165471,hawk-hhg.de,de,random1000
166497,eventim-inhouse.de,de,random1000
168372,elektroroller-forum.de,de,random1000
169957,ifun.de,de,random1000
173009,energiewechsel.de,de,random1000
173900,medexpress.de,de,random1000
174365,bitzer.de,de,random1000
174782,jetzt.de,de,random1000
176160,kosyfa.de,de,random1000
177719,menschenrechtszentrum-cottbus.de,de,random1000
183765,mpil.de,de,random1000
186214,tx-board.de,de,random1000
189257,attac.de,de,random1000
190403,iok.de,de,random1000
190905,weck.de,de,random1000
193678,mailtastic.de,de,random1000
194487,ns31.de,de,random1000
195025,dpn.de,de,random1000
198228,bayern3.de,de,random1000
199718,expurgate.de,de,random1000
199824,terracloud.de,de,random1000
200144,liebesfun.de,de,random1000
200268,ibs-bw.de,de,random1000
200563,wette.de,de,random1000
202781,fruitmedia.de,de,random1000
203490,mein-webdienst.de,de,random1000
204918,deutsche-familienversicherung.de,de,random1000
205910,autoteile-rathenow.de,de,random1000
207616,mauve.de,de,random1000
211903,neu.de,de,random1000
212141,woerterbuchnetz.de,de,random1000
212605,disponic.de,de,random1000
219782,textination.de,de,random1000
220133,meininvest.de,de,random1000
221531,hostingfavorit.de,de,random1000
221563,lottohelden.de,de,random1000
223123,lizzynet.de,de,random1000
224147,bio-apo.de,de,random1000
224187,hs-bremerhaven.de,de,random1000
225916,qlt-online.de,de,random1000
227246,unielektro.de,de,random1000
228117,bingbong.de,de,random1000
228389,seekheart.de,de,random1000
229839,herpa.de,de,random1000
230880,mehr-demokratie.de,de,random1000
232102,scribbr.de,de,random1000
233200,swd-ag.de,de,random1000
233831,wormser-zeitung.de,de,random1000
233882,regenbogen.de,de,random1000
234321,netpeak.de,de,random1000
236532,kbpim.de,de,random1000
237529,adito.de,de,random1000
238037,betten.de,de,random1000
238243,hockenheimring.de,de,random1000
238981,motorworld.de,de,random1000
240718,naturfreunde.de,de,random1000
240805,whserv.de,de,random1000
241031,neumuenster.de,de,random1000
242032,karaoke-version.de,de,random1000
246147,schulmanager-online.de,de,random1000
247128,301-moved.de,de,random1000
248234,peek-und-cloppenburg.de,de,random1000
249016,izgmf.de,de,random1000
250103,learnenglish.de,de,random1000
253748,tsv1860.de,de,random1000
253943,wlb-stuttgart.de,de,random1000
254045,landkreis-muenchen.de,de,random1000
255318,grone.de,de,random1000
260100,ebesucher.de,de,random1000
264815,urlaubstracker.de,de,random1000
265035,rku-it.de,de,random1000
265521,c-nw.de,de,random1000
266913,mister-pool.de,de,random1000
267528,posterlounge.de,de,random1000
268114,cosmopolitanschool.de,de,random1000
269314,vag.de,de,random1000
269586,philipphudek.de,de,random1000
271998,webspace24-dns.de,de,random1000
272343,diesachsen.de,de,random1000
272652,declareme.de,de,random1000
273257,grip500.de,de,random1000
274270,fahren-lernen.de,de,random1000
274289,datev-status.de,de,random1000
274486,starbucks.de,de,random1000
275466,crm.de,de,random1000
275603,buch7.de,de,random1000
275705,langer-blomqvist.de,de,random1000
275990,business-wissen.de,de,random1000
276748,concerti.de,de,random1000
281517,artemiskliniken.de,de,random1000
283442,bremer-sitzbezuege.de,de,random1000
283665,holstein-kiel.de,de,random1000
284356,henkel.de,de,random1000
284433,etl.de,de,random1000
285148,benuta.de,de,random1000
285389,wilkens-wohnstudio.de,de,random1000
285840,easyticket.de,de,random1000
286643,chefsculinar.de,de,random1000
287225,trustcenter.de,de,random1000
287833,maedler.de,de,random1000
289344,familienservice.de,de,random1000
289528,tanzclub-hanau.de,de,random1000
289552,hi-tier.de,de,random1000
289558,degussa.de,de,random1000
290599,autoplus-portal.de,de,random1000
290773,symcon.de,de,random1000
291621,eticket-deutschland.de,de,random1000
292832,fragrantica.de,de,random1000
295158,filmuniversitaet.de,de,random1000
295301,emilfrey.de,de,random1000
295649,uilogin.de,de,random1000
296924,griefergames.de,de,random1000
297385,subcentral.de,de,random1000
297517,360gradgesundheitsservice.de,de,random1000
297591,luedecke.de,de,random1000
297838,schaubuehne.de,de,random1000
298631,wetter24.de,de,random1000
299238,fischkaufhaus.de,de,random1000
299440,inkster.de,de,random1000
299467,seminar-bw.de,de,random1000
299484,bet3000.de,de,random1000
300105,edutags.de,de,random1000
300247,syss.de,de,random1000
301127,cactus2000.de,de,random1000
302053,axakonzern.de,de,random1000
302326,stellenonline.de,de,random1000
302374,connecticum.de,de,random1000
302575,microsoftonline.de,de,random1000
303562,over-blog.de,de,random1000
303593,deutschertourismusverband.de,de,random1000
304395,fussball-em.de,de,random1000
305186,fusion-festival.de,de,random1000
305601,aroundhome-services.de,de,random1000
305784,papierkram.de,de,random1000
306061,meteomedia.de,de,random1000
306801,bodfeld-apotheke.de,de,random1000
306877,konsolentreff.de,de,random1000
307050,colonia.de,de,random1000
307968,gfds.de,de,random1000
308870,combi.de,de,random1000
309870,dichtstoffhandel.de,de,random1000
311136,graingold.de,de,random1000
311721,appack.de,de,random1000
312293,diealternative.de,de,random1000
313008,axa-center.de,de,random1000
313136,eventphone.de,de,random1000
317112,musik-produktiv.de,de,random1000
317133,eplus.de,de,random1000
317730,mein-now.de,de,random1000
318679,axa-essen.de,de,random1000
320731,axa-makler-nord-ost.de,de,random1000
320866,berlinerdom.de,de,random1000
320925,strecken-info.de,de,random1000
321076,loesungsversichereraxa.de,de,random1000
322120,q-tec-dyn.de,de,random1000
323061,walkby-sys.de,de,random1000
323537,jrtberlin.de,de,random1000
323780,repraesentant.de,de,random1000
323879,jagdwelt24.de,de,random1000
325581,merkheft.de,de,random1000
326310,wiimm.de,de,random1000
326489,wihoforschung.de,de,random1000
326531,stammbaum-reinhardt.de,de,random1000
326552,tc.de,de,random1000
326931,60plustreff.de,de,random1000
327690,deutsche-aerzte-finanz.de,de,random1000
327827,altkreisblitz.de,de,random1000
328112,mydbv.de,de,random1000
329425,aebv-mittelfranken.de,de,random1000
332377,meine-flohmarkt-termine.de,de,random1000
332774,vorablesen.de,de,random1000
334019,knauf.de,de,random1000
334347,kalenderpedia.de,de,random1000
334555,ecu.de,de,random1000
335398,hausfelder.de,de,random1000
335774,groove.de,de,random1000
336203,fhm.de,de,random1000
337205,remax.de,de,random1000
337517,unifacecm.de,de,random1000
338408,flugzeugforum.de,de,random1000
340498,krz.de,de,random1000
340945,zusammen.de,de,random1000
341506,byak.de,de,random1000
341927,ich-parke-billiger.de,de,random1000
343669,fotokasten.de,de,random1000
345597,rayzs.de,de,random1000
346409,kw-berlin.de,de,random1000
346482,aquariumforum.de,de,random1000
346599,kapiert.de,de,random1000
346662,hot-pain.de,de,random1000
346683,dnslive.de,de,random1000
346692,1awhisky.de,de,random1000
347372,docfinanz.de,de,random1000
347450,dold-mechatronik.de,de,random1000
347630,golem-baukeramik.de,de,random1000
347864,wolf-online-shop.de,de,random1000
347979,jobmenge.de,de,random1000
348515,drv.de,de,random1000
350294,bundes-telefonbuch.de,de,random1000
350843,mbpassion.de,de,random1000
351345,forschungsfinder-hessen.de,de,random1000
351714,zootierliste.de,de,random1000
352329,jeans-fritz.de,de,random1000
352956,apolux.de,de,random1000
353144,vema-eg.de,de,random1000
353315,block-house.de,de,random1000
354643,bafza.de,de,random1000
356641,hifisound.de,de,random1000
356752,netztransparenz.de,de,random1000
357204,aptaclub.de,de,random1000
358089,schillerschule-muensingen.de,de,random1000
359553,outfit4events.de,de,random1000
361229,iceportal.de,de,random1000
361664,study-in-germany.de,de,random1000
362393,fundsachen.de,de,random1000
362624,kfz-eske.de,de,random1000
363454,unillel-paraversum.de,de,random1000
365184,vrt-info.de,de,random1000
365379,steinershopping-moebel.de,de,random1000
366328,flugwetter-app.de,de,random1000
366400,pharaoh-le.de,de,random1000
367018,lobster.de,de,random1000
367974,bsdex.de,de,random1000
369195,jurarat.de,de,random1000
369696,tivoli.de,de,random1000
371141,livecareer.de,de,random1000
372003,steinershopping.de,de,random1000
372230,tariffuxx.de,de,random1000
373339,ca33beyonds.de,de,random1000
373365,desenio.de,de,random1000
374390,sorglosinternet.de,de,random1000
374637,bildungsklick.de,de,random1000
374710,arena-verlag.de,de,random1000
375453,bs-sd.de,de,random1000
375725,erasmusplus.de,de,random1000
376555,bergischgladbach.de,de,random1000
377120,21hosting.de,de,random1000
378914,openkeys.de,de,random1000
380595,tellermitte.de,de,random1000
380710,whiskyginrum.de,de,random1000
382071,leitner-reisen.de,de,random1000
382178,sparkasse-dortmund.de,de,random1000
382774,miasanrot.de,de,random1000
382893,gamblizard.de,de,random1000
383426,connect-living.de,de,random1000
383600,lokaldirekt.de,de,random1000
385842,wundertax.de,de,random1000
385969,archiexpo.de,de,random1000
386138,infosys.de,de,random1000
386270,intedia.de,de,random1000
386418,bsw-vg.de,de,random1000
387895,campen.de,de,random1000
388446,reimemaschine.de,de,random1000
389420,radioszene.de,de,random1000
390806,gdcloud.de,de,random1000
391260,bruehl.de,de,random1000
392808,edg.de,de,random1000
393135,landfrauen-kirchgellersen.de,de,random1000
393388,startupverband.de,de,random1000
394417,vereinsticket.de,de,random1000
394756,football-aktuell.de,de,random1000
394839,apl.de,de,random1000
394964,juwi.de,de,random1000
397549,cerave.de,de,random1000
398164,bi-medien.de,de,random1000
398397,seb-kreuzburg.de,de,random1000
398422,statistik-nord.de,de,random1000
398534,liebevoll-verden.de,de,random1000
398676,aman-media.de,de,random1000
400434,zimtliebe.de,de,random1000
402278,zelmer-iva.de,de,random1000
404841,espressissimo.de,de,random1000
406896,tattoo-tools.de,de,random1000
409490,wettanbieter-ohne-oasis-deutschland.de,de,random1000
410329,dbwv.de,de,random1000
413077,einsatzleitstelle-northeim.de,de,random1000
413936,hoerbuecherfan.de,de,random1000
414510,rezeptundbild.de,de,random1000
414785,wuerzburgerleben.de,de,random1000
415164,gzsz-wiki.de,de,random1000
415243,landkreis-augsburg.de,de,random1000
415520,your-node.de,de,random1000
416192,minuskel.de,de,random1000
417750,23andme.de,de,random1000
418339,mti-reisen.de,de,random1000
418884,kmun.de,de,random1000
420299,asiafoodland.de,de,random1000
420335,bildkontakte.de,de,random1000
420608,radiomuseum-bocket.de,de,random1000
420811,aorta-projekt.de,de,random1000
421676,ftwoa.de,de,random1000
421978,mcg-parts.de,de,random1000
422035,baraga.de,de,random1000
422507,frauen-in-neukoelln.de,de,random1000
422628,gelsenwasser.de,de,random1000
423414,meiner.de,de,random1000
423557,saalekreis.de,de,random1000
423945,maut1.de,de,random1000
425382,schorndorf.de,de,random1000
425685,sp1-tek.de,de,random1000
426497,nas64.de,de,random1000
429884,feedmyhorse.de,de,random1000
430431,dynavin.de,de,random1000
431033,solarkontor.de,de,random1000
431362,semigator.de,de,random1000
432738,wareport.de,de,random1000
433370,radshop-diederichs.de,de,random1000
434747,asta-kit.de,de,random1000
437017,jhoenicke.de,de,random1000
437033,party.de,de,random1000
437688,spielekauf.de,de,random1000
437707,aachen-tourismus.de,de,random1000
438786,aliva.de,de,random1000
439057,marien-apotheken.de,de,random1000
439281,prophete.de,de,random1000
440293,dccdn.de,de,random1000
442274,ghosthack.de,de,random1000
442318,4eins.de,de,random1000
442744,pflanzwerk.de,de,random1000
442810,ingolf-wagner.de,de,random1000
444296,levelonefashion.de,de,random1000
445424,sanier.de,de,random1000
445919,gesundheitsgmbh.de,de,random1000
446073,sge4ever.de,de,random1000
447828,e-dis-netz.de,de,random1000
447865,polesportshop.de,de,random1000
448004,radio-sound-of-silence.de,de,random1000
448855,truffls.de,de,random1000
451271,fernbahn.de,de,random1000
452252,taxiflotte.de,de,random1000
452601,pfizer.de,de,random1000
454266,torfabrik.de,de,random1000
454821,sgf1903.de,de,random1000
454915,ard-zdf-onlinestudie.de,de,random1000
454993,guertelrose-wissen.de,de,random1000
455398,bioboard.de,de,random1000
455561,gm-d.de,de,random1000
455808,galvany.de,de,random1000
455876,ruhr24jobs.de,de,random1000
456450,awbkoeln.de,de,random1000
457160,hundefreuden.de,de,random1000
457361,hoermann-reisen.de,de,random1000
457653,stema.de,de,random1000
457794,namenserver.de,de,random1000
458518,ca7measures.de,de,random1000
459981,exporo.de,de,random1000
460015,kaerchershop-schreiber.de,de,random1000
460179,inspee.de,de,random1000
461172,deltaradio.de,de,random1000
461543,hb-digital.de,de,random1000
461626,vomfass.de,de,random1000
461689,work4all.de,de,random1000
462389,peco-sport.de,de,random1000
467075,wiredminds.de,de,random1000
468284,1cue.de,de,random1000
468671,luebecker-bucht-ostsee.de,de,random1000
470749,ksk-es.de,de,random1000
471150,bella-me.de,de,random1000
471959,romantische-vier.de,de,random1000
473016,advocard.de,de,random1000
474044,ikanobank.de,de,random1000
474499,dear-body.de,de,random1000
475152,y-bets.de,de,random1000
476202,wrestlinggames.de,de,random1000
476602,ourspot.de,de,random1000
476717,fraenkisches-seenland.de,de,random1000
479721,ngr-natursteine.de,de,random1000
479778,aha-region.de,de,random1000
481299,gallwitz.de,de,random1000
481975,fitnessmarkt.de,de,random1000
483629,locarl.de,de,random1000
484210,urban-drinks.de,de,random1000
485450,mu-campus.de,de,random1000
486188,ip-insider.de,de,random1000
486475,crif.de,de,random1000
487681,via-appia-mode.de,de,random1000
488788,toppoint.de,de,random1000
488963,waldlaeufer.de,de,random1000
489245,linde-gas.de,de,random1000
489954,dornum.de,de,random1000
490616,as-garten.de,de,random1000
490993,reguvis.de,de,random1000
491219,mothersearth.de,de,random1000
492912,biermann-medizin.de,de,random1000
495800,eso.de,de,random1000
496121,wildcat.de,de,random1000
497353,plattform-lernende-systeme.de,de,random1000
497744,cns-paderborn.de,de,random1000
497946,servicebund.de,de,random1000
498108,jobsintown.de,de,random1000
500251,ettlingen.de,de,random1000
501079,taunussparkasse.de,de,random1000
501777,12-travel.de,de,random1000
502886,meindirektlabor.de,de,random1000
503493,octlabs.de,de,random1000
503989,schafkopf-palast.de,de,random1000
504369,iventilatoren.de,de,random1000
504989,meiers-weltreisen.de,de,random1000
505572,badhindelang.de,de,random1000
506060,mader-shop.de,de,random1000
506200,koelner-vhs.de,de,random1000
508794,tabak-welt.de,de,random1000
509387,spkhb.de,de,random1000
511444,abgefuckt-liebt-dich.de,de,random1000
511730,ca61weights.de,de,random1000
512255,henkterhorst.de,de,random1000
514737,orakelimweb.de,de,random1000
514944,radiokw.de,de,random1000
516804,bluepillow.de,de,random1000
517689,weicon.de,de,random1000
518845,example.de,de,random1000
518879,arwa.de,de,random1000
519007,sportfreunde-puchheim.de,de,random1000
519819,politische-bildung-brandenburg.de,de,random1000
519844,unsere-zeit.de,de,random1000
520281,xiqit.de,de,random1000
520294,franz-mensch.de,de,random1000
520648,diekesnorderney.de,de,random1000
521709,recup.de,de,random1000
523174,tecff.de,de,random1000
526262,plissee-flix24.de,de,random1000
526909,dzbank-wertpapiere.de,de,random1000
527761,luftbude.de,de,random1000
529543,zee33republicans.de,de,random1000
529875,systec-computer.de,de,random1000
530236,verbotenfrech.de,de,random1000
530698,herdgefluester.de,de,random1000
531464,fynn-int.de,de,random1000
532200,guestbook.de,de,random1000
533240,kultmopeds.de,de,random1000
533438,hilgmbh.de,de,random1000
533486,ca33realitys.de,de,random1000
533676,philippine-embassy.de,de,random1000
533742,hendiatris.de,de,random1000
533773,muenchner-stadtbibliothek.de,de,random1000
534985,mhz.de,de,random1000
536200,weltnetz24server.de,de,random1000
538550,dsautomobiles.de,de,random1000
540207,hlsports.de,de,random1000
541195,kaufhaus-ganz.de,de,random1000
541809,xn--jobbrse-d1a.de,de,random1000
542181,torquato.de,de,random1000
542446,kinderwagencenter.de,de,random1000
542708,zee61organizations.de,de,random1000
543223,domain.de,de,random1000
543580,dzlm.de,de,random1000
545365,vaybee.de,de,random1000
545686,rootwelt.de,de,random1000
546298,elektrofahrrad24.de,de,random1000
546326,check-darts.de,de,random1000
546858,zee33boys.de,de,random1000
546935,automobil-produktion.de,de,random1000
547086,ecosia.de,de,random1000
547311,vineola.de,de,random1000
547649,einepriselecker.de,de,random1000
547822,kuechenfibel.de,de,random1000
548034,beha-web.de,de,random1000
550072,brenda-enzymes.de,de,random1000
550246,eckert-schulen.de,de,random1000
550414,fussmattensysteme.de,de,random1000
550511,7-zip.de,de,random1000
550872,gnuviech-server.de,de,random1000
551183,giordanoweine.de,de,random1000
552106,ihrjuwelier24.de,de,random1000
552888,spirittv.de,de,random1000
553898,rvp-rehasoftware.de,de,random1000
554621,softwarebilliger.de,de,random1000
556622,procup.de,de,random1000
556911,buchholz-digital.de,de,random1000
557090,eisbaeren.de,de,random1000
557231,webflow.de,de,random1000
557267,icweb.de,de,random1000
557342,kreis-guetersloh.de,de,random1000
557560,essen-motorshow.de,de,random1000
558408,fuldainfo.de,de,random1000
559459,rehm-verlag.de,de,random1000
559693,lavita.de,de,random1000
560190,bondaro.de,de,random1000
560935,burhoff.de,de,random1000
561950,furbase.de,de,random1000
562028,presslive.de,de,random1000
562287,biketech24.de,de,random1000
562996,futunatura.de,de,random1000
563066,spk-ro-aib.de,de,random1000
564302,inforomap.de,de,random1000
564634,adajusa.de,de,random1000
565047,palmengarten.de,de,random1000
566109,aeb.de,de,random1000
566783,nkm-atelier.de,de,random1000
566899,mobiel.de,de,random1000
567352,blume-sucht-baum.de,de,random1000
568342,bxsupport.de,de,random1000
568437,ca33naturals.de,de,random1000
570833,publikneues.de,de,random1000
571421,vegdog.de,de,random1000
571651,deaflora.de,de,random1000
571819,warwick.de,de,random1000
572330,norwegerpullover.de,de,random1000
572949,vertexscope.de,de,random1000
574218,spiel-essen.de,de,random1000
576174,diddl.de,de,random1000
577031,lueftungsfabrik.de,de,random1000
577564,tryasample.de,de,random1000
577758,cosori.de,de,random1000
578501,stadtwerke-karlsruhe.de,de,random1000
578604,zavvi.de,de,random1000
578832,holstentherme.de,de,random1000
578840,deginvest.de,de,random1000
580002,zee61weights.de,de,random1000
580933,klangheimat.de,de,random1000
582708,klyavlin.de,de,random1000
583221,schokigeschmack.de,de,random1000
586948,aral-supercard.de,de,random1000
587876,spielematerial.de,de,random1000
588500,industek-kugellager.de,de,random1000
588597,trachten-angermaier.de,de,random1000
589431,autonotizen.de,de,random1000
589938,blue-ocean.de,de,random1000
590581,olpe.de,de,random1000
592097,lima-ftp.de,de,random1000
592277,sdw.de,de,random1000
592865,littlewonderland.de,de,random1000
599531,banking-sparda-bw.de,de,random1000
600831,ca61thinks.de,de,random1000
601957,ekkw.de,de,random1000
602796,brainyoo.de,de,random1000
603434,pph-server.de,de,random1000
604109,talentrocket.de,de,random1000
604805,fabucar-shop.de,de,random1000
605208,mietwagen-check.de,de,random1000
606525,bang-your-head.de,de,random1000
608473,ca61pages.de,de,random1000
609977,ep-mediastore-ab.de,de,random1000
610569,goerg.de,de,random1000
610818,avv-augsburg.de,de,random1000
612223,sportfishtackle.de,de,random1000
613441,zee61highs.de,de,random1000
614021,garnelen-guemmer.de,de,random1000
615738,mnqr.de,de,random1000
616517,dnddeutsch.de,de,random1000
616931,egis-online.de,de,random1000
617349,festivaltour.de,de,random1000
617454,ap-verlag.de,de,random1000
618478,sparkasse-ffb.de,de,random1000
618914,shoepassion.de,de,random1000
619178,preisscan.de,de,random1000
619760,clickrs.de,de,random1000
619966,rekoninterschaden-portal.de,de,random1000
620002,verlag-wolfgang-hoffmann.de,de,random1000
620147,theaterkompass.de,de,random1000
620218,ca7publics.de,de,random1000
621681,ca7civils.de,de,random1000
622922,nemeso.de,de,random1000
623138,ahrens-shop.de,de,random1000
623190,hartkorn-gewuerze.de,de,random1000
624068,idd-net.de,de,random1000
625202,lehmann-it.de,de,random1000
626326,axa-assistance.de,de,random1000
628666,bst-system.de,de,random1000
629972,kleintier-vogelzuchtverein-nufringen.de,de,random1000
630345,aerzte-gegen-tierversuche.de,de,random1000
630438,online-mahnantrag.de,de,random1000
631280,liveiphone.de,de,random1000
632349,lignocolor.de,de,random1000
633125,womo-abenteuer.de,de,random1000
633425,awsdns-eusc-56.de,de,random1000
634113,picotronic.de,de,random1000
634315,angeljoe.de,de,random1000
634777,unicon-gmbh.de,de,random1000
635460,ebel-systems.de,de,random1000
636166,reisedienstkaiser.de,de,random1000
638174,ca61highs.de,de,random1000
638478,hnomedic.de,de,random1000
639948,kaufhaus-muenchen.de,de,random1000
640047,bgz-vorort.de,de,random1000
640870,fh-heilbronn.de,de,random1000
641660,verbraucherzentrale-bayern.de,de,random1000
642454,prisma-uetersen.de,de,random1000
642724,escooter-stammtisch.de,de,random1000
644044,ehealth-epa.de,de,random1000
644770,nordwestbahn.de,de,random1000
646112,couchstyle.de,de,random1000
646228,meiser.de,de,random1000
646545,wfo.de,de,random1000
646672,gebaeudeforum.de,de,random1000
646934,axiszone.de,de,random1000
648172,kitkat.de,de,random1000
649162,bellof24.de,de,random1000
649758,insa-consulere.de,de,random1000
649821,shellyparts.de,de,random1000
651068,weidmueller.de,de,random1000
651177,tpnet.de,de,random1000
652247,ccbuchner.de,de,random1000
652639,finanzwende.de,de,random1000
653117,ca61patterns.de,de,random1000
654588,dinnebiergruppe.de,de,random1000
655062,cecon.de,de,random1000
655628,smartkomp12.de,de,random1000
658445,grancanariaforum.de,de,random1000
658511,dielmann-verlag.de,de,random1000
661798,radio-paralax.de,de,random1000
662444,iheartberlin.de,de,random1000
663544,digsilent.de,de,random1000
664250,sprecherdatei.de,de,random1000
664326,linux.de,de,random1000
664589,stadtbildpunkt.de,de,random1000
665465,globalsolutionszone.de,de,random1000
665469,sparkasse-wetzlar.de,de,random1000
666804,meinbdp.de,de,random1000
668673,schnellthema.de,de,random1000
668757,lokalmatador.de,de,random1000
669201,speedbone.de,de,random1000
669358,3w-uranos.de,de,random1000
669500,reinica.de,de,random1000
669699,msxfaq.de,de,random1000
670829,mobelarium.de,de,random1000
672582,widehub.de,de,random1000
672694,alulux.de,de,random1000
673086,bussgeldkataloge.de,de,random1000
674764,dvg-duisburg.de,de,random1000
674979,psychotherapieverbund.de,de,random1000
675915,badmintonplanet.de,de,random1000
675948,scharferladen.de,de,random1000
677990,landkreis-verden.de,de,random1000
678970,photo-ecke.de,de,random1000
679287,zee61singles.de,de,random1000
681912,landeskirche-hannovers.de,de,random1000
684608,junkers.de,de,random1000
686482,btn-muenzen.de,de,random1000
686659,kleines-inserat.de,de,random1000
687031,merkur-spielhalle.de,de,random1000
687931,sektioneins.de,de,random1000
687975,kantorei-neuss.de,de,random1000
688301,cx30-forum.de,de,random1000
688507,chiplauf.de,de,random1000
689485,drakensberg.de,de,random1000
690902,silverfocus.de,de,random1000
691275,reinhardfischerauktionen.de,de,random1000
691431,dacianers.de,de,random1000
692151,diamondmode.de,de,random1000
693329,highflycasino.de,de,random1000
694147,frauenmachenkarriere.de,de,random1000
694563,axisgrid.de,de,random1000
694891,brandible.de,de,random1000
695987,redbullseifenkistenrennen.de,de,random1000
696145,diebank.de,de,random1000
696371,travedsl.de,de,random1000
696378,ego-telematik.de,de,random1000
696914,zee7shes.de,de,random1000
697965,dick.de,de,random1000
699169,traumautoverlosung.de,de,random1000
699728,jeden-tag.de,de,random1000
700607,wegweiser-demenz.de,de,random1000
700817,kaffeemacher.de,de,random1000
700855,buerger.de,de,random1000
701585,parkerlebnis.de,de,random1000
703058,buechergilde.de,de,random1000
704051,karlsfeld.de,de,random1000
704580,waldseehaie.de,de,random1000
705089,musenkuss-koeln.de,de,random1000
708949,creaton.de,de,random1000
709647,theater-magdeburg.de,de,random1000
711626,axa-lm.de,de,random1000
711908,makeup.de,de,random1000
713231,python-forum.de,de,random1000
714182,masterpinguin.de,de,random1000
715092,boldhub.de,de,random1000
717002,psw-engineering.de,de,random1000
717338,cross-cult.de,de,random1000
717724,laiv-mv.de,de,random1000
718093,ankerherz.de,de,random1000
718388,marken-schmierstoffe.de,de,random1000
719391,hzone.de,de,random1000
719477,ufa-duesseldorf.de,de,random1000
719634,tanzschule-marika-kistner.de,de,random1000
719982,technobox.de,de,random1000
720040,inwebs.de,de,random1000
720132,zee7artists.de,de,random1000
720340,equine-behaviour.de,de,random1000
721495,deutscheseiten.de,de,random1000
722583,zee7republicans.de,de,random1000
722676,ecs-emmeln.de,de,random1000
722763,ademax-strom.de,de,random1000
722889,wirebrain.de,de,random1000
722905,ksk-saarpfalz.de,de,random1000
723320,webbaviation.de,de,random1000
723671,keinegotterkeinemeister.de,de,random1000
724790,thorsteinar-outlet.de,de,random1000
725115,kurkliniken.de,de,random1000
726200,diekaelte.de,de,random1000
726715,tapetenexpo.de,de,random1000
727405,stock.de,de,random1000
727776,tarox.de,de,random1000
727816,wandspruch.de,de,random1000
728969,plattenzuschnitt24.de,de,random1000
730612,tokki-shop.de,de,random1000
731304,zee7sources.de,de,random1000
731394,magnolia-home.de,de,random1000
734324,wittlich.de,de,random1000
735102,runathome.de,de,random1000
735105,trauringe-weimar.de,de,random1000
736080,perspektive-mittelstand.de,de,random1000
736126,uhrendirect.de,de,random1000
736571,ferien-in-zahren.de,de,random1000
738620,reitsport-buderer.de,de,random1000
739127,potti.de,de,random1000
739261,artos-hosting.de,de,random1000
741774,leibniz-hki.de,de,random1000
743478,cuxpedia.de,de,random1000
743918,espis.de,de,random1000
744716,ksk-stade.de,de,random1000
745450,zee33pays.de,de,random1000
745697,ostseefjordschlei.de,de,random1000
745823,tierheim-koeln-dellbrueck.de,de,random1000
746190,hofa-college.de,de,random1000
746294,interrogare.de,de,random1000
747630,scheidl.de,de,random1000
748334,organspende-register.de,de,random1000
749749,par71.de,de,random1000
756295,acol24.de,de,random1000
757541,aktionshaus-wreesmann.de,de,random1000
762987,bathandbodyworks.de,de,random1000
764918,bigtex.de,de,random1000
764973,bikeclub.de,de,random1000
765593,blaulicht-ticker.de,de,random1000
774823,dbregio-mecklenburg-vorpommern.de,de,random1000
775536,deutsche-bank-immobilien.de,de,random1000
790842,hilfemanager.de,de,random1000
799465,kickerstalk.de,de,random1000
800329,kochblume.de,de,random1000
810578,mosel-camping-platz.de,de,random1000
812258,mymasturbator.de,de,random1000
823364,prostataratgeber.de,de,random1000
824203,qeedo.de,de,random1000
833987,softwarelogin.de,de,random1000
834764,spk-mecklenburg-strelitz.de,de,random1000
838538,teilehorbank.de,de,random1000
853401,hurrahelden.de,de,random1000
856587,itseccity.de,de,random1000
856756,pdcstrcdn.de,de,random1000
857508,carrera-universal-forum.de,de,random1000
857637,adc.de,de,random1000
860322,telefonspion.de,de,random1000
860375,boteghe.de,de,random1000
861523,b2b-cyber-security.de,de,random1000
862819,kiwisto.de,de,random1000
863398,feiner-kaese.de,de,random1000
864113,wirz.de,de,random1000
864511,miwe.de,de,random1000
864547,zee7faces.de,de,random1000
865736,topdata.de,de,random1000
865762,rgzm.de,de,random1000
865765,dunstabzugshaube-filter.de,de,random1000
867628,synaix.de,de,random1000
867744,hamburger-volksbank.de,de,random1000
867814,ag-friedensforschung.de,de,random1000
868135,imst.de,de,random1000
868897,draisberghof.de,de,random1000
870761,genealogie-bohrer.de,de,random1000
871508,tierseminar.de,de,random1000
872213,service-pt.de,de,random1000
873206,marcore.de,de,random1000
873407,milchundzucker.de,de,random1000
873832,mietmeile.de,de,random1000
873870,produebel.de,de,random1000
874321,xiag.de,de,random1000
876659,icem.de,de,random1000
877428,widebridge.de,de,random1000
878537,vigo.de,de,random1000
879097,cls-computer.de,de,random1000
879801,ca61focusss.de,de,random1000
881344,homepage-baukasten.de,de,random1000
881860,olpat.de,de,random1000
882012,solarek-energie.de,de,random1000
882928,zee7behaviors.de,de,random1000
884038,bscom24.de,de,random1000
884460,pietsmiet.de,de,random1000
885035,kreis-saarlouis.de,de,random1000
885749,kunsthalle-muc.de,de,random1000
885872,cloud-on.de,de,random1000
886935,diplom.de,de,random1000
887880,gfecs.de,de,random1000
888332,hackerspace-bremen.de,de,random1000
888941,eigenbaukombinat.de,de,random1000
889268,slotswager.de,de,random1000
889309,labor-limbach.de,de,random1000
890765,vbio.de,de,random1000
891336,alpsee-bergwelt.de,de,random1000
891734,drillisch-online.de,de,random1000
891939,recolution.de,de,random1000
892149,filmstiftung.de,de,random1000
893038,notizseite.de,de,random1000
893791,dband.de,de,random1000
895623,tvcsoltau.de,de,random1000
896497,deg-eishockey.de,de,random1000
898792,ths-ldk.de,de,random1000
898964,pelam-forum.de,de,random1000
899666,prive-de.de,de,random1000
900375,jrs.de,de,random1000
901080,computeronline.de,de,random1000
901463,atm.de,de,random1000
901594,lahno-web4.de,de,random1000
901975,kongessloejd.de,de,random1000
902038,svmeppen.de,de,random1000
903209,pirschershop.de,de,random1000
903684,romantisches-franken.de,de,random1000
905503,preisapo.de,de,random1000
906672,khd-fishing.de,de,random1000
907395,naturkundemuseum-berlin.de,de,random1000
910762,egym.de,de,random1000
911192,my-spexx.de,de,random1000
912755,modernbridge.de,de,random1000
916503,bruhnn.de,de,random1000
918490,dove-rexona-wbd-gratis-testen.de,de,random1000
920442,gewinnspiele-forum.de,de,random1000
921053,harztrauer.de,de,random1000
928322,raceacrossgermany.de,de,random1000
930298,spk-arnstadt-ilmenau.de,de,random1000
933135,wing4d.de,de,random1000
933446,xn--schildkrten-yfb.de,de,random1000
934811,prego-services.de,de,random1000
935198,anynode.de,de,random1000
935520,spinfinder.de,de,random1000
936292,einsteindiamant.de,de,random1000
936467,nationaltheater-weimar.de,de,random1000
936539,lilith-kartenlegen.de,de,random1000
936767,pagecon-nameserver.de,de,random1000
937290,ysf-deutschland.de,de,random1000
937750,kaiahealth.de,de,random1000
937800,prewarcar.de,de,random1000
939056,kayak-angelforum.de,de,random1000
939266,meinhplus.de,de,random1000
940545,upncheck.de,de,random1000
941290,bruderhausdiakonie.de,de,random1000
941870,grimma.de,de,random1000
941882,engagiert-in-nrw.de,de,random1000
941981,dixeno-flow.de,de,random1000
942188,die-deutsche-buehne.de,de,random1000
942352,nitsche-asp.de,de,random1000
942982,comcn.de,de,random1000
943351,sumitomo-rubber.de,de,random1000
943477,ci-romero.de,de,random1000
944621,streit.de,de,random1000
947202,slotlab439.de,de,random1000
948671,hardtwaldracers.de,de,random1000
948739,weihnachtsmarkt-deutschland.de,de,random1000
948942,sozial-karriere.de,de,random1000
949272,migros-shop.de,de,random1000
949316,harddiskcafe.de,de,random1000
950278,bethanien.de,de,random1000
950973,blairwitch.de,de,random1000
951992,freiwilligendienste-kultur-bildung.de,de,random1000
953163,tkreg.de,de,random1000
954905,eaf-gmbh.de,de,random1000
955481,jobs-in-muenster.de,de,random1000
955655,nordbayerischer-kurier.de,de,random1000
956032,summitreview.de,de,random1000
958150,wmwa-server.de,de,random1000
958407,chapso.de,de,random1000
959086,berlogic.de,de,random1000
959513,hotel-nummerhof.de,de,random1000
959583,hostingspeicher.de,de,random1000
960420,wunschwerbung.de,de,random1000
960596,paradisu.de,de,random1000
961395,kirche-im-wdr.de,de,random1000
962149,modellautocenter.de,de,random1000
962177,autozentrum-acker.de,de,random1000
962738,solidcorner.de,de,random1000
963742,harznow.de,de,random1000
964845,tersteege.de,de,random1000
965488,folienmarkt.de,de,random1000
966019,moderncorner.de,de,random1000
966209,tomos-ersatzteilshop.de,de,random1000
967153,bisgaardshoes.de,de,random1000
967343,feneberg.de,de,random1000
967672,ctvdb.de,de,random1000
967771,rem-mannheim.de,de,random1000
968005,cheesebuerger.de,de,random1000
969195,hmt-rostock.de,de,random1000
969450,josefausroxel.de,de,random1000
970980,swrag.de,de,random1000
972514,paramount.de,de,random1000
973738,prmaximus.de,de,random1000
973835,xn--laila-kim-hfner-9vb.de,de,random1000
974291,landeskrankenhaus.de,de,random1000
974316,deutschundfranke.de,de,random1000
974934,eclshop.de,de,random1000
977621,elpato.de,de,random1000
978613,appgamers.de,de,random1000
978634,sp-nameserver.de,de,random1000
978877,clearindustries.de,de,random1000
979698,detact.de,de,random1000
979754,roses.de,de,random1000
980825,sd-krebs.de,de,random1000
995132,ratgeber-naturprodukte.de,de,random1000
715,amazon.es,es,top1000
1000,elmundo.es,es,top1000
1176,rtve.es,es,top1000
1356,sport.es,es,top1000
1458,leroymerlin.es,es,top1000
1493,xvideos.es,es,top1000
1497,xnxx.es,es,top1000
1812,google.es,es,top1000
1951,administracionelectronica.gob.es,es,top1000
3508,abc.es,es,top1000
4054,juntadeandalucia.es,es,top1000
4173,aepd.es,es,top1000
4233,eltiempo.es,es,top1000
4319,20minutos.es,es,top1000
4441,eldiario.es,es,top1000
4570,boe.es,es,top1000
4978,eleconomista.es,es,top1000
5297,tripadvisor.es,es,top1000
5321,larazon.es,es,top1000
5428,elcorteingles.es,es,top1000
5818,fotocasa.es,es,top1000
5882,csic.es,es,top1000
5892,blogspot.com.es,es,top1000
6084,lavozdegalicia.es,es,top1000
6244,aemet.es,es,top1000
6483,telecinco.es,es,top1000
6573,europapress.es,es,top1000
6630,trevenque.es,es,top1000
6721,cope.es,es,top1000
6811,heraldo.es,es,top1000
6910,ucm.es,es,top1000
6948,carrefour.es,es,top1000
7070,unirioja.es,es,top1000
7181,rae.es,es,top1000
7382,upm.es,es,top1000
7619,orange.es,es,top1000
7684,decathlon.es,es,top1000
8124,zalando.es,es,top1000
8409,skyscanner.es,es,top1000
8526,agenciatributaria.gob.es,es,top1000
8684,loteriasyapuestas.es,es,top1000
8688,uv.es,es,top1000
8958,seg-social.gob.es,es,top1000
9128,flashscore.es,es,top1000
9140,semana.es,es,top1000
9362,clave.gob.es,es,top1000
9430,ugr.es,es,top1000
9456,juegosonce.es,es,top1000
9567,obramat.es,es,top1000
9611,citapreviadnie.es,es,top1000
9863,aeolservice.es,es,top1000
9887,tvguia.es,es,top1000
9973,sepe.gob.es,es,top1000
10113,delegaciondelgobierno.gob.es,es,top1000
10178,upv.es,es,top1000
10304,vinted.es,es,top1000
10429,fotogramas.es,es,top1000
10430,gva.es,es,top1000
10549,transfermarkt.es,es,top1000
10628,rediris.es,es,top1000
10844,clara.es,es,top1000
11011,publico.es,es,top1000
11199,administracionespublicas.gob.es,es,top1000
12366,um.es,es,top1000
12949,ebay.es,es,top1000
13179,uma.es,es,top1000
13217,nic.es,es,top1000
13731,uned.es,es,top1000
13746,us.es,es,top1000
13824,usal.es,es,top1000
13833,unizar.es,es,top1000
14270,ua.es,es,top1000
14564,uva.es,es,top1000
14630,pinterest.es,es,top1000
14698,manomano.es,es,top1000
15028,huffingtonpost.es,es,top1000
15294,sarenet.es,es,top1000
15524,lne.es,es,top1000
15537,bancosantander.es,es,top1000
15694,agpd.es,es,top1000
15723,cervantes.es,es,top1000
16741,ehu.es,es,top1000
16820,navarra.es,es,top1000
16887,edreams.es,es,top1000
16898,uam.es,es,top1000
17174,aena.es,es,top1000
17380,bbva.es,es,top1000
17384,mediamarkt.es,es,top1000
17544,myasiantv.es,es,top1000
17661,diariodenavarra.es,es,top1000
17796,redsys.es,es,top1000
17951,uc3m.es,es,top1000
17989,ultimahora.es,es,top1000
18362,uco.es,es,top1000
18402,seg-social.es,es,top1000
18599,ine.es,es,top1000
18863,bet365.es,es,top1000
18870,conforama.es,es,top1000
19148,lidl.es,es,top1000
19389,mcu.es,es,top1000
20044,movistar.es,es,top1000
20171,druni.es,es,top1000
20248,jcyl.es,es,top1000
20281,caixabank.es,es,top1000
20288,madrid.es,es,top1000
20811,haystack.es,es,top1000
20833,uniovi.es,es,top1000
20969,bricodepot.es,es,top1000
21080,dgt.gob.es,es,top1000
21132,fragrantica.es,es,top1000
21189,pandect.es,es,top1000
21218,museodelprado.es,es,top1000
21564,elsevier.es,es,top1000
21804,nationalgeographic.com.es,es,top1000
22191,arsys.es,es,top1000
22606,ifema.es,es,top1000
22683,mjusticia.gob.es,es,top1000
22793,isciii.es,es,top1000
22839,sedecatastro.gob.es,es,top1000
23306,uib.es,es,top1000
23922,ionos.es,es,top1000
24319,vodafone.es,es,top1000
24655,just-eat.es,es,top1000
24788,aragon.es,es,top1000
25058,instyle.es,es,top1000
25392,bne.es,es,top1000
25953,dgt.es,es,top1000
26217,ondacero.es,es,top1000
26367,werstreamt.es,es,top1000
26481,esy.es,es,top1000
26621,bsc.es,es,top1000
26696,jazztel.es,es,top1000
26753,lasprovincias.es,es,top1000
27492,uecdn.es,es,top1000
27744,wanadoo.es,es,top1000
27790,udc.es,es,top1000
27891,caib.es,es,top1000
28409,telefonica.es,es,top1000
28458,carm.es,es,top1000
28477,correos.es,es,top1000
28635,uvigo.es,es,top1000
28874,dns-servicios.es,es,top1000
28911,uji.es,es,top1000
29195,uah.es,es,top1000
29234,uca.es,es,top1000
29392,castillalamancha.es,es,top1000
29602,gaug.es,es,top1000
29647,ujaen.es,es,top1000
29924,usc.es,es,top1000
30354,urjc.es,es,top1000
30422,uab.es,es,top1000
30645,diariosur.es,es,top1000
31332,uclm.es,es,top1000
31373,betfair.es,es,top1000
31384,bde.es,es,top1000
31390,ulpgc.es,es,top1000
31463,ideal.es,es,top1000
31564,ull.es,es,top1000
31657,ticketmaster.es,es,top1000
31703,diariodesevilla.es,es,top1000
31735,prensaiberica.es,es,top1000
31788,lavuelta.es,es,top1000
31915,fecyt.es,es,top1000
32139,sepe.es,es,top1000
32611,farodevigo.es,es,top1000
32890,laverdad.es,es,top1000
33063,iac.es,es,top1000
33208,airbnb.es,es,top1000
33530,eventbrite.es,es,top1000
33663,naturitas.es,es,top1000
33689,unican.es,es,top1000
33730,webnode.es,es,top1000
33839,jccm.es,es,top1000
33852,museoreinasofia.es,es,top1000
34103,fnac.es,es,top1000
34229,iberdrola.es,es,top1000
34437,poderjudicial.es,es,top1000
34551,mediasmart.es,es,top1000
34552,serviciodecorreo.es,es,top1000
34637,nintendo.es,es,top1000
34728,terra.es,es,top1000
34892,congreso.es,es,top1000
34973,incibe.es,es,top1000
35000,rfef.es,es,top1000
35060,vogue.es,es,top1000
35131,eldiariomontanes.es,es,top1000
35518,freepik.es,es,top1000
35767,telemadrid.es,es,top1000
35826,alsa.es,es,top1000
36058,mde.es,es,top1000
36060,contrataciondelestado.es,es,top1000
36190,elcomercio.es,es,top1000
36217,cruzroja.es,es,top1000
36551,ign.es,es,top1000
36567,miravia.es,es,top1000
37666,diariodemallorca.es,es,top1000
38191,unidadeditorial.es,es,top1000
38232,elnortedecastilla.es,es,top1000
38260,defensa.gob.es,es,top1000
38928,doctoralia.es,es,top1000
38990,age.gob.es,es,top1000
39159,hoy.es,es,top1000
39534,zalando-prive.es,es,top1000
39699,paradores.es,es,top1000
40035,mediaset.es,es,top1000
40203,cica.es,es,top1000
40287,cnmv.es,es,top1000
40595,adidas.es,es,top1000
40879,idealo.es,es,top1000
40945,ual.es,es,top1000
41102,canarias7.es,es,top1000
41343,unex.es,es,top1000
41367,deusto.es,es,top1000
41885,eldia.es,es,top1000
41970,movistarplus.es,es,top1000
42119,paginasamarillas.es,es,top1000
42131,ccoo.es,es,top1000
42408,gettyimages.es,es,top1000
42597,canalsur.es,es,top1000
42738,autoscout24.es,es,top1000
42993,autodoc.es,es,top1000
43290,redsara.es,es,top1000
43347,informacion.es,es,top1000
43367,juntaex.es,es,top1000
43500,filmin.es,es,top1000
43564,unileon.es,es,top1000
43843,digimobil.es,es,top1000
43864,fcbarcelona.es,es,top1000
43962,laprovincia.es,es,top1000
43963,kinepolis.es,es,top1000
44026,zooplus.es,es,top1000
44128,asturias.es,es,top1000
44279,xunta.es,es,top1000
44320,freelancer.es,es,top1000
44341,hol.es,es,top1000
44392,cun.es,es,top1000
44536,laopiniondemalaga.es,es,top1000
44574,trivago.es,es,top1000
44633,syniva.es,es,top1000
44933,diezminutos.es,es,top1000
44937,laopiniondemurcia.es,es,top1000
45019,mercadona.es,es,top1000
45095,helvetia.es,es,top1000
45382,phdns24.es,es,top1000
45413,revistavanityfair.es,es,top1000
45546,educacion.gob.es,es,top1000
45572,umh.es,es,top1000
46164,businessinsider.es,es,top1000
46222,diariodeleon.es,es,top1000
46445,elcorreogallego.es,es,top1000
47206,phdns22.es,es,top1000
47830,aemps.es,es,top1000
47942,ibercaja.es,es,top1000
48483,infolibre.es,es,top1000
48712,diariodecadiz.es,es,top1000
48954,raiolanetworks.es,es,top1000
48976,sergas.es,es,top1000
49165,mediasetinfinity.es,es,top1000
49284,manualslib.es,es,top1000
49291,uhu.es,es,top1000
49332,game.es,es,top1000
49449,motor.es,es,top1000
49741,eroski.es,es,top1000
50211,elcorreoweb.es,es,top1000
50553,zaragoza.es,es,top1000
50567,kayak.es,es,top1000
51010,fnmt.es,es,top1000
51283,alcampo.es,es,top1000
51428,viajeselcorteingles.es,es,top1000
51727,hubspot.es,es,top1000
52023,mec.es,es,top1000
52228,kiabi.es,es,top1000
52337,valencia.es,es,top1000
52468,malagahoy.es,es,top1000
52653,lacaixa.es,es,top1000
52770,audible.es,es,top1000
52869,lavozdeasturias.es,es,top1000
53139,agenciatributaria.es,es,top1000
53237,vademecum.es,es,top1000
53266,emtmadrid.es,es,top1000
53308,dia.es,es,top1000
53322,revistaad.es,es,top1000
53616,nationalgeographic.es,es,top1000
54236,superdeporte.es,es,top1000
54279,backmarket.es,es,top1000
54288,norauto.es,es,top1000
54566,gls-spain.es,es,top1000
54762,salator.es,es,top1000
54834,laregion.es,es,top1000
54895,cnmc.es,es,top1000
54936,socy.es,es,top1000
55123,tomaticket.es,es,top1000
55328,transportes.gob.es,es,top1000
55433,winamax.es,es,top1000
55515,elprogreso.es,es,top1000
55644,flaticon.es,es,top1000
55717,phdns6.es,es,top1000
55732,laopiniondezamora.es,es,top1000
55944,jdsports.es,es,top1000
56077,consumer.es,es,top1000
56128,fxgam.es,es,top1000
56258,gruposantander.es,es,top1000
56303,openbank.es,es,top1000
56441,eurosport.es,es,top1000
56722,linguee.es,es,top1000
57048,policia.es,es,top1000
57490,autobild.es,es,top1000
57551,aecid.es,es,top1000
57598,vevor.es,es,top1000
57615,upc.es,es,top1000
57659,thefork.es,es,top1000
57854,upo.es,es,top1000
58152,indomio.es,es,top1000
58216,epi.es,es,top1000
58598,metromadrid.es,es,top1000
59126,saludcastillayleon.es,es,top1000
59182,crcloud.es,es,top1000
59281,bwin.es,es,top1000
59361,diariodeburgos.es,es,top1000
59427,foreca.es,es,top1000
59428,toyota.es,es,top1000
59465,guardiacivil.es,es,top1000
59822,laredoute.es,es,top1000
59958,bolsasymercados.es,es,top1000
59996,mutua.es,es,top1000
60270,sportium.es,es,top1000
60371,evolutio.es,es,top1000
60443,blablacar.es,es,top1000
60529,justicia.es,es,top1000
60618,sephora.es,es,top1000
61311,ub.es,es,top1000
61392,agenciasinc.es,es,top1000
61465,mapfre.es,es,top1000
61516,cinesa.es,es,top1000
61881,gijon.es,es,top1000
62016,lagacetadesalamanca.es,es,top1000
62405,bitdefender.es,es,top1000
62490,phdns.es,es,top1000
62530,unicef.es,es,top1000
62587,forbes.es,es,top1000
63130,iespana.es,es,top1000
63208,unavarra.es,es,top1000
63441,bauhaus.es,es,top1000
63721,cajamar.es,es,top1000
63749,garagesale.es,es,top1000
64301,codere.es,es,top1000
64355,renfe.es,es,top1000
64739,casinobarcelona.es,es,top1000
64816,topdoctors.es,es,top1000
64892,phdns14.es,es,top1000
64907,sanitas.es,es,top1000
65076,luckia.es,es,top1000
65202,phdns25.es,es,top1000
65278,red.es,es,top1000
65332,intef.es,es,top1000
65701,notino.es,es,top1000
65805,diariodelaltoaragon.es,es,top1000
66054,tiendanimal.es,es,top1000
66559,distri-auto.es,es,top1000
66710,oscaro.es,es,top1000
66738,lycos.es,es,top1000
67057,omio.es,es,top1000
67086,ree.es,es,top1000
67296,myheritage.es,es,top1000
67715,groupon.es,es,top1000
67876,exteriores.gob.es,es,top1000
67959,paxinasgalegas.es,es,top1000
67992,casabatllo.es,es,top1000
68001,o2online.es,es,top1000
68077,orientacionandujar.es,es,top1000
68292,economistjurist.es,es,top1000
68616,makro.es,es,top1000
68631,divinity.es,es,top1000
68884,vidaxl.es,es,top1000
69086,yelmocines.es,es,top1000
69303,icex.es,es,top1000
69323,phdns17.es,es,top1000
69358,itun.es,es,top1000
69507,unav.es,es,top1000
69855,timeout.es,es,top1000
70246,adif.es,es,top1000
70640,thomann.es,es,top1000
70652,lowi.es,es,top1000
71073,aldi.es,es,top1000
71230,maldita.es,es,top1000
71342,casinogranmadridonline.es,es,top1000
71536,arquitecturaydiseno.es,es,top1000
72069,laopinioncoruna.es,es,top1000
72242,mrw.es,es,top1000
72434,idae.es,es,top1000
72480,randstad.es,es,top1000
72499,tube8.es,es,top1000
72718,jokerbet.es,es,top1000
72813,panini.es,es,top1000
72886,fnmt.gob.es,es,top1000
73049,cofares.es,es,top1000
73413,trovit.es,es,top1000
73723,bookofra-slot.es,es,top1000
74209,crea-tuweb.es,es,top1000
74399,telepizza.es,es,top1000
74503,hipercor.es,es,top1000
74795,radio-espana.es,es,top1000
75275,goldenpark.es,es,top1000
75452,sedelectronica.es,es,top1000
75622,phdns18.es,es,top1000
75778,cecotec.es,es,top1000
75846,cashconverters.es,es,top1000
76071,grupoelcorteingles.es,es,top1000
76502,upct.es,es,top1000
76573,flexicar.es,es,top1000
76840,que.es,es,top1000
76967,diariodeibiza.es,es,top1000
77044,carwow.es,es,top1000
77223,jysk.es,es,top1000
77303,tsai.es,es,top1000
77672,inpost.es,es,top1000
77848,usizy.es,es,top1000
78054,fsolver.es,es,top1000
78101,tarifaluzhora.es,es,top1000
78462,theolivepress.es,es,top1000
78551,audi.es,es,top1000
78920,cookidoo.es,es,top1000
79005,revistainteriores.es,es,top1000
79362,contraelcancer.es,es,top1000
79378,yobingo.es,es,top1000
79412,servicios-fusion.es,es,top1000
79593,skechers.es,es,top1000
79706,sevillafc.es,es,top1000
79784,vertbaudet.es,es,top1000
79945,nacex.es,es,top1000
80245,ford.es,es,top1000
80357,ubu.es,es,top1000
80379,dominospizza.es,es,top1000
80400,aosom.es,es,top1000
80492,zacatrus.es,es,top1000
80657,unilocal.es,es,top1000
80674,solvia.es,es,top1000
80697,memora.es,es,top1000
80863,cofidis.es,es,top1000
80864,vente-unique.es,es,top1000
80879,locanto.es,es,top1000
81392,casinopauseandplay.es,es,top1000
81645,phdns5.es,es,top1000
81792,onecasino.es,es,top1000
81952,financieraelcorteingles.es,es,top1000
82007,tombola.es,es,top1000
82155,caser.es,es,top1000
82548,accv.es,es,top1000
82620,showroomprive.es,es,top1000
82629,motosan.es,es,top1000
83166,phdns2.es,es,top1000
83180,emisora.org.es,es,top1000
83239,guerrastribales.es,es,top1000
83299,patrimonionacional.es,es,top1000
83978,dnsgigas.es,es,top1000
84214,carta-natal.es,es,top1000
84385,domestico24.es,es,top1000
84548,citaconsular.es,es,top1000
84869,primeriti.es,es,top1000
85028,epe.es,es,top1000
85210,phdns16.es,es,top1000
85409,phdns13.es,es,top1000
85547,beliani.es,es,top1000
85845,interdomain.es,es,top1000
86073,traveler.es,es,top1000
86138,newbalance.es,es,top1000
86780,saempleo.es,es,top1000
87238,lezhin.es,es,top1000
87449,inversoro.es,es,top1000
87763,biblia.es,es,top1000
88014,carpetaciudadana.gob.es,es,top1000
88171,letrasbonitas.com.es,es,top1000
88248,orquestasdegalicia.es,es,top1000
88308,seguridadaerea.gob.es,es,top1000
88673,tiendasmgi.es,es,top1000
89058,seriesboyslove.es,es,top1000
89080,aucorsa.es,es,top1000
89166,amigosmadrid.es,es,top1000
89514,educarm.es,es,top1000
89585,viceroy.es,es,top1000
89931,expedia.es,es,top1000
89962,williamhill.es,es,top1000
90051,check24.es,es,top1000
90136,johnpyesubastas.es,es,top1000
90185,comprasabia.es,es,top1000
90297,ceroacero.es,es,top1000
90423,oepm.es,es,top1000
90424,biobike.es,es,top1000
90574,thelocal.es,es,top1000
90599,insst.es,es,top1000
90837,andaluciainformacion.es,es,top1000
91264,viamichelin.es,es,top1000
91497,policia.gob.es,es,top1000
91720,hobbyexpert.es,es,top1000
92500,comercializadoraregulada.es,es,top1000
92751,esperanzagraciaoficial.es,es,top1000
93330,lndeter.es,es,top1000
93530,mrush.es,es,top1000
93641,novatest.es,es,top1000
93750,pepco.es,es,top1000
94222,superexpress.es,es,top1000
94563,xamigos.es,es,top1000
94676,diariodeavila.es,es,top1000
95556,alhambra-patronato.es,es,top1000
96108,lamoncloa.gob.es,es,top1000
96137,laroche-posay.es,es,top1000
96447,cabildofuer.es,es,top1000
96519,traventia.es,es,top1000
96551,phdns15.es,es,top1000
96731,muyinteresante.es,es,top1000
97679,etam.es,es,top1000
97728,travelclub.es,es,top1000
97965,bilky.es,es,top1000
98121,sistemanacionalempleo.es,es,top1000
98365,ecomputer.es,es,top1000
99427,superprof.es,es,top1000
99447,ing.es,es,top1000
100048,repsol.es,es,top1000
100274,economiadigital.es,es,top1000
100556,dip-badajoz.es,es,top1000
100611,cantabria.es,es,top1000
100994,kicktipp.es,es,top1000
100996,meetic.es,es,top1000
101387,csif.es,es,top1000
101729,xn--incendiosespaa-2nb.es,es,top1000
102474,tmstor.es,es,top1000
102905,mir.es,es,top1000
103109,rah.es,es,top1000
103143,once.es,es,top1000
103331,autobusing.es,es,top1000
103993,tuautoescuela.es,es,top1000
104140,euskaltel.es,es,top1000
104347,ebiblio.es,es,top1000
104450,galaxiamilitar.es,es,top1000
104997,educarex.es,es,top1000
105061,phdns8.es,es,top1000
105586,fruugo.es,es,top1000
105988,metooo.es,es,top1000
106032,phdns4.es,es,top1000
106325,generaloptica.es,es,top1000
106403,glassdoor.es,es,top1000
106902,encestando.es,es,top1000
107010,educacion.es,es,top1000
107264,iesdeluarca.es,es,top1000
107297,arrakis.es,es,top1000
107311,jad.es,es,top1000
107395,inclusion.gob.es,es,top1000
107502,elpais.es,es,top1000
107568,manymanuals.es,es,top1000
108305,cesca.es,es,top1000
108619,vintag.es,es,top1000
108906,extrememicro.es,es,top1000
108957,unia.es,es,top1000
109400,milfshakes.es,es,top1000
109965,aeped.es,es,top1000
110008,bmw.es,es,top1000
110257,zalando-lounge.es,es,top1000
110277,inmoweb.es,es,top1000
110385,muchaspalabras.es,es,top1000
110435,avanzafibra-customers.es,es,top1000
110950,cultura.gob.es,es,top1000
111032,ifca.es,es,top1000
111488,realbetisbalompie.es,es,top1000
113414,newtral.es,es,top1000
113538,lineastc.es,es,top1000
114124,madridiario.es,es,top1000
114521,consalud.es,es,top1000
114605,unicajabanco.es,es,top1000
114783,mallorcazeitung.es,es,top1000
114930,fundeu.es,es,top1000
116037,depersonaapersona.es,es,top1000
116177,indra.es,es,top1000
116276,goldcar.es,es,top1000
116781,csa.es,es,top1000
116818,veritas.es,es,top1000
117004,mercateo.es,es,top1000
117310,dvdstorespain.es,es,top1000
117460,elfarodeceuta.es,es,top1000
117577,spartoo.es,es,top1000
117614,worten.es,es,top1000
117624,miteco.gob.es,es,top1000
117647,senado.es,es,top1000
118329,march.es,es,top1000
118348,cac.es,es,top1000
118352,datarush.es,es,top1000
118375,dyson.es,es,top1000
118509,1and1.es,es,top1000
118765,enterticket.es,es,top1000
118931,ciemat.es,es,top1000
119049,besoccer.es,es,top1000
119330,recambioscoches.es,es,top1000
119716,citiservi.es,es,top1000
119761,hostinger.es,es,top1000
120192,europasur.es,es,top1000
120207,vwfs.es,es,top1000
120215,simyo.es,es,top1000
120230,alicanteplaza.es,es,top1000
120350,phdns12.es,es,top1000
120355,diariodealmeria.es,es,top1000
120423,armas.es,es,top1000
120492,sndatacenter.es,es,top1000
120603,cronicabalear.es,es,top1000
120917,linkeddata.es,es,top1000
120959,phdns11.es,es,top1000
121431,blogs.es,es,top1000
121479,huelvainformacion.es,es,top1000
121608,cis.es,es,top1000
121659,ctxt.es,es,top1000
121981,apuntmedia.es,es,top1000
122264,grn.es,es,top1000
122429,savethechildren.es,es,top1000
122484,ordenacionjuego.es,es,top1000
122696,mythem.es,es,top1000
122757,jotdown.es,es,top1000
122947,feb.es,es,top1000
123263,allianz.es,es,top1000
123478,tc39.es,es,top1000
123484,traveltool.es,es,top1000
123633,rba.es,es,top1000
123658,periodicodeibiza.es,es,top1000
123700,ralphlauren.es,es,top1000
123870,mercedes-benz.es,es,top1000
123891,diariodepontevedra.es,es,top1000
123946,abogacia.es,es,top1000
123984,gnet.es,es,top1000
124017,lavanguardia.es,es,top1000
124025,gaceta.es,es,top1000
124236,sonar.es,es,top1000
124258,nuevatribuna.es,es,top1000
124293,telecable.es,es,top1000
124383,avatel.es,es,top1000
124580,fixtur.es,es,top1000
124604,alldatasheet.es,es,top1000
125070,renault.es,es,top1000
125154,rumbo.es,es,top1000
125369,masbytes.es,es,top1000
125435,lavozdelsur.es,es,top1000
125588,octopusenergy.es,es,top1000
125609,colourbox.es,es,top1000
125763,psoe.es,es,top1000
125803,todofp.es,es,top1000
125882,cesga.es,es,top1000
125929,democrata.es,es,top1000
126163,bocm.es,es,top1000
126191,lavozdigital.es,es,top1000
126344,uic.es,es,top1000
126379,bcn.es,es,top1000
126457,aytojaen.es,es,top1000
126798,webcloud.es,es,top1000
127272,instanteshop.es,es,top1000
128063,lobocom.es,es,top1000
128092,phdns19.es,es,top1000
128353,justanswer.es,es,top1000
128405,parador.es,es,top1000
128456,cmmedia.es,es,top1000
128888,imserso.es,es,top1000
129252,maec.es,es,top1000
129341,quimica.es,es,top1000
129364,uniway.es,es,top1000
129652,sarea.es,es,top1000
129771,wildrobins.es,es,top1000
130295,maxdns.es,es,top1000
131227,generali.es,es,top1000
131338,turismoasturias.es,es,top1000
131408,vermiip.es,es,top1000
131505,eurofrance.es,es,top1000
131565,eurogamer.es,es,top1000
131794,salamancartvaldia.es,es,top1000
132198,fbbva.es,es,top1000
132638,eoi.es,es,top1000
132839,crtm.es,es,top1000
133032,cartagena.es,es,top1000
133413,ceu.es,es,top1000
133702,anonym.es,es,top1000
133811,pamplona.es,es,top1000
133888,bitrix24.es,es,top1000
134340,emp-online.es,es,top1000
134745,fundae.es,es,top1000
134864,educastur.es,es,top1000
134900,casareal.es,es,top1000
135149,aboutyou.es,es,top1000
135331,movilzona.es,es,top1000
135462,planetahuerto.es,es,top1000
135479,cni.es,es,top1000
135512,emprenemjunts.es,es,top1000
135522,masmovil.es,es,top1000
135524,volkswagen.es,es,top1000
135867,burgosconecta.es,es,top1000
135904,dns-privadas.es,es,top1000
135929,elmira.es,es,top1000
136028,gssi.es,es,top1000
136090,wego.com.es,es,top1000
136152,gbif.es,es,top1000
137024,asisa.es,es,top1000
137402,fhios.es,es,top1000
137464,villarrealcf.es,es,top1000
137519,laliga.es,es,top1000
137740,wwf.es,es,top1000
137868,exler.es,es,top1000
138101,csnet.es,es,top1000
138289,casino777.es,es,top1000
138390,merca2.es,es,top1000
138667,dipcas.es,es,top1000
138687,santalucia.es,es,top1000
139260,buscalibre.es,es,top1000
139648,malaga.es,es,top1000
139701,emprendedores.es,es,top1000
139849,astroshop.es,es,top1000
139884,nasertic.es,es,top1000
140441,murcia.es,es,top1000
140775,chrono24.es,es,top1000
141272,greenlandmx.es,es,top1000
141394,ceca.es,es,top1000
141395,eurogirlsescort.es,es,top1000
141600,enterprise.es,es,top1000
141607,nissan.es,es,top1000
141618,caritas.es,es,top1000
141721,neoplay.es,es,top1000
142081,sony.es,es,top1000
142484,next.es,es,top1000
142552,marie-claire.es,es,top1000
142738,axa.es,es,top1000
142799,adels-contact.es,es,top1000
143149,metrovalencia.es,es,top1000
143515,vlex.es,es,top1000
143858,upsa.es,es,top1000
143897,hotelmix.es,es,top1000
143919,ufv.es,es,top1000
143950,cdti.es,es,top1000
144338,imatel.es,es,top1000
145147,serviciodns.es,es,top1000
145432,servimedia.es,es,top1000
146112,naturgy.es,es,top1000
146191,espanix.es,es,top1000
146616,rfen.es,es,top1000
146648,diariodeteruel.es,es,top1000
146787,sitgesverd.es,es,top1000
146882,iberley.es,es,top1000
146900,dipusevilla.es,es,top1000
147351,diariodevalladolid.es,es,top1000
147453,pwc.es,es,top1000
147658,latribunadeciudadreal.es,es,top1000
148107,phdns20.es,es,top1000
148462,suma.es,es,top1000
148546,eduardolosilla.es,es,top1000
148806,elimparcial.es,es,top1000
148811,sanidad.gob.es,es,top1000
149114,verisure.es,es,top1000
149252,icecat.es,es,top1000
149357,20m.es,es,top1000
149600,hardzone.es,es,top1000
149839,dival.es,es,top1000
149954,mubis.es,es,top1000
150001,selae.es,es,top1000
150508,hosters.es,es,top1000
150612,888casino.es,es,top1000
150919,kirolbet.es,es,top1000
151276,cim.es,es,top1000
151439,narracionoral.es,es,top1000
151465,ucv.es,es,top1000
151489,posters.es,es,top1000
151536,msf.es,es,top1000
151541,studylib.es,es,top1000
151635,consum.es,es,top1000
151648,minhap.es,es,top1000
152114,farmaciasdirect.es,es,top1000
152214,pokerstars.es,es,top1000
152489,docplayer.es,es,top1000
152754,unionmusical.es,es,top1000
153254,discopop.es,es,top1000
153362,miroytengo.es,es,top1000
153455,articulo14.es,es,top1000
153464,diariopalentino.es,es,top1000
153513,retabet.es,es,top1000
153923,cenieh.es,es,top1000
153962,vinosacra.es,es,top1000
154480,outlet-pc.es,es,top1000
154719,fundacioncarolina.es,es,top1000
154788,osasuna.es,es,top1000
155127,dri.es,es,top1000
155247,alhsys.es,es,top1000
155541,glot.es,es,top1000
155629,ovoko.es,es,top1000
155677,alltricks.es,es,top1000
155804,urv.es,es,top1000
155851,metalocus.es,es,top1000
156649,hyundai.es,es,top1000
156927,lunacalzados.es,es,top1000
157190,lefebvre.es,es,top1000
157323,camara.es,es,top1000
157504,prosodie.es,es,top1000
157579,douglas.es,es,top1000
158483,planalfa.es,es,top1000
158820,winrar.es,es,top1000
158894,servytec.es,es,top1000
159275,dnsnetkia.es,es,top1000
159515,zapatos.es,es,top1000
160012,ingdirect.es,es,top1000
160274,igme.es,es,top1000
160373,hiperdino.es,es,top1000
160746,gobex.es,es,top1000
160857,ico.es,es,top1000
161392,bbbdeportes.es,es,top1000
161556,mma.es,es,top1000
161910,rentcardeluxe.es,es,top1000
162201,cylex.es,es,top1000
162237,administracion.gob.es,es,top1000
162328,hellotickets.es,es,top1000
162475,meh.es,es,top1000
162514,bonprix.es,es,top1000
162675,verdecora.es,es,top1000
162829,educacionfpydeportes.gob.es,es,top1000
163277,culinarium.es,es,top1000
163278,dpz.es,es,top1000
163359,listarobinson.es,es,top1000
163528,stikets.es,es,top1000
163766,seat.es,es,top1000
163847,luck-bike.es,es,top1000
163869,shar.es,es,top1000
164104,ethic.es,es,top1000
164307,anagrama-ed.es,es,top1000
164448,honda.es,es,top1000
164653,cordoba.es,es,top1000
164656,conferenciaepiscopal.es,es,top1000
164707,gmx.es,es,top1000
165966,tribunalconstitucional.es,es,top1000
166155,makito.es,es,top1000
166199,bubok.es,es,top1000
166236,anekke.es,es,top1000
166325,ic-components.es,es,top1000
166608,houzz.es,es,top1000
166799,ses.es,es,top1000
166920,zazzle.es,es,top1000
167571,dhl.es,es,top1000
167664,injuve.es,es,top1000
167714,uloyola.es,es,top1000
167760,heraldodiariodesoria.es,es,top1000
168291,tecnocasa.es,es,top1000
168469,marionnaud.es,es,top1000
168472,aragondigital.es,es,top1000
169251,fr9.es,es,top1000
169417,tododisca.es,es,top1000
169488,udl.es,es,top1000
169593,iagua.es,es,top1000
169782,mielectro.es,es,top1000
170216,anf.es,es,top1000
170357,mad.es,es,top1000
170687,feuvert.es,es,top1000
170832,funcas.es,es,top1000
170858,ctv.es,es,top1000
171351,philips.es,es,top1000
171654,habitissimo.es,es,top1000
171826,mialojamiento.es,es,top1000
171933,myprotein.es,es,top1000
171960,neumaticoslider.es,es,top1000
171962,alicante.es,es,top1000
171983,entomologica.es,es,top1000
172050,getyourguide.es,es,top1000
172070,aecc.es,es,top1000
172359,goquiz.es,es,top1000
172858,axesor.es,es,top1000
173151,vectalia.es,es,top1000
173309,loreal-paris.es,es,top1000
173464,rtvc.es,es,top1000
173667,efor.es,es,top1000
173747,dipualba.es,es,top1000
173807,oei.es,es,top1000
173957,serpadres.es,es,top1000
174688,it-soluciones.es,es,top1000
174878,agora.edu.es,es,top1000
175282,costacruceros.es,es,top1000
175402,comocrearmipaginaweb.es,es,top1000
175431,lordgunbicycles.es,es,top1000
175706,aeat.es,es,top1000
176109,icam.es,es,top1000
176170,altia.es,es,top1000
176271,holaprincesa.es,es,top1000
176520,santander.es,es,top1000
176847,burgerking.es,es,top1000
176858,sgae.es,es,top1000
177226,dacia.es,es,top1000
177440,grupocesce.es,es,top1000
177585,aranzadilaley.es,es,top1000
178001,coruna.es,es,top1000
178228,marcialpons.es,es,top1000
178468,niudalia.es,es,top1000
178659,cadena100.es,es,top1000
179065,reloj-alarma.es,es,top1000
179470,secardiologia.es,es,top1000
179665,phdns10.es,es,top1000
179735,yocasino.es,es,top1000
179897,fiyo.es,es,top1000
180913,micvideal.es,es,top1000
180927,mju.es,es,top1000
181202,loading.es,es,top1000
181218,kutxabank.es,es,top1000
181418,creditio.es,es,top1000
181443,petitchef.es,es,top1000
181453,calvinklein.es,es,top1000
181629,interior.gob.es,es,top1000
182229,beedigital.es,es,top1000
182404,glamour.es,es,top1000
182431,tourspain.es,es,top1000
182512,wolterskluwer.es,es,top1000
182577,muebles.es,es,top1000
182792,estrelladigital.es,es,top1000
182858,depau.es,es,top1000
182889,voyage-prive.es,es,top1000
182974,crocs.es,es,top1000
183331,autosolar.es,es,top1000
183396,hacienda.gob.es,es,top1000
183405,yahoo.es,es,top1000
183406,eldiadecordoba.es,es,top1000
183429,s3c.es,es,top1000
183643,synergym.es,es,top1000
184244,ugt.es,es,top1000
184710,lacasadelbebeshop.es,es,top1000
184783,atletismorfea.es,es,top1000
184892,totalrenting.es,es,top1000
185295,veepee.es,es,top1000
185667,fixpart.es,es,top1000
186011,museosdeandalucia.es,es,top1000
186320,race.es,es,top1000
186337,opticauniversitaria.es,es,top1000
186652,carglass.es,es,top1000
186669,viajerospiratas.es,es,top1000
186718,valenciabonita.es,es,top1000
187104,billionairespin.es,es,top1000
187532,hagaclic.es,es,top1000
187835,iberia.es,es,top1000
188195,estoesatleti.es,es,top1000
188480,fer.es,es,top1000
188749,suzuki.es,es,top1000
189104,valladolid.es,es,top1000
189732,informa.es,es,top1000
190112,murciasalud.es,es,top1000
190190,agriaffaires.es,es,top1000
190657,meteovigo.es,es,top1000
190684,youtube.es,es,top1000
191119,lovestv.es,es,top1000
191129,topgear.es,es,top1000
191183,michaelkors.es,es,top1000
191254,sede.gob.es,es,top1000
191257,360imprimir.es,es,top1000
191386,dnielectronico.es,es,top1000
191576,directindustry.es,es,top1000
192019,fundaciononce.es,es,top1000
192598,consorseguros.es,es,top1000
192967,civio.es,es,top1000
193020,endesa.es,es,top1000
193073,coosy.es,es,top1000
193140,dkv.es,es,top1000
193142,avafin.es,es,top1000
193658,securitasdirect.es,es,top1000
193698,interglot.es,es,top1000
193759,crtvg.es,es,top1000
194061,samar.es,es,top1000
194067,aragonplay.es,es,top1000
194384,inap.es,es,top1000
194434,terranea.es,es,top1000
194922,msc.es,es,top1000
195043,adamo.es,es,top1000
195309,icav.es,es,top1000
195360,lululemon.es,es,top1000
195867,carrie.es,es,top1000
196215,fega.gob.es,es,top1000
196419,facebook.com.es,es,top1000
196527,pepperfinance.es,es,top1000
196580,elfest.es,es,top1000
196995,ontime.es,es,top1000
197413,acelerapyme.es,es,top1000
197487,lampara.es,es,top1000
197570,enaire.es,es,top1000
197665,b2bhosting.es,es,top1000
197692,europneus.es,es,top1000
197765,meisterdrucke.es,es,top1000
197989,correosexpress.es,es,top1000
198998,bosanova.es,es,top1000
199329,sharkninja.es,es,top1000
199481,micro-semiconductor.es,es,top1000
199615,racc.es,es,top1000
199845,eau-thermale-avene.es,es,top1000
199989,disney.es,es,top1000
200027,catedu.es,es,top1000
200047,serviciositv.es,es,top1000
200700,11teamsports.es,es,top1000
201258,uimp.es,es,top1000
201343,diputaciondepalencia.es,es,top1000
201589,diariodejerez.es,es,top1000
201699,epasatiempos.es,es,top1000
201747,larramendi.es,es,top1000
201999,kaspersky.es,es,top1000
202079,hometogo.es,es,top1000
202427,lcrcom.es,es,top1000
202501,toysrus.es,es,top1000
202751,cruceros.es,es,top1000
202848,titania.es,es,top1000
203050,eldiasegovia.es,es,top1000
203476,legalbet.es,es,top1000
203729,el-parking.es,es,top1000
204827,alimarket.es,es,random1000
205616,lagarrocha.es,es,random1000
205928,ukrinform.es,es,random1000
206726,quomon.es,es,random1000
207558,recambioverde.es,es,random1000
207825,gobcantabria.es,es,random1000
207974,wonderbox.es,es,random1000
208002,agroanuncios.es,es,random1000
209498,ikea.es,es,random1000
209871,dipgra.es,es,random1000
210441,blogspot.es,es,random1000
210529,ccdn.es,es,random1000
211530,electrodepot.es,es,random1000
212806,conedy.es,es,random1000
214142,capfun.es,es,random1000
214586,dormitorum.es,es,random1000
214723,ekoi.es,es,random1000
214746,elsantorosario.es,es,random1000
214989,follamigas.es,es,random1000
215014,fpc.es,es,random1000
215904,kviku.es,es,random1000
216736,ofertas365.es,es,random1000
217891,srq.es,es,random1000
218063,tanatoriosirache.es,es,random1000
218921,zontesmotos.es,es,random1000
219315,universia.es,es,random1000
219479,cuchichi.es,es,random1000
219752,msweb.es,es,random1000
222562,puertos.es,es,random1000
228053,cosmomedia.es,es,random1000
228250,docnet.es,es,random1000
228426,catedraldesevilla.es,es,random1000
228557,kickassanime.com.es,es,random1000
229091,enguera.es,es,random1000
229850,digikey.es,es,random1000
230520,esolvo.es,es,random1000
231715,empresia.es,es,random1000
232815,reasonwhy.es,es,random1000
233315,locatel.es,es,random1000
234584,canon.es,es,random1000
236184,prohost.es,es,random1000
237003,ip4business.es,es,random1000
237301,elchecf.es,es,random1000
237639,intex.es,es,random1000
237761,confianzaonline.es,es,random1000
237965,laspalmasgc.es,es,random1000
239169,chicco.es,es,random1000
240498,veolia.es,es,random1000
240604,betway.es,es,random1000
241194,zurich.es,es,random1000
241278,morgandetoi.es,es,random1000
241294,speakup.es,es,random1000
242332,dipujaen.es,es,random1000
243386,bmedred.es,es,random1000
243522,clinics.es,es,random1000
243752,elforocofrade.es,es,random1000
247022,upf.es,es,random1000
247115,masto.es,es,random1000
247228,nixus.es,es,random1000
247258,visitnavarra.es,es,random1000
247428,tvgam.es,es,random1000
248320,facilnet.es,es,random1000
248667,realvalladolid.es,es,random1000
249567,fomento.es,es,random1000
250408,easp.es,es,random1000
250974,ure.es,es,random1000
252223,top4running.es,es,random1000
253079,getafe.es,es,random1000
256506,mariavalencia.es,es,random1000
261514,itacyl.es,es,random1000
262784,airetech.es,es,random1000
263109,idee.es,es,random1000
263741,neobyte.es,es,random1000
264470,michelin.es,es,random1000
265006,futgal.es,es,random1000
265055,homify.es,es,random1000
265763,toools.es,es,random1000
265861,cop.es,es,random1000
265916,autofacil.es,es,random1000
268854,vwgroupretail.es,es,random1000
270788,bookscovers.es,es,random1000
271399,omie.es,es,random1000
272218,verdnatura.es,es,random1000
273107,aemps.gob.es,es,random1000
273271,master-educomunicacion.es,es,random1000
274836,aenor.es,es,random1000
275918,janto.es,es,random1000
276622,dolfi.es,es,random1000
277930,sluurpy.es,es,random1000
277977,mitele.es,es,random1000
279361,visitasevilla.es,es,random1000
282188,liki24.es,es,random1000
282485,torres.es,es,random1000
282571,telefonicaempresas.es,es,random1000
283233,kelisto.es,es,random1000
283615,jakala.es,es,random1000
284257,cef.es,es,random1000
284359,diariojaen.es,es,random1000
284953,paston.es,es,random1000
285289,grip500.es,es,random1000
285669,tacf.es,es,random1000
287985,telefonicaservices.es,es,random1000
288723,watchfinder.es,es,random1000
290395,webador.es,es,random1000
293299,fishersci.es,es,random1000
294822,xurl.es,es,random1000
295076,livenation.es,es,random1000
295192,recambioslacinta.es,es,random1000
295670,medicalexpo.es,es,random1000
296463,nuevoestilo.es,es,random1000
298707,actiweb.es,es,random1000
298841,gmoto.es,es,random1000
299520,gobid.es,es,random1000
300154,margarito.es,es,random1000
305549,xtec.es,es,random1000
305714,visa.es,es,random1000
305803,lems.es,es,random1000
308114,latribunadealbacete.es,es,random1000
311688,refineria.es,es,random1000
313202,portalnissan.es,es,random1000
314229,diocesismalaga.es,es,random1000
315659,onlycable.es,es,random1000
315977,ekosport.es,es,random1000
316519,cnic.es,es,random1000
318673,europages.es,es,random1000
318951,sanpablo.es,es,random1000
318993,cyberdevelopment.es,es,random1000
320182,huelva.es,es,random1000
321398,1and1-dns.es,es,random1000
323177,boutiquedezothique.es,es,random1000
324913,totalenergies.es,es,random1000
325709,purina.es,es,random1000
326497,rosaclara.es,es,random1000
328894,keeshoes.es,es,random1000
330222,fotografiarte.es,es,random1000
330790,ayto-alcorcon.es,es,random1000
331057,adn.es,es,random1000
331234,emtvalencia.es,es,random1000
331316,bassbetjugar.es,es,random1000
331537,pandoapartments.es,es,random1000
332215,farmaciamarket.es,es,random1000
333388,diputacionalicante.es,es,random1000
333760,marcaapuestas.es,es,random1000
334829,ayto-torrejon.es,es,random1000
335495,everex.es,es,random1000
335681,elpespunte.es,es,random1000
336787,recambios-expres.es,es,random1000
337741,verbformen.es,es,random1000
339706,satse.es,es,random1000
339794,bmw-motorrad.es,es,random1000
341958,moventis.es,es,random1000
343002,equifax.es,es,random1000
343906,sigmaweb.es,es,random1000
344001,garnier.es,es,random1000
345451,yachtworld.es,es,random1000
348059,supercostablanca.es,es,random1000
348853,aquopolis.es,es,random1000
349001,smartick.es,es,random1000
349087,fjd.es,es,random1000
351458,satiata.es,es,random1000
353093,rmc.es,es,random1000
354234,monbus.es,es,random1000
355137,icsolutions.es,es,random1000
355300,iteasoluciones.es,es,random1000
356493,ddnet.es,es,random1000
357013,mediaqueri.es,es,random1000
357260,trabajas.es,es,random1000
358787,mjusticia.es,es,random1000
358806,alfort.es,es,random1000
359229,albasoft.es,es,random1000
361731,msccruceros.es,es,random1000
362669,hellofresh.es,es,random1000
363047,ucoz.es,es,random1000
363054,verti.es,es,random1000
363303,ieee.es,es,random1000
363642,electomania.es,es,random1000
363894,claretianos.es,es,random1000
363964,ilerna.es,es,random1000
364110,saneamientosdimasa.es,es,random1000
364216,aedv.es,es,random1000
365858,mptmd.gob.es,es,random1000
366661,tulotero.es,es,random1000
366871,miciudadreal.es,es,random1000
368183,playuzu.es,es,random1000
372287,retema.es,es,random1000
372330,rexbo.es,es,random1000
372461,bigshopper.es,es,random1000
373296,procono.es,es,random1000
375104,kelkoo.es,es,random1000
375847,directseguros.es,es,random1000
377056,inesem.es,es,random1000
377661,idento.es,es,random1000
377691,santosochoa.es,es,random1000
377945,momoven.es,es,random1000
378164,allelcoelec.es,es,random1000
378235,axasegurodeviaje.es,es,random1000
378525,boosterforum.es,es,random1000
378921,drim.es,es,random1000
379456,phdns9.es,es,random1000
379776,daikin.es,es,random1000
380197,seas.es,es,random1000
380530,trabber.es,es,random1000
381584,solcasino.es,es,random1000
382267,fremap.es,es,random1000
383113,adams.es,es,random1000
384726,ccoo-servicios.es,es,random1000
385306,mediasector.es,es,random1000
386272,mesoestetic.es,es,random1000
386462,almeriaciudad.es,es,random1000
386621,skoda.es,es,random1000
386787,sermepa.es,es,random1000
388362,onlinetravel.es,es,random1000
390008,umbro.es,es,random1000
391022,stretta-music.es,es,random1000
391130,risesmart.es,es,random1000
391526,masquetoners.es,es,random1000
391581,cdecomunicacion.es,es,random1000
392391,botemania.es,es,random1000
392735,noudiari.es,es,random1000
392934,bosch-home.es,es,random1000
393175,baba.es,es,random1000
393399,koha.es,es,random1000
393959,komunikadigital.es,es,random1000
394351,ieo.es,es,random1000
394389,101tv.es,es,random1000
394523,ranm.es,es,random1000
394902,ayto-santander.es,es,random1000
395625,ubuy.com.es,es,random1000
395812,benditaeva.es,es,random1000
396346,universalmusiconline.es,es,random1000
396673,vuelosbaratos.es,es,random1000
396885,aytolalaguna.es,es,random1000
397908,ugt-sp.es,es,random1000
398759,espai14.es,es,random1000
400036,digital.gob.es,es,random1000
400564,cmagazine.es,es,random1000
401157,confisur.es,es,random1000
401941,housage.es,es,random1000
404239,interfibra.es,es,random1000
404513,locurasegura.es,es,random1000
404611,proteccioncivil.es,es,random1000
404704,mycharmingdoll.es,es,random1000
404771,iedra.es,es,random1000
405735,palma.es,es,random1000
405928,belcasi.es,es,random1000
406184,motoblouz.es,es,random1000
407991,brother.es,es,random1000
408394,dimarca.es,es,random1000
409906,carcareeurope.es,es,random1000
410353,oscarsibon.es,es,random1000
412110,ingrv.es,es,random1000
416317,mampodre.es,es,random1000
418412,flexdog.es,es,random1000
418517,cambridge.es,es,random1000
418799,cotec.es,es,random1000
421227,ayto-pinto.es,es,random1000
421428,costway.es,es,random1000
421950,alsernet.es,es,random1000
424696,amstrad.es,es,random1000
425297,euractiv.es,es,random1000
426509,aceropanel.es,es,random1000
428500,nestoria.es,es,random1000
428811,age-geografia.es,es,random1000
429403,lopezyvazquez.es,es,random1000
429726,fega.es,es,random1000
431177,farmaciabarata.es,es,random1000
431865,separ.es,es,random1000
433450,linlab.es,es,random1000
433581,atib.es,es,random1000
433964,folderpapelerias.es,es,random1000
433971,proxi.es,es,random1000
434394,einef.es,es,random1000
434407,catalunyapress.es,es,random1000
434546,menorca.es,es,random1000
435080,la7tv.es,es,random1000
435932,cultoro.es,es,random1000
437813,citelia.es,es,random1000
439304,gunnitrentino.es,es,random1000
439517,castilla-luz.es,es,random1000
440053,boboli.es,es,random1000
440586,olivenet.es,es,random1000
442784,lexusauto.es,es,random1000
443112,ravell.es,es,random1000
443643,soloconlinux.org.es,es,random1000
443653,alcort.es,es,random1000
444103,emtmalaga.es,es,random1000
445127,y-ic.es,es,random1000
445204,nagoyasushi.es,es,random1000
445735,padeliberico.es,es,random1000
447767,apba.es,es,random1000
448000,ituser.es,es,random1000
449015,skipping.es,es,random1000
449389,vivecampoo.es,es,random1000
449526,informunity.es,es,random1000
451940,anuario-horario.es,es,random1000
452977,boellhoff.es,es,random1000
456332,melillahoy.es,es,random1000
457665,campustraining.es,es,random1000
458777,grupocooperativocajamar.es,es,random1000
459210,mineco.es,es,random1000
462257,123tinta.es,es,random1000
462293,zococity.es,es,random1000
462795,lasirena.es,es,random1000
463857,borchers.es,es,random1000
463933,davante.es,es,random1000
464024,magius-casino-es.es,es,random1000
464129,mtas.es,es,random1000
464307,plus.es,es,random1000
464374,innovasur.es,es,random1000
464624,sefcarm.es,es,random1000
464652,itnow.es,es,random1000
465284,infobarrancos.es,es,random1000
465368,mecamodel.es,es,random1000
466181,designcrowd.es,es,random1000
466988,ecdesign.es,es,random1000
470113,ultimagame.es,es,random1000
470325,boredpanda.es,es,random1000
471238,fedintra.es,es,random1000
471598,herbalistgrow.es,es,random1000
471823,cantabrialabs.es,es,random1000
472213,coviran.es,es,random1000
472473,bohodot.es,es,random1000
473798,wktaa.es,es,random1000
474855,gomezmoda.es,es,random1000
475108,farmacias.es,es,random1000
475346,guiasalud.es,es,random1000
476473,elsvents.es,es,random1000
478463,yellowshop.es,es,random1000
480462,illusionstudio.es,es,random1000
480824,eurogrow.es,es,random1000
481909,nanako.es,es,random1000
482553,bizum.es,es,random1000
484794,screensiz.es,es,random1000
484923,murciaturistica.es,es,random1000
484972,combatientes.es,es,random1000
485322,elcultural.es,es,random1000
486403,kinbet-casino-win.es,es,random1000
486619,marathonbet.es,es,random1000
488085,diariodehuelva.es,es,random1000
489308,nivea.es,es,random1000
489886,grupocastilla.es,es,random1000
490442,dreamfood.es,es,random1000
490596,cuevadenerja.es,es,random1000
491169,alcalahoy.es,es,random1000
492872,cfnavarra.es,es,random1000
492898,clubtesla.es,es,random1000
493141,gallinablanca.es,es,random1000
493419,porthotels.es,es,random1000
494073,semg.es,es,random1000
494804,astrofotografia.es,es,random1000
495750,materialescolar.es,es,random1000
496066,ziajashop.es,es,random1000
497260,gt2i.es,es,random1000
498673,fansale.es,es,random1000
499003,ciberisciii.es,es,random1000
499565,tickety.es,es,random1000
500105,icomem.es,es,random1000
500504,mondialtissus.es,es,random1000
501679,parclick.es,es,random1000
501684,keslem.es,es,random1000
501806,nscluster.es,es,random1000
501929,paterna.es,es,random1000
502403,observatoriodelavidamilitar.es,es,random1000
503410,alensa.es,es,random1000
504027,sanroque.es,es,random1000
504399,segoviaudaz.es,es,random1000
505003,baikaltrade.es,es,random1000
505738,lafuente.es,es,random1000
506178,bemypool.es,es,random1000
506452,airef.es,es,random1000
509890,mecalux.es,es,random1000
510579,bicispasaje.es,es,random1000
511259,datadec-online.es,es,random1000
511323,bbbheladerias.es,es,random1000
511441,lasnoticiasdecuenca.es,es,random1000
512506,rsce.es,es,random1000
514759,avalonburgos.es,es,random1000
514849,perlesandco.es,es,random1000
515225,milautoparts.es,es,random1000
515346,laantioquena.es,es,random1000
516723,idoneo.es,es,random1000
517534,zamnesia.es,es,random1000
518212,whatsup.es,es,random1000
519350,listasdepalabras.es,es,random1000
520178,pantallazo.es,es,random1000
520637,trasmediterranea.es,es,random1000
521024,gogarden.es,es,random1000
521691,diabetika.es,es,random1000
523615,tarostrade.es,es,random1000
523758,danone.es,es,random1000
523766,esmokingspain.es,es,random1000
524014,byneural.es,es,random1000
524401,tecnicasreunidas.es,es,random1000
524982,strato.es,es,random1000
527352,petres.es,es,random1000
527557,condeduquemadrid.es,es,random1000
527934,ovh.es,es,random1000
529129,sepin.es,es,random1000
530055,futbol-talentos.es,es,random1000
531415,forogratis.es,es,random1000
532806,espanadigital.gob.es,es,random1000
532921,ercros.es,es,random1000
534878,yescapa.es,es,random1000
535408,clm24.es,es,random1000
535563,clubpeugeot.es,es,random1000
535734,wanapix.es,es,random1000
536070,wldns.es,es,random1000
538581,medispa.es,es,random1000
539007,sexyphoto.es,es,random1000
539493,sonypictures.es,es,random1000
539799,24mx.es,es,random1000
539843,smartgyro.es,es,random1000
540025,aielodemalferit.es,es,random1000
541006,maybelline.es,es,random1000
542420,esvoley.es,es,random1000
542566,cineymax.es,es,random1000
544192,coltelleriacollini.es,es,random1000
544924,farmaciacuadrado.es,es,random1000
545086,ticsconsulting.es,es,random1000
547231,gourl.es,es,random1000
547900,daparto.es,es,random1000
548127,map.es,es,random1000
549798,eldiasoria.es,es,random1000
550188,mcp.es,es,random1000
551483,jbl.es,es,random1000
553878,mercadocentralvalencia.es,es,random1000
553890,parkos.es,es,random1000
555393,navarratelevision.es,es,random1000
555558,reyalfombrillas.es,es,random1000
555575,yosports.es,es,random1000
559313,turismomadrid.es,es,random1000
564035,rentola.es,es,random1000
565456,propint.es,es,random1000
568568,iqb.es,es,random1000
569279,hna.es,es,random1000
569397,emvs.es,es,random1000
569610,cegal.es,es,random1000
571216,quebueno.es,es,random1000
572730,bibliotecasagustinianas.es,es,random1000
574346,mscbs.gob.es,es,random1000
576128,ecua.es,es,random1000
576508,unlimitgroup.es,es,random1000
577858,proyectotelemaco.es,es,random1000
578037,segle.es,es,random1000
578430,essensworld.es,es,random1000
579822,viaweb.es,es,random1000
580541,empleacantabria.es,es,random1000
581484,bikeshop.es,es,random1000
582799,burritoazteca.es,es,random1000
584611,aitanamusic.es,es,random1000
586465,jaenhoy.es,es,random1000
586500,digisellos.es,es,random1000
586918,buckerbook.es,es,random1000
588812,beds.es,es,random1000
589039,gymcompany.es,es,random1000
589487,samboat.es,es,random1000
591279,tgcomes.es,es,random1000
591765,woespana.es,es,random1000
591982,tiendawebonline.es,es,random1000
592310,autodaz.es,es,random1000
592368,mundofitness.es,es,random1000
592800,cuponation.es,es,random1000
594249,dipsegovia.es,es,random1000
594852,canbanach.es,es,random1000
596115,altertime.es,es,random1000
596788,eniplenitude.es,es,random1000
596909,firmaelectronica.gob.es,es,random1000
597651,mivau.gob.es,es,random1000
597845,okaidi.es,es,random1000
599019,jeep.es,es,random1000
599037,ruanonet.es,es,random1000
600729,dentaid.es,es,random1000
601218,massana.es,es,random1000
601499,ctan.es,es,random1000
602296,nklbudo.com.es,es,random1000
602880,aguasdealicante.es,es,random1000
603460,tiempoyradar.es,es,random1000
604845,enfispo.es,es,random1000
605131,neonet-server.com.es,es,random1000
605261,campusdomar.es,es,random1000
607566,denix.es,es,random1000
608915,doshermanas.es,es,random1000
609120,torbe.es,es,random1000
609418,juaneda.es,es,random1000
609740,imancorp.es,es,random1000
609873,hospitaluvrocio.es,es,random1000
609905,makita.es,es,random1000
609943,diputaciolleida.es,es,random1000
610114,rfcylf.es,es,random1000
612248,electrowifi.es,es,random1000
612331,suop.es,es,random1000
612511,cantabriadirecta.es,es,random1000
612622,creatalia.es,es,random1000
613668,uaoceu.es,es,random1000
614134,davidamador.es,es,random1000
618607,durex.es,es,random1000
618786,h2odetect.es,es,random1000
619639,superlove.es,es,random1000
619698,hafele.es,es,random1000
619805,cag.es,es,random1000
620427,zapattu.es,es,random1000
622050,alupe.es,es,random1000
622497,tumedico.es,es,random1000
622749,pangea.es,es,random1000
622956,yair.es,es,random1000
627116,landirenzo-glp.es,es,random1000
628533,anadeana.es,es,random1000
629554,helloprima.es,es,random1000
629942,sonymusic.es,es,random1000
630329,ctickets.es,es,random1000
631100,ctpdandalucia.es,es,random1000
631303,librerias-hsr.es,es,random1000
632159,wimdu.es,es,random1000
633321,asdecopas.es,es,random1000
634270,geoportalgasolineras.es,es,random1000
634559,deluxenail.es,es,random1000
634870,agendapublica.es,es,random1000
637190,nikonstore.es,es,random1000
637969,ovb.es,es,random1000
638183,librerialamistral.es,es,random1000
639039,unrwa.es,es,random1000
641750,info-con.es,es,random1000
642565,bonsaipavia.es,es,random1000
642952,wolfcrm.es,es,random1000
644016,sensacionrural.es,es,random1000
644706,hostempresa.es,es,random1000
646041,fergahost.es,es,random1000
647534,creatico.es,es,random1000
647799,websur.es,es,random1000
648071,energynews.es,es,random1000
653339,androidpc.es,es,random1000
655984,ciode.es,es,random1000
656008,diariodotamega.es,es,random1000
656356,somoscomarca.es,es,random1000
656521,inspee.es,es,random1000
657057,amcchannels.es,es,random1000
661081,siweb.es,es,random1000
661093,azetadistribuciones.es,es,random1000
663698,cerverazapaterias.es,es,random1000
664113,mgc.es,es,random1000
664408,axa-salud.es,es,random1000
666151,floraqueen.es,es,random1000
667184,ppsantamarta.es,es,random1000
667814,candelea.es,es,random1000
668884,antequera.es,es,random1000
669199,ran.es,es,random1000
670186,ipanema.es,es,random1000
670212,oliunid.es,es,random1000
670346,farmaferoles.es,es,random1000
671336,fashionunited.es,es,random1000
672610,elementbrand.es,es,random1000
672696,metalshop.es,es,random1000
673283,direct-seguros.es,es,random1000
673913,democraciarealya.es,es,random1000
674817,benalmadena.es,es,random1000
675009,axahablaclaro.es,es,random1000
675518,proyectoamorconyugal.es,es,random1000
675782,surnam.es,es,random1000
675909,clientesweb.es,es,random1000
676350,solgar.es,es,random1000
678821,divinacocina.es,es,random1000
679202,scimago.es,es,random1000
681046,alter.es,es,random1000
681424,turegaloespera.es,es,random1000
681742,gigas.es,es,random1000
683444,puertofantasy.es,es,random1000
683609,antena3tv.es,es,random1000
684179,fazwaz.es,es,random1000
684218,ainia.es,es,random1000
685370,riberadelduero.es,es,random1000
685455,checkmybus.es,es,random1000
685787,frankstore.es,es,random1000
686091,eapn.es,es,random1000
686653,brillo.es,es,random1000
688706,mecambioadirect.es,es,random1000
689447,nutrofar.es,es,random1000
689667,laoca.es,es,random1000
689844,gestionformativa.es,es,random1000
690286,lucasfox.es,es,random1000
691243,comb.es,es,random1000
692872,chospab.es,es,random1000
693506,observatoriodelainfancia.es,es,random1000
694784,inforamacs.es,es,random1000
696284,direct-seguro.es,es,random1000
696287,neorural.es,es,random1000
696336,elrayo.es,es,random1000
697107,libreriamaraxe.es,es,random1000
697467,pocketbook.es,es,random1000
697870,eljueves.es,es,random1000
698085,postbeeld.es,es,random1000
698767,elpradopsicologos.es,es,random1000
699006,racinglubes.es,es,random1000
699876,gocdkeys.es,es,random1000
700121,axa-hablaclaro.es,es,random1000
700345,geektopia.es,es,random1000
702331,artemlegrand.es,es,random1000
703806,itv-tuvrheinland.es,es,random1000
703864,autocaravanas.es,es,random1000
704465,webjoomla.es,es,random1000
705454,edel-optics.es,es,random1000
706325,artroposfera.es,es,random1000
706427,cnmc.gob.es,es,random1000
706429,cocopool.es,es,random1000
706488,eljardindeldeseo.es,es,random1000
706607,idirecto.es,es,random1000
706767,musicalsanfrancisco.es,es,random1000
706784,nascapers.es,es,random1000
706983,supersonido.es,es,random1000
709273,guiahalal.es,es,random1000
709439,eude.es,es,random1000
709497,hardwareanalisis.es,es,random1000
709934,gorian.es,es,random1000
710936,jcea.es,es,random1000
711104,axaprivilege.es,es,random1000
711293,finanzasparatodos.es,es,random1000
711689,mihogarfacil.es,es,random1000
712435,carriola.es,es,random1000
712436,casting.es,es,random1000
712548,goldentree.es,es,random1000
712650,lindehobby.es,es,random1000
715831,jfactory.es,es,random1000
716305,thebarbercompany.es,es,random1000
718354,adobe.es,es,random1000
718450,paralimpicos.es,es,random1000
719778,pronto.es,es,random1000
719935,krups.es,es,random1000
721576,futunatura.es,es,random1000
722994,cadenadesuministro.es,es,random1000
723708,hebell.es,es,random1000
724907,artekasa.es,es,random1000
726158,cbdacasa.es,es,random1000
726260,snowleader.es,es,random1000
728096,docklandet.es,es,random1000
728327,klotz-ais.es,es,random1000
729456,cerave.es,es,random1000
729919,kentfaith.es,es,random1000
730278,photowall.es,es,random1000
730489,soccerfactory.es,es,random1000
730595,tiendahipicaonline.es,es,random1000
730658,ufesa.es,es,random1000
730791,yomovo.es,es,random1000
731334,dicoruna.es,es,random1000
732838,ata.es,es,random1000
733927,eurosintesis.es,es,random1000
734537,selwo.es,es,random1000
735014,coldwellbanker.es,es,random1000
735620,larioja.edu.es,es,random1000
736003,escollection.es,es,random1000
736349,ozu.es,es,random1000
737423,ayzeze.es,es,random1000
737890,serverlacomunicacion.es,es,random1000
738944,eltambor.es,es,random1000
739915,librerialosmartires.es,es,random1000
740393,nordicnest.es,es,random1000
740778,axapartners.es,es,random1000
741841,w3c.es,es,random1000
743914,lessa.es,es,random1000
743941,highflyjugar.es,es,random1000
744801,polarboxstyle.es,es,random1000
745310,thegoldhouse.es,es,random1000
748406,rollerourense.es,es,random1000
748647,paratupc.es,es,random1000
748899,rockcitymagazine.es,es,random1000
749685,miratel.es,es,random1000
749741,direcseguro.es,es,random1000
752201,4endurance.es,es,random1000
756001,abire.es,es,random1000
756094,academia-geopol.es,es,random1000
756689,aerotestppl.es,es,random1000
757846,alimerkaonline.es,es,random1000
758587,amor40.es,es,random1000
758588,amor60.es,es,random1000
758711,amway.es,es,random1000
760132,armeriaferre.es,es,random1000
760217,arriva.es,es,random1000
761615,avon.es,es,random1000
762298,bagg.es,es,random1000
764157,bestwaystore.es,es,random1000
765846,bmwmotorradpremiumselection.es,es,random1000
766223,bonoparques.es,es,random1000
766873,bricoking.es,es,random1000
767391,bullionvault.es,es,random1000
768227,calleja.es,es,random1000
768574,capriche.es,es,random1000
769601,celuapuestas.es,es,random1000
770151,chaty.es,es,random1000
771534,clipqui.es,es,random1000
771653,clubby.es,es,random1000
771702,clubmed.es,es,random1000
772084,colejobs.es,es,random1000
772390,comunidadmsm.es,es,random1000
772707,controlnet.es,es,random1000
773263,creditilia.es,es,random1000
774055,cyltvplay.es,es,random1000
774386,daitsu.es,es,random1000
775005,decornatur.es,es,random1000
778689,ebike.es,es,random1000
778717,ebonos.es,es,random1000
778804,eclipse-solar.es,es,random1000
778966,edenliberal.es,es,random1000
779273,efisio.es,es,random1000
779729,elephantrooms.es,es,random1000
779778,elhoroscopodehoy.es,es,random1000
779927,elpacmoneytransfer.es,es,random1000
780018,emasagra.es,es,random1000
780440,entraenmicarta.es,es,random1000
781344,euromueble.es,es,random1000
781628,exeshoes.es,es,random1000
781666,expediataap.es,es,random1000
782343,familycash.es,es,random1000
782377,fanatics.es,es,random1000
782454,faraonbet.es,es,random1000
783035,ffmadrid.es,es,random1000
783141,fidinda.es,es,random1000
783335,finantia.es,es,random1000
783922,flygijon.es,es,random1000
784080,fonmoney.es,es,random1000
784220,formacarm.es,es,random1000
784490,frasor.es,es,random1000
784744,fs-tools.es,es,random1000
784984,funcionareparaciones.es,es,random1000
785135,futbolhoy.es,es,random1000
785612,galicine.es,es,random1000
785620,galileus.es,es,random1000
785893,gando.es,es,random1000
786621,gestnet.es,es,random1000
787175,gitool.es,es,random1000
788662,grupodentalclinics.es,es,random1000
788679,grupoia.es,es,random1000
788704,grupopoliclinica.es,es,random1000
788742,grupotitanes.es,es,random1000
791684,hortum.es,es,random1000
792003,hsconsulting.es,es,random1000
792677,iberiacards.es,es,random1000
792680,iberidoc.es,es,random1000
794377,integralmotion.es,es,random1000
794793,iqosclub.es,es,random1000
795030,ismgroup.es,es,random1000
797046,johnpye.es,es,random1000
797489,juegosinpubli.es,es,random1000
797709,juwelo.es,es,random1000
799570,kimbino.es,es,random1000
800305,kobemotor.es,es,random1000
801944,lamallorquina.es,es,random1000
802785,lepasmotor.es,es,random1000
803832,loaney.es,es,random1000
805108,luzestilo.es,es,random1000
805109,luzete.es,es,random1000
806202,mamakana.es,es,random1000
807347,mazdaselected.es,es,random1000
807552,mdhcentros.es,es,random1000
808769,miamandarina.es,es,random1000
808878,midea.es,es,random1000
809275,miniso.es,es,random1000
809348,miportalfinanciero.es,es,random1000
809444,mispapeles.es,es,random1000
810434,montanabella.es,es,random1000
810651,motofusion.es,es,random1000
810720,motrio.es,es,random1000
811350,muface.gob.es,es,random1000
811508,mundosenior.es,es,random1000
813321,naturesfinest.es,es,random1000
813330,naturgytarifas.es,es,random1000
813331,naturhouse.es,es,random1000
813822,netkia.es,es,random1000
814185,nfnatcane.es,es,random1000
814282,niba.es,es,random1000
814285,nicanora.es,es,random1000
814798,nockpoint.es,es,random1000
815353,nuclisoftware.es,es,random1000
815843,ocineblanes.es,es,random1000
815847,ocinepremiumestepark.es,es,random1000
815870,october.es,es,random1000
815962,oepm.gob.es,es,random1000
817165,oposicionseguridadsocial.es,es,random1000
817323,ordenacionjuego.gob.es,es,random1000
817606,osloskinlab.es,es,random1000
818908,parkersolutions.es,es,random1000
819621,pedigree.es,es,random1000
819960,personaspain.es,es,random1000
820697,piensosraposo.es,es,random1000
820857,pinticosmetics.es,es,random1000
820908,pisamonas.es,es,random1000
821027,pizzeriascarlos.es,es,random1000
821193,planfor.es,es,random1000
821734,podcastyradio.es,es,random1000
821982,pompasfunebres-europeas.es,es,random1000
821983,pompasfunebres.es,es,random1000
821984,pompasfunebresibiza.es,es,random1000
822138,pornoenspanish.es,es,random1000
822798,prestamato.es,es,random1000
823211,projerseyshop.es,es,random1000
823442,prpmalaga.es,es,random1000
824881,racingmarsal.es,es,random1000
825932,redcupra.es,es,random1000
826525,restaurantic.es,es,random1000
827476,roselin.es,es,random1000
831455,sheba.es,es,random1000
832205,sigmatime.es,es,random1000
833428,smartcredito.es,es,random1000
834099,solitariospider.es,es,random1000
834135,solteros50.es,es,random1000
834136,solterosconnivel.es,es,random1000
834152,solutest.es,es,random1000
836368,superdry.es,es,random1000
836478,supersaas.es,es,random1000
837809,tanatoriosanjose.es,es,random1000
837882,tanzaniaspecialist.es,es,random1000
837985,tarjetasocialdigital.es,es,random1000
838470,tectake.es,es,random1000
838582,telas.es,es,random1000
839354,theecowoman.es,es,random1000
839627,thermomix-badajoz.es,es,random1000
840881,top10amigo.es,es,random1000
841127,torcal.es,es,random1000
841735,travelplan.es,es,random1000
842362,tua.es,es,random1000
843132,ubiot.es,es,random1000
843997,universeofentertainment.es,es,random1000
844076,unonueveocho.es,es,random1000
845089,vaperalia.es,es,random1000
846030,vigoshop.es,es,random1000
846396,virtualmedia.es,es,random1000
847460,wakeupformacion.es,es,random1000
848959,womanella.es,es,random1000
851354,yodeyma.es,es,random1000
852124,zaimoo.es,es,random1000
853103,zyam.es,es,random1000
853455,espacioschillout.es,es,random1000
853875,axadental.es,es,random1000
854509,solocasa.es,es,random1000
856264,americanairlines.es,es,random1000
856307,asemas.es,es,random1000
856514,coe.es,es,random1000
856766,studbook.es,es,random1000
857479,chguadalquivir.es,es,random1000
857962,libreart.es,es,random1000
858112,qtponline.es,es,random1000
859550,georank.es,es,random1000
860056,npuntocero.es,es,random1000
862725,dipsoria.es,es,random1000
863460,the-west.es,es,random1000
863693,selloibtc.es,es,random1000
864470,cloudwifi.es,es,random1000
864530,wnm-group.es,es,random1000
866706,openstream.es,es,random1000
867131,solucionsinformatiques.es,es,random1000
868085,joyeriadelacruz.es,es,random1000
868087,inps.es,es,random1000
870047,minegociofacil.es,es,random1000
870777,bankia.es,es,random1000
870912,bozoom.es,es,random1000
871685,eysmunicipales.es,es,random1000
872019,asbike.es,es,random1000
872240,iberoeconomia.es,es,random1000
872617,univadis.es,es,random1000
872901,libreriadesiderata.es,es,random1000
874218,idg.es,es,random1000
876737,promessedefleurs.es,es,random1000
877273,airfleets.es,es,random1000
877470,adrirodrigoagencia.es,es,random1000
877559,soloimprenta.es,es,random1000
878390,bbbtattos.es,es,random1000
879083,isdefe.es,es,random1000
879895,ictpro.es,es,random1000
881166,recortescero.es,es,random1000
881213,eruano.es,es,random1000
882151,esmartcity.es,es,random1000
882155,onlinemedical.es,es,random1000
883112,lamecha.es,es,random1000
883280,hotelscombined.es,es,random1000
884379,girolconsulting.es,es,random1000
885626,tiendasuperbebe.es,es,random1000
886036,homegallery.es,es,random1000
887284,transparencia.org.es,es,random1000
888138,cotoli.es,es,random1000
888659,pickaweb.es,es,random1000
889704,dentaluque.es,es,random1000
890834,motogoma.es,es,random1000
891654,6tm.es,es,random1000
891793,acta.es,es,random1000
891843,hispaniacolors.es,es,random1000
892529,nadaesgratis.es,es,random1000
892716,buenosdeseos.es,es,random1000
894942,modaes.es,es,random1000
895391,xlcatlin.es,es,random1000
895820,henryschein.es,es,random1000
896198,latiendadeltpv.es,es,random1000
896201,mecanocar.es,es,random1000
896894,libreriaprisma.es,es,random1000
897129,metafora.es,es,random1000
898093,horizontes-axa.es,es,random1000
899277,fpabloiglesias.es,es,random1000
900217,uam-csic.es,es,random1000
900392,safety-car.es,es,random1000
901367,repuestos-honda.es,es,random1000
903524,marketingandweb.es,es,random1000
904182,aiudo.es,es,random1000
905099,kaimo.es,es,random1000
905228,plazadetorosdegranada.es,es,random1000
906725,kitempleo.es,es,random1000
910127,amadosalvador.es,es,random1000
910414,planetmad.es,es,random1000
911736,sportyou.es,es,random1000
911746,gnuragist.es,es,random1000
912242,fecamclm.es,es,random1000
915211,asesor-de-salud.es,es,random1000
915364,aurelia-cortez.es,es,random1000
915569,badanga.es,es,random1000
916869,carsmarobe.es,es,random1000
917835,curviva.es,es,random1000
917918,dabogest.es,es,random1000
918316,dineri.es,es,random1000
918856,edutalent.es,es,random1000
920829,grupoteixido.es,es,random1000
921950,intratime.es,es,random1000
922291,jata.es,es,random1000
923569,landlformacion.es,es,random1000
923984,loclar.es,es,random1000
924601,matildecano.es,es,random1000
926360,oapgt.es,es,random1000
926382,ocinearenys.es,es,random1000
926384,ocineplatjadaro.es,es,random1000
926387,ocinepremiumbahiareal.es,es,random1000
926392,ocineserrallo.es,es,random1000
926419,ofertamitsubishi.es,es,random1000
927164,peachaparacing.es,es,random1000
928249,quickrabbit.es,es,random1000
928257,quioo.es,es,random1000
928506,rcable.es,es,random1000
930239,spargrancanaria.es,es,random1000
930481,stiltzlifts.es,es,random1000
930909,talante.es,es,random1000
931005,taxitest.es,es,random1000
931459,todocesped.es,es,random1000
931565,toptex.es,es,random1000
932102,unicop-formacionpolicial.es,es,random1000
932108,unifersa.es,es,random1000
932162,unsologanador.es,es,random1000
934453,quickwinjogar.es,es,random1000
937161,crowdfundinginmobiliario-review.es,es,random1000
937238,albaeditorial.es,es,random1000
937423,onlinecv.es,es,random1000
939829,syngenta.es,es,random1000
940790,icmat.es,es,random1000
941362,farmaciaayala53.es,es,random1000
945371,cegos.es,es,random1000
945911,aig.com.es,es,random1000
945956,teatrodelamaestranza.es,es,random1000
947637,childrenshobby.es,es,random1000
948218,mbrev.es,es,random1000
948389,ehd.es,es,random1000
948660,teleport.es,es,random1000
949031,pamono.es,es,random1000
949762,fep.es,es,random1000
950577,barloventocomunicacion.es,es,random1000
951237,machinerytrader.es,es,random1000
952307,publimaxmerchanonline.es,es,random1000
952373,tiendaonlineplastiform.es,es,random1000
952679,greatplacetowork.es,es,random1000
953196,macniacos.es,es,random1000
955179,platissimo.es,es,random1000
957304,donhosting.es,es,random1000
957611,finquescostabrava.es,es,random1000
959375,machineryzone.es,es,random1000
959682,mendrulandia.es,es,random1000
960256,mundoobrero.es,es,random1000
961516,preciosjuegosdemesa.es,es,random1000
961674,novallibres.es,es,random1000
962266,betensured.es,es,random1000
963814,experian.es,es,random1000
964720,diputaciondezamora.es,es,random1000
965349,nomadcoffee.es,es,random1000
965498,megamusic.es,es,random1000
968952,trito.es,es,random1000
968978,shaper.es,es,random1000
969438,2cm.es,es,random1000
970480,badajoz.es,es,random1000
970843,channelpartner.es,es,random1000
971639,clic.es,es,random1000
972691,espormadrid.es,es,random1000
977261,casagraciela.es,es,random1000
977382,denia.es,es,random1000
978013,rotelu.es,es,random1000
979960,robotix.es,es,random1000
982410,ampasantamarialr.es,es,random1000
982997,ayto-murcia.es,es,random1000
984553,ceipluiscosta.es,es,random1000
985031,cookmusicfest.es,es,random1000
985041,coralshop.es,es,random1000
987132,foots.es,es,random1000
989044,isabelmarbella.es,es,random1000
991803,medik8.es,es,random1000
993157,nurae.es,es,random1000
994737,purolatino.es,es,random1000
995714,sageplpa.es,es,random1000
996568,smarttrackrfea.es,es,random1000
996718,sosrural.es,es,random1000
996985,suasesorinmobiliarioycontable.es,es,random1000
997302,takkra.es,es,random1000
405,gandi-ns.fr,fr,top1000
605,free.fr,fr,top1000
621,amazon.fr,fr,top1000
632,doctolib.fr,fr,top1000
706,lemonde.fr,fr,top1000
838,lefigaro.fr,fr,top1000
1068,ouest-france.fr,fr,top1000
1089,google.fr,fr,top1000
1192,leboncoin.fr,fr,top1000
1208,lequipe.fr,fr,top1000
1220,leparisien.fr,fr,top1000
1271,ladepeche.fr,fr,top1000
1298,actu.fr,fr,top1000
1300,orange.fr,fr,top1000
1320,franceinfo.fr,fr,top1000
1355,leroymerlin.fr,fr,top1000
1575,meteociel.fr,fr,top1000
1652,flashscore.fr,fr,top1000
1909,letour.fr,fr,top1000
2751,cnil.fr,fr,top1000
3104,sfr.fr,fr,top1000
3275,vinted.fr,fr,top1000
3307,cnrs.fr,fr,top1000
3488,ec-lyon.fr,fr,top1000
3748,weborama.fr,fr,top1000
3752,wanadoo.fr,fr,top1000
3901,liberation.fr,fr,top1000
3991,rfi.fr,fr,top1000
4448,radiofrance.fr,fr,top1000
4475,20minutes.fr,fr,top1000
4551,tube8.fr,fr,top1000
4785,ameli.fr,fr,top1000
4794,bnf.fr,fr,top1000
4980,service-public.fr,fr,top1000
5008,tripadvisor.fr,fr,top1000
5097,laposte.fr,fr,top1000
5175,lesechos.fr,fr,top1000
5270,ebay.fr,fr,top1000
5291,allocine.fr,fr,top1000
5403,sudouest.fr,fr,top1000
5546,rtl.fr,fr,top1000
5564,pagesjaunes.fr,fr,top1000
5625,francetvinfo.fr,fr,top1000
5653,credit-agricole.fr,fr,top1000
5739,paris.fr,fr,top1000
5795,inria.fr,fr,top1000
5971,blogspot.fr,fr,top1000
6080,nic.fr,fr,top1000
6123,tf1info.fr,fr,top1000
6141,louvre.fr,fr,top1000
6168,carrefour.fr,fr,top1000
6169,caf.fr,fr,top1000
6219,letelegramme.fr,fr,top1000
6238,lavoixdunord.fr,fr,top1000
6267,decathlon.fr,fr,top1000
6361,caissedesdepots.fr,fr,top1000
6417,ici.fr,fr,top1000
6429,leprogres.fr,fr,top1000
6474,airbnb.fr,fr,top1000
6570,midilibre.fr,fr,top1000
6863,cnews.fr,fr,top1000
6945,lanouvellerepublique.fr,fr,top1000
6967,zalando.fr,fr,top1000
7254,journaldesfemmes.fr,fr,top1000
7354,auchan.fr,fr,top1000
7372,but.fr,fr,top1000
7456,eurosport.fr,fr,top1000
7479,lindependant.fr,fr,top1000
7507,creditmutuel.fr,fr,top1000
7712,labanquepostale.fr,fr,top1000
7802,fdj.fr,fr,top1000
7830,chronopost.fr,fr,top1000
7842,gala.fr,fr,top1000
7896,conforama.fr,fr,top1000
7955,tf1.fr,fr,top1000
8032,senat.fr,fr,top1000
8042,intersport.fr,fr,top1000
8043,laredoute.fr,fr,top1000
8351,mailin.fr,fr,top1000
8397,cic.fr,fr,top1000
8621,impots.gouv.fr,fr,top1000
8735,melty.fr,fr,top1000
8799,maxifoot.fr,fr,top1000
8887,sciencepost.fr,fr,top1000
9100,naturabuy.fr,fr,top1000
9107,manomano.fr,fr,top1000
9217,electrodepot.fr,fr,top1000
9298,zeturf.fr,fr,top1000
9388,zone-turf.fr,fr,top1000
9395,turfomania.fr,fr,top1000
9750,service-public.gouv.fr,fr,top1000
9940,franceconnect.gouv.fr,fr,top1000
10238,lepoint.fr,fr,top1000
10334,vertbaudet.fr,fr,top1000
10361,francetravail.fr,fr,top1000
10596,sports.fr,fr,top1000
10757,insee.fr,fr,top1000
10984,weda.fr,fr,top1000
11060,huffingtonpost.fr,fr,top1000
11440,unistra.fr,fr,top1000
11506,lexpress.fr,fr,top1000
11633,feuxdeforet.fr,fr,top1000
11664,blancheporte.fr,fr,top1000
11668,bbox.fr,fr,top1000
11899,examens-concours.gouv.fr,fr,top1000
11931,pinterest.fr,fr,top1000
12020,sante.fr,fr,top1000
12069,pornoplus.fr,fr,top1000
12622,archives-ouvertes.fr,fr,top1000
12631,ionos.fr,fr,top1000
12797,openstreetmap.fr,fr,top1000
12858,assemblee-nationale.fr,fr,top1000
12927,pagesperso-orange.fr,fr,top1000
12975,perf1.fr,fr,top1000
13004,inrae.fr,fr,top1000
13448,ademe.fr,fr,top1000
13518,renater.fr,fr,top1000
13614,latribune.fr,fr,top1000
13953,francebleu.fr,fr,top1000
14005,elle.fr,fr,top1000
14165,pappers.fr,fr,top1000
14316,inserm.fr,fr,top1000
14359,first-id.fr,fr,top1000
14556,interieur.gouv.fr,fr,top1000
14595,kinepolis.fr,fr,top1000
14628,ens.fr,fr,top1000
14654,mediapart.fr,fr,top1000
14707,iarc.fr,fr,top1000
14853,online.fr,fr,top1000
15042,unblog.fr,fr,top1000
15127,estrepublicain.fr,fr,top1000
15268,u-strasbg.fr,fr,top1000
15385,europe1.fr,fr,top1000
15454,nordnet.fr,fr,top1000
15528,cea.fr,fr,top1000
15684,gouvernement.fr,fr,top1000
15799,persee.fr,fr,top1000
16206,lamontagne.fr,fr,top1000
16251,airfrance.fr,fr,top1000
16325,bouyguestelecom.fr,fr,top1000
16413,in2p3.fr,fr,top1000
16578,edf.fr,fr,top1000
16606,viamichelin.fr,fr,top1000
16637,letudiant.fr,fr,top1000
16816,msa.fr,fr,top1000
16997,pmu.fr,fr,top1000
17080,castorama.fr,fr,top1000
17259,abebooks.fr,fr,top1000
17277,transfermarkt.fr,fr,top1000
17336,ircam.fr,fr,top1000
17338,doctissimo.fr,fr,top1000
17397,jussieu.fr,fr,top1000
17467,ens-lyon.fr,fr,top1000
17519,engie.fr,fr,top1000
17564,idealo.fr,fr,top1000
17600,lacentrale.fr,fr,top1000
17653,ina.fr,fr,top1000
17884,capital.fr,fr,top1000
17968,sg.fr,fr,top1000
18180,univ-lyon1.fr,fr,top1000
18229,4dcloud.fr,fr,top1000
18297,mondialrelay.fr,fr,top1000
18313,elysee.fr,fr,top1000
18361,urssaf.fr,fr,top1000
18548,m6.fr,fr,top1000
18557,meteofrance.fr,fr,top1000
18604,has-sante.fr,fr,top1000
18655,larousse.fr,fr,top1000
18766,u-bordeaux.fr,fr,top1000
18886,charentelibre.fr,fr,top1000
18960,lassuranceretraite.fr,fr,top1000
19041,eolas.fr,fr,top1000
19393,handbrake.fr,fr,top1000
19433,education.gouv.fr,fr,top1000
19478,education.fr,fr,top1000
19480,skyscanner.fr,fr,top1000
19497,larepubliquedespyrenees.fr,fr,top1000
19645,bricodepot.fr,fr,top1000
19689,banque-france.fr,fr,top1000
19738,lidl.fr,fr,top1000
19848,challenges.fr,fr,top1000
19920,thomann.fr,fr,top1000
20050,billetweb.fr,fr,top1000
20064,mnhn.fr,fr,top1000
20094,equidia.fr,fr,top1000
20226,inra.fr,fr,top1000
20227,lws.fr,fr,top1000
20236,inist.fr,fr,top1000
20274,sorbonne-universite.fr,fr,top1000
20516,vie-publique.fr,fr,top1000
20772,slate.fr,fr,top1000
20791,lejdd.fr,fr,top1000
20914,centrepompidou.fr,fr,top1000
21038,emploi-territorial.fr,fr,top1000
21081,telerama.fr,fr,top1000
21106,pasteur.fr,fr,top1000
21248,ign.fr,fr,top1000
21330,gemo.fr,fr,top1000
21448,anses.fr,fr,top1000
21573,musee-orsay.fr,fr,top1000
21652,genybet.fr,fr,top1000
21687,dansnoscoeurs.fr,fr,top1000
21726,fsolver.fr,fr,top1000
21733,psg.fr,fr,top1000
21894,gifi.fr,fr,top1000
21901,auvergnerhonealpes.fr,fr,top1000
21904,cofidis.fr,fr,top1000
22107,livefoot.fr,fr,top1000
22188,brocabrac.fr,fr,top1000
22215,ratp.fr,fr,top1000
22353,u-psud.fr,fr,top1000
22735,alcopa-auction.fr,fr,top1000
22783,mon-essence.fr,fr,top1000
22803,lieuxdedrague.fr,fr,top1000
23045,raijin-scans.fr,fr,top1000
23122,etudiant.gouv.fr,fr,top1000
23149,univ-paris13.fr,fr,top1000
23285,turfpronos.fr,fr,top1000
23400,santepubliquefrance.fr,fr,top1000
23483,lycos.fr,fr,top1000
23548,ird.fr,fr,top1000
23569,demande-logement-social.gouv.fr,fr,top1000
23653,kdns.fr,fr,top1000
23693,culture.fr,fr,top1000
23719,poool.fr,fr,top1000
23834,cuisineactuelle.fr,fr,top1000
23877,univ-nantes.fr,fr,top1000
23896,univ-lorraine.fr,fr,top1000
24075,vogue.fr,fr,top1000
24090,banquepopulaire.fr,fr,top1000
24122,unicaen.fr,fr,top1000
24126,inpi.fr,fr,top1000
24132,rugbyrama.fr,fr,top1000
24297,sciencespo.fr,fr,top1000
24443,humanite.fr,fr,top1000
24513,franceculture.fr,fr,top1000
24863,puboclick.fr,fr,top1000
25043,aeroport.fr,fr,top1000
25072,franceinter.fr,fr,top1000
25281,rexel.fr,fr,top1000
25442,univ-lille.fr,fr,top1000
25451,bpifrance.fr,fr,top1000
25607,marieclaire.fr,fr,top1000
25752,eventbrite.fr,fr,top1000
25998,cnam.fr,fr,top1000
26025,folieporno.fr,fr,top1000
26065,fff.fr,fr,top1000
26212,chateauversailles.fr,fr,top1000
26382,unice.fr,fr,top1000
26986,sdv.fr,fr,top1000
26991,cirad.fr,fr,top1000
27456,amen.fr,fr,top1000
27688,sephora.fr,fr,top1000
27701,unilim.fr,fr,top1000
27772,mariefrance.fr,fr,top1000
27925,notaires.fr,fr,top1000
28114,dna.fr,fr,top1000
28364,pole-emploi.fr,fr,top1000
28460,bookofra-slot.fr,fr,top1000
28824,univ-amu.fr,fr,top1000
29128,deliveroo.fr,fr,top1000
29137,iledefrance-mobilites.fr,fr,top1000
29232,obspm.fr,fr,top1000
29384,audible.fr,fr,top1000
29596,ac-versailles.fr,fr,top1000
29713,numericable.fr,fr,top1000
29876,enedis.fr,fr,top1000
30016,winamax.fr,fr,top1000
30094,renault.fr,fr,top1000
30331,caisse-epargne.fr,fr,top1000
30450,abritel.fr,fr,top1000
30489,france.fr,fr,top1000
30598,visa.fr,fr,top1000
30660,vidal.fr,fr,top1000
30726,univ-grenoble-alpes.fr,fr,top1000
30766,nintendo.fr,fr,top1000
30807,geo.fr,fr,top1000
31068,mediasquare.fr,fr,top1000
31191,iledefrance.fr,fr,top1000
31315,sciencesetavenir.fr,fr,top1000
31802,universite-paris-saclay.fr,fr,top1000
32009,monde-diplomatique.fr,fr,top1000
32382,upmc.fr,fr,top1000
32509,femmeactuelle.fr,fr,top1000
32568,alamyimages.fr,fr,top1000
32614,defenseurdesdroits.fr,fr,top1000
32679,lalsace.fr,fr,top1000
32885,ehess.fr,fr,top1000
32908,univ-rennes1.fr,fr,top1000
32925,ifremer.fr,fr,top1000
33207,cnrtl.fr,fr,top1000
33249,lyon.fr,fr,top1000
33632,republicain-lorrain.fr,fr,top1000
33911,u-paris.fr,fr,top1000
33960,cnes.fr,fr,top1000
34322,onisep.fr,fr,top1000
34356,pathe.fr,fr,top1000
34529,prsmedia.fr,fr,top1000
34646,u-ga.fr,fr,top1000
34710,largus.fr,fr,top1000
34944,inrs.fr,fr,top1000
34949,certigna.fr,fr,top1000
34956,societe-des-avis-garantis.fr,fr,top1000
35227,zdnet.fr,fr,top1000
35278,odns.fr,fr,top1000
35435,abes.fr,fr,top1000
35770,conseil-constitutionnel.fr,fr,top1000
35793,mtv.fr,fr,top1000
35870,safebrands.fr,fr,top1000
35876,nationalgeographic.fr,fr,top1000
35984,webnode.fr,fr,top1000
36152,domainoo.fr,fr,top1000
36295,voila.fr,fr,top1000
36616,fft.fr,fr,top1000
36812,meteo60.fr,fr,top1000
36869,hardware.fr,fr,top1000
37009,club-internet.fr,fr,top1000
37031,centralesupelec.fr,fr,top1000
37253,archi.fr,fr,top1000
37362,urlz.fr,fr,top1000
37396,6cloud.fr,fr,top1000
37485,axa.fr,fr,top1000
37504,francetv.fr,fr,top1000
37530,ccomptes.fr,fr,top1000
37668,univ-paris1.fr,fr,top1000
37759,francetelevisions.fr,fr,top1000
37768,ac-poitiers.fr,fr,top1000
37821,developpement-durable.gouv.fr,fr,top1000
37859,polytechnique.fr,fr,top1000
37941,paruvendu.fr,fr,top1000
38028,zalando-prive.fr,fr,top1000
38154,gettyimages.fr,fr,top1000
38228,umontpellier.fr,fr,top1000
38262,adidas.fr,fr,top1000
38279,blablacar.fr,fr,top1000
38343,univ-tours.fr,fr,top1000
38431,veepee.fr,fr,top1000
38493,chez-alice.fr,fr,top1000
39082,lip6.fr,fr,top1000
39149,aphp.fr,fr,top1000
39279,gqmagazine.fr,fr,top1000
39551,college-de-france.fr,fr,top1000
39672,teuteuf.fr,fr,top1000
39685,catholique.fr,fr,top1000
39709,paris-normandie.fr,fr,top1000
39749,monoprix.fr,fr,top1000
39776,santemagazine.fr,fr,top1000
39891,meteoconsult.fr,fr,top1000
39911,actionlogement.fr,fr,top1000
39938,univ-lyon2.fr,fr,top1000
40013,reseau-canope.fr,fr,top1000
40055,backmarket.fr,fr,top1000
40072,univ-poitiers.fr,fr,top1000
40119,yandex.fr,fr,top1000
40360,operadeparis.fr,fr,top1000
40439,pixpay.fr,fr,top1000
40756,brgm.fr,fr,top1000
40757,uvsq.fr,fr,top1000
40840,leclercdrive.fr,fr,top1000
40892,ynh.fr,fr,top1000
40899,univ-brest.fr,fr,top1000
41068,ffr.fr,fr,top1000
41184,thelocal.fr,fr,top1000
41314,lci.fr,fr,top1000
41528,meetic.fr,fr,top1000
41637,infoclimat.fr,fr,top1000
41648,francecompetences.fr,fr,top1000
41762,theses.fr,fr,top1000
41935,autoplus.fr,fr,top1000
41963,courrier-picard.fr,fr,top1000
42136,magic.fr,fr,top1000
42146,trivago.fr,fr,top1000
42239,pap.fr,fr,top1000
42365,maif.fr,fr,top1000
42510,dyson.fr,fr,top1000
42527,toulouse.fr,fr,top1000
42538,auto-doc.fr,fr,top1000
42562,uca.fr,fr,top1000
42723,totalenergies.fr,fr,top1000
42849,fram.fr,fr,top1000
42858,decitre.fr,fr,top1000
43056,nocibe.fr,fr,top1000
43120,raccourci.fr,fr,top1000
43193,manualslib.fr,fr,top1000
43282,parisaeroport.fr,fr,top1000
43360,aliceadsl.fr,fr,top1000
43535,u-picardie.fr,fr,top1000
43666,mesinfos.fr,fr,top1000
43670,lpo.fr,fr,top1000
43702,paris-sorbonne.fr,fr,top1000
43789,bordeaux.fr,fr,top1000
43792,lsa-conso.fr,fr,top1000
43961,admagazine.fr,fr,top1000
43970,loria.fr,fr,top1000
43972,kayak.fr,fr,top1000
43982,boursedirect.fr,fr,top1000
44048,jdsports.fr,fr,top1000
44101,letribunaldunet.fr,fr,top1000
44311,autoscout24.fr,fr,top1000
44338,afd.fr,fr,top1000
44397,linguee.fr,fr,top1000
44468,agirc-arrco.fr,fr,top1000
44511,ac-grenoble.fr,fr,top1000
44556,lunion.fr,fr,top1000
44605,voici.fr,fr,top1000
44686,vanityfair.fr,fr,top1000
44722,lcl.fr,fr,top1000
44764,utc.fr,fr,top1000
44818,u-bourgogne.fr,fr,top1000
44903,gallimard.fr,fr,top1000
44904,vosgesmatin.fr,fr,top1000
45173,distriauto.fr,fr,top1000
45214,mcdonalds.fr,fr,top1000
45228,sciences-po.fr,fr,top1000
45544,happn.fr,fr,top1000
45614,sosh.fr,fr,top1000
45642,neuf.fr,fr,top1000
45803,dila.fr,fr,top1000
45906,unibet.fr,fr,top1000
46109,pleinevie.fr,fr,top1000
46121,grazia.fr,fr,top1000
46179,agoravox.fr,fr,top1000
46278,ac-dijon.fr,fr,top1000
46317,univ-fcomte.fr,fr,top1000
46383,closermag.fr,fr,top1000
46444,resalib.fr,fr,top1000
46453,ticketmaster.fr,fr,top1000
46565,univ-paris8.fr,fr,top1000
46617,univ-toulouse.fr,fr,top1000
46726,insa-lyon.fr,fr,top1000
46728,courdecassation.fr,fr,top1000
46830,maregionsud.fr,fr,top1000
46848,imag.fr,fr,top1000
46939,apec.fr,fr,top1000
47086,finances.gouv.fr,fr,top1000
47196,cryptpad.fr,fr,top1000
47298,psyco.fr,fr,top1000
47383,justice.fr,fr,top1000
47436,cite-sciences.fr,fr,top1000
47503,croix-rouge.fr,fr,top1000
47749,rmi.fr,fr,top1000
47781,micromania.fr,fr,top1000
47868,normandie-tourisme.fr,fr,top1000
47900,cnsa.fr,fr,top1000
47938,sandaya.fr,fr,top1000
47951,thefork.fr,fr,top1000
48002,mines-paristech.fr,fr,top1000
48032,zooplus.fr,fr,top1000
48077,lloria.fr,fr,top1000
48162,athle.fr,fr,top1000
48179,ciril.fr,fr,top1000
48235,infogreffe.fr,fr,top1000
48316,monuments-nationaux.fr,fr,top1000
48350,ill.fr,fr,top1000
48352,over-blog.fr,fr,top1000
48397,macif.fr,fr,top1000
48423,ikoula.fr,fr,top1000
48644,matmut.fr,fr,top1000
48694,matchendirect.fr,fr,top1000
48786,mr-bricolage.fr,fr,top1000
48875,arcep.fr,fr,top1000
49044,cartefashion.fr,fr,top1000
49075,parisnanterre.fr,fr,top1000
49133,monespacesante.fr,fr,top1000
49268,peugeot.fr,fr,top1000
49290,gameblog.fr,fr,top1000
49333,mgen.fr,fr,top1000
49526,nouvelle-aquitaine.fr,fr,top1000
49532,parcoursup.fr,fr,top1000
49609,sovcloud-dns.fr,fr,top1000
49635,positivr.fr,fr,top1000
49659,letourfemmes.fr,fr,top1000
49687,sncf.fr,fr,top1000
49936,rcf.fr,fr,top1000
50003,jds.fr,fr,top1000
50059,expedia.fr,fr,top1000
50121,yves-rocher.fr,fr,top1000
50175,lopinion.fr,fr,top1000
50233,univ-angers.fr,fr,top1000
50235,enst.fr,fr,top1000
50720,hotelmix.fr,fr,top1000
50766,meteo.fr,fr,top1000
50801,cosmopolitan.fr,fr,top1000
50888,marseille.fr,fr,top1000
51014,la-boite-immo.fr,fr,top1000
51081,atlantico.fr,fr,top1000
51161,eurecom.fr,fr,top1000
51579,norauto.fr,fr,top1000
51711,ac-aix-marseille.fr,fr,top1000
51894,axinet.fr,fr,top1000
51916,france2.fr,fr,top1000
52008,conseil-etat.fr,fr,top1000
52467,notino.fr,fr,top1000
52492,premiere.fr,fr,top1000
52580,parcasterix.fr,fr,top1000
52766,marionnaud.fr,fr,top1000
52899,lifen.fr,fr,top1000
53015,pointp.fr,fr,top1000
53110,universalis.fr,fr,top1000
53177,parents.fr,fr,top1000
53225,euroconnect.fr,fr,top1000
53264,diplomatie.gouv.fr,fr,top1000
53275,univ-paris-diderot.fr,fr,top1000
53282,grenoble-inp.fr,fr,top1000
53287,larep.fr,fr,top1000
53289,france3.fr,fr,top1000
53297,businessfrance.fr,fr,top1000
53353,huma-num.fr,fr,top1000
53407,nordlittoral.fr,fr,top1000
53493,ac-lille.fr,fr,top1000
53611,maaf.fr,fr,top1000
53651,editions-harmattan.fr,fr,top1000
53779,century21.fr,fr,top1000
53857,pokepedia.fr,fr,top1000
53859,ined.fr,fr,top1000
53999,sport.fr,fr,top1000
54011,bonjour-ratp.fr,fr,top1000
54063,integra.fr,fr,top1000
54079,lyoncapitale.fr,fr,top1000
54092,public.fr,fr,top1000
54603,info-retraite.fr,fr,top1000
54750,betclic.fr,fr,top1000
54753,maison-travaux.fr,fr,top1000
54845,u-cergy.fr,fr,top1000
54850,ovoko.fr,fr,top1000
54979,fortuneo.fr,fr,top1000
55111,alltricks.fr,fr,top1000
55129,univ-cotedazur.fr,fr,top1000
55139,celeste.fr,fr,top1000
55177,publicsenat.fr,fr,top1000
55330,gammvert.fr,fr,top1000
55605,2isr.fr,fr,top1000
55699,agefiph.fr,fr,top1000
55706,mangerbouger.fr,fr,top1000
55774,avocat.fr,fr,top1000
55837,croixblanche47.fr,fr,top1000
55852,ol.fr,fr,top1000
55859,leparking.fr,fr,top1000
55926,yellohvillage.fr,fr,top1000
55976,ac-normandie.fr,fr,top1000
56042,automobile-magazine.fr,fr,top1000
56117,forbes.fr,fr,top1000
56121,rueducommerce.fr,fr,top1000
56138,linternaute.fr,fr,top1000
56248,laregion.fr,fr,top1000
56261,lemoniteur.fr,fr,top1000
56316,bexley.fr,fr,top1000
56479,on3cx.fr,fr,top1000
56560,my3cx.fr,fr,top1000
56576,grandpalais.fr,fr,top1000
56684,laas.fr,fr,top1000
56700,ledenicheur.fr,fr,top1000
56743,cinematheque.fr,fr,top1000
56840,lumni.fr,fr,top1000
56904,oogolo.fr,fr,top1000
56967,lepopulaire.fr,fr,top1000
56988,lemondeinformatique.fr,fr,top1000
57070,philharmoniedeparis.fr,fr,top1000
57089,1and1.fr,fr,top1000
57107,vidaxl.fr,fr,top1000
57380,cerema.fr,fr,top1000
57451,demotivateur.fr,fr,top1000
57452,hexanet.fr,fr,top1000
57560,gites.fr,fr,top1000
57673,lechorepublicain.fr,fr,top1000
57757,coffea.fr,fr,top1000
57777,allianz.fr,fr,top1000
57967,tecnomat.fr,fr,top1000
58026,curie.fr,fr,top1000
58080,atida.fr,fr,top1000
58177,belambra.fr,fr,top1000
58370,labourseauxlivres.fr,fr,top1000
58526,i-run.fr,fr,top1000
58634,lephoceen.fr,fr,top1000
58848,leberry.fr,fr,top1000
58982,cetelem.fr,fr,top1000
59058,turbo.fr,fr,top1000
59086,vevor.fr,fr,top1000
59205,uphf.fr,fr,top1000
59276,data.gouv.fr,fr,top1000
59292,lebonbon.fr,fr,top1000
59362,football365.fr,fr,top1000
59371,telestar.fr,fr,top1000
59389,autojournal.fr,fr,top1000
59445,ac-rennes.fr,fr,top1000
59631,awsdns-eusc-23.fr,fr,top1000
59632,net-entreprises.fr,fr,top1000
59731,ralphlauren.fr,fr,top1000
59747,gmx.fr,fr,top1000
59985,onf.fr,fr,top1000
60111,ugc.fr,fr,top1000
60124,webcamp.fr,fr,top1000
60159,easypara.fr,fr,top1000
60170,newpharma.fr,fr,top1000
60210,harmonie-mutuelle.fr,fr,top1000
60330,lemessager.fr,fr,top1000
60458,univ-rouen.fr,fr,top1000
60494,centrepresseaveyron.fr,fr,top1000
60578,centralepneus.fr,fr,top1000
60602,cartecadeaubeaute.fr,fr,top1000
60623,ucon-acrobatics.fr,fr,top1000
60678,cgrcinemas.fr,fr,top1000
60736,toyota.fr,fr,top1000
60812,lyonne.fr,fr,top1000
60871,moneyvox.fr,fr,top1000
61009,ancestry.fr,fr,top1000
61013,lejdc.fr,fr,top1000
61040,banquedesterritoires.fr,fr,top1000
61185,awsdns-eusc-12.fr,fr,top1000
61262,univ-st-etienne.fr,fr,top1000
61472,webmo.fr,fr,top1000
61535,nrj.fr,fr,top1000
61556,joueclub.fr,fr,top1000
61598,feuvert.fr,fr,top1000
61606,univ-tlse2.fr,fr,top1000
61939,lri.fr,fr,top1000
62010,tui.fr,fr,top1000
62181,grandest.fr,fr,top1000
62394,franime.fr,fr,top1000
62431,green-acres.fr,fr,top1000
62479,eram.fr,fr,top1000
62551,groupama.fr,fr,top1000
62646,sport2000.fr,fr,top1000
62702,direct-assurance.fr,fr,top1000
62725,groupon.fr,fr,top1000
62761,numerique.gouv.fr,fr,top1000
62807,log.fr,fr,top1000
62824,bonial.fr,fr,top1000
62914,iadfrance.fr,fr,top1000
62988,leslibraires.fr,fr,top1000
62999,bibamagazine.fr,fr,top1000
63138,picard.fr,fr,top1000
63260,lariviera-casino.fr,fr,top1000
63307,usine-digitale.fr,fr,top1000
63390,turfoo.fr,fr,top1000
63516,flixbus.fr,fr,top1000
63649,lamanchelibre.fr,fr,top1000
63650,nutripure.fr,fr,top1000
63692,univ-reims.fr,fr,top1000
63766,bureau-vallee.fr,fr,top1000
63849,freeboxos.fr,fr,top1000
64198,octopuce.fr,fr,top1000
64247,lest-eclair.fr,fr,top1000
64370,w3line.fr,fr,top1000
64674,deporvillage.fr,fr,top1000
64699,weldom.fr,fr,top1000
64721,papillesetpupilles.fr,fr,top1000
65075,volkswagen.fr,fr,top1000
65281,skechers.fr,fr,top1000
65355,daevel.fr,fr,top1000
65614,fitnesspark.fr,fr,top1000
65679,lemedecin.fr,fr,top1000
65685,bebasket.fr,fr,top1000
65794,sewan.fr,fr,top1000
65984,locservice.fr,fr,top1000
66003,easycash.fr,fr,top1000
66144,centerparcs.fr,fr,top1000
66178,modz.fr,fr,top1000
66818,malt.fr,fr,top1000
66848,irit.fr,fr,top1000
66884,infoclip.fr,fr,top1000
66986,opodo.fr,fr,top1000
67032,hellobank.fr,fr,top1000
67068,chasse-aux-livres.fr,fr,top1000
67082,autonews.fr,fr,top1000
67259,edreams.fr,fr,top1000
67262,ecritel.fr,fr,top1000
67268,glassdoor.fr,fr,top1000
67353,maformation.fr,fr,top1000
67355,atelierdeschefs.fr,fr,top1000
67383,americanairlines.fr,fr,top1000
67389,bitdefender.fr,fr,top1000
67399,vpauto.fr,fr,top1000
67432,vistaprint.fr,fr,top1000
67504,newbalance.fr,fr,top1000
67632,univ-mrs.fr,fr,top1000
67687,femina.fr,fr,top1000
67779,ac-toulouse.fr,fr,top1000
67803,lillemetropole.fr,fr,top1000
67809,nantes.fr,fr,top1000
67819,disonsdemain.fr,fr,top1000
67915,lirmm.fr,fr,top1000
67922,infolocale.fr,fr,top1000
67961,red-by-sfr.fr,fr,top1000
68159,ac-paris.fr,fr,top1000
68216,fun-mooc.fr,fr,top1000
68302,ac-nice.fr,fr,top1000
68343,pointdevue.fr,fr,top1000
68402,lwong.fr,fr,top1000
68444,lafranceagricole.fr,fr,top1000
68446,defense.gouv.fr,fr,top1000
68504,utbm.fr,fr,top1000
68536,univ-orleans.fr,fr,top1000
68641,terre-net.fr,fr,top1000
68657,deco.fr,fr,top1000
68661,lescrous.fr,fr,top1000
68702,myheritage.fr,fr,top1000
68804,francesoir.fr,fr,top1000
68836,ac-nancy-metz.fr,fr,top1000
68852,i-cad.fr,fr,top1000
68899,meubles.fr,fr,top1000
68933,zoomcar.fr,fr,top1000
68989,lequotidiendumedecin.fr,fr,top1000
69122,onlc.fr,fr,top1000
69142,legifrance.gouv.fr,fr,top1000
69157,ube.fr,fr,top1000
69181,orias.fr,fr,top1000
69331,footlocker.fr,fr,top1000
69359,easynet.fr,fr,top1000
69392,fragrantica.fr,fr,top1000
69476,onlinehome.fr,fr,top1000
69543,nrpyrenees.fr,fr,top1000
69666,italpassion.fr,fr,top1000
70730,nice.fr,fr,top1000
70872,joybuy.fr,fr,top1000
70973,notredamedeparis.fr,fr,top1000
70999,u-pec.fr,fr,top1000
71028,discoverychannel.fr,fr,top1000
71138,lafoirfouille.fr,fr,top1000
71141,academie-francaise.fr,fr,top1000
71144,univ-montp3.fr,fr,top1000
71184,gamewave.fr,fr,top1000
71194,mondialtissus.fr,fr,top1000
71296,club.fr,fr,top1000
71324,clubmed.fr,fr,top1000
71359,papvacances.fr,fr,top1000
71400,rain.fr,fr,top1000
71463,bricorama.fr,fr,top1000
71548,anj.fr,fr,top1000
71675,alternatives-economiques.fr,fr,top1000
71677,univ-rennes.fr,fr,top1000
71694,inforoutes.fr,fr,top1000
71830,univ-pau.fr,fr,top1000
71906,deuxfleurs.fr,fr,top1000
71919,stokomani.fr,fr,top1000
71949,ddn.fr,fr,top1000
71961,leveil.fr,fr,top1000
72204,canalplus.fr,fr,top1000
72262,thehalara.fr,fr,top1000
72263,univ-savoie.fr,fr,top1000
72337,logicieleducatif.fr,fr,top1000
72338,astrotheme.fr,fr,top1000
72387,noos.fr,fr,top1000
72474,cartedepeche.fr,fr,top1000
72543,butfootballclub.fr,fr,top1000
72593,woopets.fr,fr,top1000
72596,cines.fr,fr,top1000
72736,radio-en-ligne.fr,fr,top1000
72773,promod.fr,fr,top1000
72956,moncompteformation.gouv.fr,fr,top1000
73131,sovcloud-core.fr,fr,top1000
73298,hubspot.fr,fr,top1000
73364,ac-nantes.fr,fr,top1000
73505,bricocash.fr,fr,top1000
73686,stych.fr,fr,top1000
73725,jhm.fr,fr,top1000
73752,modesettravaux.fr,fr,top1000
73825,petitbleu.fr,fr,top1000
73855,anr.fr,fr,top1000
73938,gmf.fr,fr,top1000
74069,legruppetto.fr,fr,top1000
74122,univ-paris5.fr,fr,top1000
74223,pulsation.fr,fr,top1000
74237,mangas-origines.fr,fr,top1000
74244,ac-lyon.fr,fr,top1000
74421,monnaiedeparis.fr,fr,top1000
74521,univ-lemans.fr,fr,top1000
74648,bouyguesbox.fr,fr,top1000
74685,france-education-international.fr,fr,top1000
74718,nextplz.fr,fr,top1000
74785,dauphine.fr,fr,top1000
75022,spoticar.fr,fr,top1000
75126,okaidi.fr,fr,top1000
75277,sportsregions.fr,fr,top1000
75281,univ-paris3.fr,fr,top1000
75387,cache-cache.fr,fr,top1000
75496,cookidoo.fr,fr,top1000
75519,perfactive.fr,fr,top1000
75710,espaceplaisir.fr,fr,top1000
75770,nissan.fr,fr,top1000
75776,damart.fr,fr,top1000
75780,france-visas.gouv.fr,fr,top1000
75839,milkywan.fr,fr,top1000
75969,wonderbox.fr,fr,top1000
76065,histoiresroyales.fr,fr,top1000
76106,anti-crise.fr,fr,top1000
76128,loire-atlantique.fr,fr,top1000
76134,economie.gouv.fr,fr,top1000
76140,ar24.fr,fr,top1000
76387,nounou-top.fr,fr,top1000
76392,cnc.fr,fr,top1000
76461,myspreadshop.fr,fr,top1000
76574,idref.fr,fr,top1000
76588,cabaia.fr,fr,top1000
76706,sfrbusinessteam.fr,fr,top1000
76869,synonymo.fr,fr,top1000
76940,ineris.fr,fr,top1000
76948,simplifia.fr,fr,top1000
77080,bmstores.fr,fr,top1000
77091,crocs.fr,fr,top1000
77102,buffalo-grill.fr,fr,top1000
77127,morgandetoi.fr,fr,top1000
77207,bonprix.fr,fr,top1000
77277,petit-bateau.fr,fr,top1000
77285,ac-orleans-tours.fr,fr,top1000
77358,welovetennis.fr,fr,top1000
77382,piaille.fr,fr,top1000
77720,planetb.fr,fr,top1000
77907,univ-lille1.fr,fr,top1000
77966,ut-capitole.fr,fr,top1000
77967,carrefour-banque.fr,fr,top1000
78175,cerballiance.fr,fr,top1000
78344,adameteve.fr,fr,top1000
78377,oulfa.fr,fr,top1000
78534,generali.fr,fr,top1000
78546,lacremedugaming.fr,fr,top1000
78620,allodocteurs.fr,fr,top1000
78708,ants.gouv.fr,fr,top1000
78782,tp-isante.fr,fr,top1000
78800,enseeiht.fr,fr,top1000
78843,cadremploi.fr,fr,top1000
78996,nestoria.fr,fr,top1000
79154,kaufland.fr,fr,top1000
79246,sharkninja.fr,fr,top1000
79390,atlasformen.fr,fr,top1000
79434,starbucks.fr,fr,top1000
79740,hautsdefrance.fr,fr,top1000
79773,superprof.fr,fr,top1000
79779,mesenvies.fr,fr,top1000
79842,netsyst.fr,fr,top1000
79849,1001jeux.fr,fr,top1000
79947,horizons-lointains.fr,fr,top1000
80040,unisportstore.fr,fr,top1000
80076,ac-amiens.fr,fr,top1000
80174,bocage.fr,fr,top1000
80184,ekoi.fr,fr,top1000
80293,pornovore.fr,fr,top1000
80301,lemondeducampingcar.fr,fr,top1000
80333,meteorama.fr,fr,top1000
80510,evozen.fr,fr,top1000
80576,lacommere43.fr,fr,top1000
80666,oneturf.fr,fr,top1000
80980,bdor.fr,fr,top1000
81171,ens-paris-saclay.fr,fr,top1000
81174,pimkie.fr,fr,top1000
81235,veracrypt.fr,fr,top1000
81271,bpifrance-creation.fr,fr,top1000
81340,mae.fr,fr,top1000
81419,awsdns-eusc-16.fr,fr,top1000
81521,graindemalice.fr,fr,top1000
81549,themoneytizer.fr,fr,top1000
81691,kifdns.fr,fr,top1000
81704,afpa.fr,fr,top1000
81769,mesoigner.fr,fr,top1000
81851,cnas.fr,fr,top1000
82028,siblu.fr,fr,top1000
82186,al-in.fr,fr,top1000
82288,yaoiscan.fr,fr,top1000
82446,jvsonline.fr,fr,top1000
82483,deces-en-france.fr,fr,top1000
82826,adeli.fr,fr,top1000
83064,jeusol.fr,fr,top1000
83138,mitula.fr,fr,top1000
83256,cryptonaute.fr,fr,top1000
83273,media24.fr,fr,top1000
83388,webador.fr,fr,top1000
83408,edf-oa.fr,fr,top1000
83530,academie-sciences.fr,fr,top1000
83741,chatnow.fr,fr,top1000
84030,sony.fr,fr,top1000
84049,inrap.fr,fr,top1000
84070,meta-defense.fr,fr,top1000
84184,sweeek.fr,fr,top1000
84331,dcode.fr,fr,top1000
84408,6play.fr,fr,top1000
84554,br-performance.fr,fr,top1000
84826,paulmarius.fr,fr,top1000
84828,ac-creteil.fr,fr,top1000
84855,musee-rodin.fr,fr,top1000
84895,balancetanude.fr,fr,top1000
85199,justice.gouv.fr,fr,top1000
85286,crihan.fr,fr,top1000
85405,yahoo.fr,fr,top1000
85541,societegenerale.fr,fr,top1000
85645,ac-montpellier.fr,fr,top1000
85727,real-france.fr,fr,top1000
85787,panini.fr,fr,top1000
85906,maine-et-loire.fr,fr,top1000
85926,ac-reunion.fr,fr,top1000
86151,montpellier.fr,fr,top1000
86226,enac.fr,fr,top1000
86308,manymanuals.fr,fr,top1000
86502,mesanalyses.fr,fr,top1000
86564,hentaiforge.fr,fr,top1000
86583,jeune-gay.fr,fr,top1000
86594,doctrine.fr,fr,top1000
86680,actes-sud.fr,fr,top1000
86689,cyrillus.fr,fr,top1000
86847,gameduell.fr,fr,top1000
86858,chronoshop2shop.fr,fr,top1000
86880,guerretribale.fr,fr,top1000
87023,blackstore.fr,fr,top1000
87071,quaibranly.fr,fr,top1000
87165,lecoinporno.fr,fr,top1000
87199,hentai-paradise.fr,fr,top1000
87220,om.fr,fr,top1000
87312,france-identite.gouv.fr,fr,top1000
87345,hentaivost.fr,fr,top1000
87356,districenter.fr,fr,top1000
87503,monporno.fr,fr,top1000
87598,hauts-de-seine.fr,fr,top1000
87706,chambres-agriculture.fr,fr,top1000
87712,langue-au-chat.fr,fr,top1000
87982,autoviza.fr,fr,top1000
88108,hhentai.fr,fr,top1000
88269,placedescelibataires.fr,fr,top1000
88334,streamzo.fr,fr,top1000
88446,cadastre.gouv.fr,fr,top1000
88455,tcl.fr,fr,top1000
88671,horaire-maree.fr,fr,top1000
88692,nocle.fr,fr,top1000
88827,emma.fr,fr,top1000
89288,monext.fr,fr,top1000
89503,helioscope.fr,fr,top1000
89509,nickelodeon.fr,fr,top1000
89547,michelin.fr,fr,top1000
90293,eaufrance.fr,fr,top1000
90384,choisirleservicepublic.gouv.fr,fr,top1000
90524,mabib.fr,fr,top1000
90538,awsdns-eusc-38.fr,fr,top1000
90578,helline.fr,fr,top1000
90796,resultat-pmu.fr,fr,top1000
90834,topanimal.fr,fr,top1000
90847,mamot.fr,fr,top1000
91433,francaisporno.fr,fr,top1000
91541,forum-militaire.fr,fr,top1000
91651,dd1.fr,fr,top1000
91752,cancer.fr,fr,top1000
91762,opisto.fr,fr,top1000
91790,permisdeconduire.gouv.fr,fr,top1000
91913,prix-carburants.gouv.fr,fr,top1000
91963,echecs.asso.fr,fr,top1000
92453,chatiw.fr,fr,top1000
92690,effitrace.fr,fr,top1000
92753,esprit-turf.fr,fr,top1000
92927,goobox.fr,fr,top1000
93391,mahjong.fr,fr,top1000
93503,mobile-tracker-free.fr,fr,top1000
93728,passionandcar.fr,fr,top1000
93791,pkup.fr,fr,top1000
93807,playzer.fr,fr,top1000
94047,scrabble-triche.fr,fr,top1000
94695,cned.fr,fr,top1000
94726,adzuna.fr,fr,top1000
94744,xooit.fr,fr,top1000
94847,lycee-charlesdegaulle.fr,fr,top1000
95014,armandthiery.fr,fr,top1000
95077,univ-perp.fr,fr,top1000
95078,citroen.fr,fr,top1000
95226,greenpeace.fr,fr,top1000
95262,dim.fr,fr,top1000
95289,lasemainedespyrenees.fr,fr,top1000
95305,irisa.fr,fr,top1000
95521,bull.fr,fr,top1000
95832,sacem.fr,fr,top1000
96014,atout-france.fr,fr,top1000
96030,cotemaison.fr,fr,top1000
96181,bordeaux-metropole.fr,fr,top1000
96494,wwf.fr,fr,top1000
96509,valdoise.fr,fr,top1000
96579,gimii.fr,fr,top1000
96589,awsdns-eusc-19.fr,fr,top1000
96776,ofdt.fr,fr,top1000
96800,ac-bordeaux.fr,fr,top1000
96929,pantheonsorbonne.fr,fr,top1000
96943,cci-paris-idf.fr,fr,top1000
97115,univ-paris7.fr,fr,top1000
97167,fondationlouisvuitton.fr,fr,top1000
97212,weward.fr,fr,top1000
97547,zagbijoux.fr,fr,top1000
97561,cef.fr,fr,top1000
97597,safti.fr,fr,top1000
97642,intex.fr,fr,top1000
97999,fdn.fr,fr,top1000
98165,ups-tlse.fr,fr,top1000
98247,skyward.fr,fr,top1000
98330,animaute.fr,fr,top1000
98342,sovcloud-api.fr,fr,top1000
98495,bmw.fr,fr,top1000
98603,caminteresse.fr,fr,top1000
98789,animationdigitalnetwork.fr,fr,top1000
98979,cnap.fr,fr,top1000
99123,ukrinform.fr,fr,top1000
99156,horaires-de-trains.fr,fr,top1000
99197,parisdescartes.fr,fr,top1000
99281,sitew.fr,fr,top1000
99398,unicef.fr,fr,top1000
99429,mercedes-benz.fr,fr,top1000
99550,irsn.fr,fr,top1000
99594,optimalpeople.fr,fr,top1000
100478,zalando-lounge.fr,fr,random1000
100568,daxon.fr,fr,random1000
100623,f1g.fr,fr,random1000
100787,aquilenet.fr,fr,random1000
104811,arcom.fr,fr,random1000
105263,alentoor.fr,fr,random1000
106172,amnesty.fr,fr,random1000
107136,canon.fr,fr,random1000
107809,auvieuxcampeur.fr,fr,random1000
108639,dedibox.fr,fr,random1000
111236,medecin.fr,fr,random1000
113561,siecledigital.fr,fr,random1000
113589,angers.fr,fr,random1000
116580,modesdemploi.fr,fr,random1000
118111,motoruf.fr,fr,random1000
118655,asp-public.fr,fr,random1000
120876,tabac-info-service.fr,fr,random1000
121061,bougeret.fr,fr,random1000
121201,albin-michel.fr,fr,random1000
121875,telephoneannuaire.fr,fr,random1000
123171,modns.fr,fr,random1000
124466,azko.fr,fr,random1000
126640,univ-mlv.fr,fr,random1000
126832,francefootball.fr,fr,random1000
128176,filpack.fr,fr,random1000
129498,journaldunet.fr,fr,random1000
129658,fichier-pdf.fr,fr,random1000
131071,aprr.fr,fr,random1000
131672,reseaurural.fr,fr,random1000
134568,ciep.fr,fr,random1000
134615,politis.fr,fr,random1000
134891,france5.fr,fr,random1000
135318,pourquoidocteur.fr,fr,random1000
135476,philips.fr,fr,random1000
135615,fiyo.fr,fr,random1000
135781,grenoble.fr,fr,random1000
136242,oney.fr,fr,random1000
136398,plinko.fr,fr,random1000
136594,alldatasheet.fr,fr,random1000
136735,padoa.fr,fr,random1000
139761,businessinsider.fr,fr,random1000
141937,bike24.fr,fr,random1000
142735,extelia.fr,fr,random1000
143087,essonne.fr,fr,random1000
143693,enerfox.fr,fr,random1000
143916,chicco.fr,fr,random1000
144136,hubside.fr,fr,random1000
145361,bet365.fr,fr,random1000
146793,jow.fr,fr,random1000
147813,ad.fr,fr,random1000
148178,gedimat.fr,fr,random1000
148511,loiret.fr,fr,random1000
149163,opsforgood.fr,fr,random1000
150481,simplyhired.fr,fr,random1000
154390,inalco.fr,fr,random1000
155506,annuairefrancais.fr,fr,random1000
156412,camif.fr,fr,random1000
157089,cloud-by-sage.fr,fr,random1000
157835,superforum.fr,fr,random1000
159076,codesrousseau.fr,fr,random1000
160519,proginov.fr,fr,random1000
160833,photoweb.fr,fr,random1000
162636,lucas-michel.fr,fr,random1000
163515,metamob.fr,fr,random1000
163959,cfdt.fr,fr,random1000
164587,ehne.fr,fr,random1000
165077,cerfacs.fr,fr,random1000
165327,laminedefer.fr,fr,random1000
165400,dictionnaire-academie.fr,fr,random1000
167071,123comparer.fr,fr,random1000
167780,atol.fr,fr,random1000
167912,wikicampers.fr,fr,random1000
168474,celya.fr,fr,random1000
169212,kaspersky.fr,fr,random1000
170236,sage-blavet.fr,fr,random1000
170909,hec.fr,fr,random1000
171564,cybevasion.fr,fr,random1000
172737,it-connect.fr,fr,random1000
173516,universalmusic.fr,fr,random1000
173520,chu-bordeaux.fr,fr,random1000
174196,flunch.fr,fr,random1000
174588,hindbag.fr,fr,random1000
175690,20mn.fr,fr,random1000
175778,lerugbynistere.fr,fr,random1000
175864,vis-express.fr,fr,random1000
176906,2dcom.fr,fr,random1000
177756,creaweb.fr,fr,random1000
178841,peuple-vert.fr,fr,random1000
179980,mesdessous.fr,fr,random1000
180877,imc.fr,fr,random1000
182022,destockagecroisieres.fr,fr,random1000
182199,ain.fr,fr,random1000
182649,podcloud.fr,fr,random1000
183634,vaccination-info-service.fr,fr,random1000
184043,metalzone.fr,fr,random1000
186239,capeb.fr,fr,random1000
186325,univ-psl.fr,fr,random1000
187356,interglot.fr,fr,random1000
187726,chanterie37.fr,fr,random1000
187737,immersion-totale.fr,fr,random1000
188456,ellemental.fr,fr,random1000
188606,zerophyto.fr,fr,random1000
188933,e-sante.fr,fr,random1000
189072,cnous.fr,fr,random1000
189332,securite-sociale.fr,fr,random1000
189587,cocktail-scandinave.fr,fr,random1000
191087,chambery.fr,fr,random1000
191454,univ-spn.fr,fr,random1000
196874,crypto-pool.fr,fr,random1000
196931,menzzo.fr,fr,random1000
198752,hcsp.fr,fr,random1000
203546,netty.fr,fr,random1000
204130,enst-bretagne.fr,fr,random1000
204622,ffc.fr,fr,random1000
204864,adeci35.fr,fr,random1000
204887,pontdarc-ardeche.fr,fr,random1000
205030,routeo.fr,fr,random1000
205213,irripiscine.fr,fr,random1000
205346,ethersys.fr,fr,random1000
209893,pichon.fr,fr,random1000
211866,publisit.fr,fr,random1000
212161,agendaculturel.fr,fr,random1000
214246,chequeenergie.gouv.fr,fr,random1000
214643,e-satis.fr,fr,random1000
218013,sweetcode.fr,fr,random1000
219275,subfactory.fr,fr,random1000
219289,artsetmetiers.fr,fr,random1000
219636,monascenseur.fr,fr,random1000
219822,sd1.fr,fr,random1000
220843,pompiers.fr,fr,random1000
222430,u-pariscite.fr,fr,random1000
222620,docplayer.fr,fr,random1000
224284,macuisineturque.fr,fr,random1000
225096,mybohem.fr,fr,random1000
226788,be-femme.fr,fr,random1000
228157,materfrance.fr,fr,random1000
229820,casino.fr,fr,random1000
230462,mediatheques.fr,fr,random1000
230882,sainte-chapelle.fr,fr,random1000
231740,gynandco.fr,fr,random1000
232668,sooner.fr,fr,random1000
232836,macsf.fr,fr,random1000
233531,manutan-collectivites.fr,fr,random1000
234490,gironde.gouv.fr,fr,random1000
235862,lespionne.fr,fr,random1000
236169,filmbooster.fr,fr,random1000
236543,screenscraper.fr,fr,random1000
237515,digischool.fr,fr,random1000
239049,fiducial.fr,fr,random1000
239113,ieseg.fr,fr,random1000
239233,a3526.fr,fr,random1000
240600,distrijob.fr,fr,random1000
242461,bestwaystore.fr,fr,random1000
242675,larochelle.fr,fr,random1000
245581,testezpournous.fr,fr,random1000
245824,viesion.fr,fr,random1000
248362,cbws.fr,fr,random1000
248435,metalunastore.fr,fr,random1000
249759,europosters.fr,fr,random1000
253201,hitek.fr,fr,random1000
253258,musee-marine.fr,fr,random1000
253434,118000.fr,fr,random1000
253725,diverse-team.fr,fr,random1000
253734,observatoiredelafranchise.fr,fr,random1000
255333,exoca.fr,fr,random1000
259537,systemed.fr,fr,random1000
259892,munae.fr,fr,random1000
260047,lvmh.fr,fr,random1000
260164,orleans-metropole.fr,fr,random1000
261245,mediactive.fr,fr,random1000
262417,ligue1.fr,fr,random1000
264903,siteparc.fr,fr,random1000
265283,lemoussaillon.fr,fr,random1000
265318,oise.fr,fr,random1000
265496,franceguyane.fr,fr,random1000
266841,1000-premiers-jours.fr,fr,random1000
267034,inpg.fr,fr,random1000
267907,lesexpertsmeubles.fr,fr,random1000
268096,freenews.fr,fr,random1000
269111,clarins.fr,fr,random1000
269829,99designs.fr,fr,random1000
272618,seetickets.fr,fr,random1000
272786,al-quran.fr,fr,random1000
273722,marsactu.fr,fr,random1000
273754,adaptinformatique.fr,fr,random1000
273871,autismes.fr,fr,random1000
273910,vapoteuse.fr,fr,random1000
274079,supermarchesmatch.fr,fr,random1000
276117,shop4runners.fr,fr,random1000
277113,2022nda.fr,fr,random1000
278618,air-pure.fr,fr,random1000
280422,alexia.fr,fr,random1000
280863,acpm.fr,fr,random1000
281139,resto.fr,fr,random1000
281337,revolutionpermanente.fr,fr,random1000
281864,thecocktailist.fr,fr,random1000
282622,bruno-latour.fr,fr,random1000
284001,speedway.fr,fr,random1000
284436,hellocoton.fr,fr,random1000
284438,roof.fr,fr,random1000
284585,lelivrescolaire.fr,fr,random1000
285068,quartiergoodgame.fr,fr,random1000
285249,ucbcares.fr,fr,random1000
285695,jointcarrelage.fr,fr,random1000
287321,auto-mania.fr,fr,random1000
287551,icefishinggame.fr,fr,random1000
288973,sysmex.fr,fr,random1000
289042,credoc.fr,fr,random1000
292362,piano-lille.fr,fr,random1000
293501,padelmagazine.fr,fr,random1000
296016,forumgaming.fr,fr,random1000
296281,solutionslinux.fr,fr,random1000
296326,allianzbanque.fr,fr,random1000
296480,tigli.fr,fr,random1000
297589,paris-pantheon.fr,fr,random1000
297879,vuibert.fr,fr,random1000
298615,dalkia.fr,fr,random1000
299758,guedelon.fr,fr,random1000
300120,ecpad.fr,fr,random1000
300410,eclat-bfc.fr,fr,random1000
302493,cfpl-lyon.fr,fr,random1000
303797,camilliano.fr,fr,random1000
306074,ecrins-parcnational.fr,fr,random1000
306370,bambouseraiedeparis.fr,fr,random1000
307225,ada.fr,fr,random1000
307322,les-crises.fr,fr,random1000
308609,actu17.fr,fr,random1000
309083,bateaux-mouches.fr,fr,random1000
309290,maitre-gims.fr,fr,random1000
309759,bordeaux-inp.fr,fr,random1000
312772,gogocarto.fr,fr,random1000
315048,lecoindesentrepreneurs.fr,fr,random1000
315723,chu-dijon.fr,fr,random1000
316062,legardonforezien.fr,fr,random1000
316173,harris-interactive.fr,fr,random1000
316288,grandtheftauto.fr,fr,random1000
317412,hellotickets.fr,fr,random1000
321192,filmpornofrancais.fr,fr,random1000
323656,photo-arago.fr,fr,random1000
324072,europ-assistance.fr,fr,random1000
325375,boostercash.fr,fr,random1000
326404,francealumni.fr,fr,random1000
326693,ciel-rouge.fr,fr,random1000
327580,ateliergrandparis.fr,fr,random1000
327980,jmrouge.fr,fr,random1000
328128,ghu-paris.fr,fr,random1000
328532,ombres-blanches.fr,fr,random1000
328681,joomla.fr,fr,random1000
328816,unilasalle.fr,fr,random1000
329294,uicn.fr,fr,random1000
329521,lextimes.fr,fr,random1000
329640,annonces-legales.fr,fr,random1000
329764,arenes.fr,fr,random1000
330309,valence.fr,fr,random1000
330713,tvsud.fr,fr,random1000
331203,topdrinks.fr,fr,random1000
332313,lifl.fr,fr,random1000
332548,yorkhost.fr,fr,random1000
333818,lemasdesagriculteurs.fr,fr,random1000
334112,trouver-ouvert.fr,fr,random1000
334487,caenlamer-tourisme.fr,fr,random1000
334567,legendhair.fr,fr,random1000
335729,ecrans.fr,fr,random1000
337671,francoisderugy.fr,fr,random1000
337778,fondationlecorbusier.fr,fr,random1000
337807,ilovetheine.fr,fr,random1000
337922,univ-antilles.fr,fr,random1000
338711,stars-music.fr,fr,random1000
340595,c-monetiquette.fr,fr,random1000
341879,lacharente.fr,fr,random1000
344185,oem-bike-parts.fr,fr,random1000
345468,decathlonpro.fr,fr,random1000
345843,lrpresse.fr,fr,random1000
346965,fenarive.fr,fr,random1000
347162,univ-droit.fr,fr,random1000
347422,carmoelectronics.fr,fr,random1000
347873,lepapierpeint.fr,fr,random1000
348038,msccroisieres.fr,fr,random1000
348877,harpersbazaar.fr,fr,random1000
349066,chickenroadofficial.fr,fr,random1000
349255,toulousebasketclub.fr,fr,random1000
349460,torraspapelmalmenayde.fr,fr,random1000
350165,truck1.fr,fr,random1000
350761,iut-fbleau.fr,fr,random1000
352369,mini.fr,fr,random1000
354370,edeni.fr,fr,random1000
357464,ardeche.fr,fr,random1000
357594,vitry94.fr,fr,random1000
357759,naolib.fr,fr,random1000
360076,reseau-environnement-sante.fr,fr,random1000
360163,ecoloco.fr,fr,random1000
363630,lapouleapois.fr,fr,random1000
363865,rivluxe.fr,fr,random1000
366630,emploitelesurveillance.fr,fr,random1000
367001,confederationpaysanne.fr,fr,random1000
367672,smcaen.fr,fr,random1000
367836,rue89lyon.fr,fr,random1000
368280,ca-norddefrance.fr,fr,random1000
368394,circuit-de-la-sure.fr,fr,random1000
368947,mpedia.fr,fr,random1000
369344,solidarites.gouv.fr,fr,random1000
369432,naspers.fr,fr,random1000
369479,bongacams.fr,fr,random1000
369687,ramsayservices.fr,fr,random1000
369697,promocatalogues.fr,fr,random1000
371549,caves-gayrel.fr,fr,random1000
371615,test.fr,fr,random1000
371669,sibelenergie.fr,fr,random1000
372418,orthodontie-lumiere.fr,fr,random1000
372594,parismuseumpass.fr,fr,random1000
372886,abby.fr,fr,random1000
373336,geneoweb.fr,fr,random1000
374275,tv-sports.fr,fr,random1000
374530,black-book-editions.fr,fr,random1000
374732,2abassociates.fr,fr,random1000
375319,index-education.fr,fr,random1000
375492,giphar.fr,fr,random1000
377350,fiducial-office-solutions.fr,fr,random1000
377573,cedia.fr,fr,random1000
377988,10doigts.fr,fr,random1000
378460,yacast.fr,fr,random1000
380300,medicaldomicile.fr,fr,random1000
380849,liki24.fr,fr,random1000
381211,sporteed.fr,fr,random1000
381687,nestle.fr,fr,random1000
382029,crous-paris.fr,fr,random1000
382085,myhauteloire.fr,fr,random1000
383039,houssedefrance.fr,fr,random1000
384353,prodealcenter.fr,fr,random1000
385024,francecars.fr,fr,random1000
386338,bourjois.fr,fr,random1000
386717,signals.fr,fr,random1000
386834,awsdns-eusc-50.fr,fr,random1000
388174,butagaz.fr,fr,random1000
388940,esiea.fr,fr,random1000
390813,mmv.fr,fr,random1000
391440,viagogo.fr,fr,random1000
391716,afdb.fr,fr,random1000
392661,coupemonde.fr,fr,random1000
393744,nyxcosmetics.fr,fr,random1000
394874,vapstore-cbd.fr,fr,random1000
395898,overymc.fr,fr,random1000
400619,materalia.fr,fr,random1000
401150,sgdf.fr,fr,random1000
403405,oclockstore.fr,fr,random1000
404877,aubureau.fr,fr,random1000
405220,shiva.fr,fr,random1000
407196,centrale-med.fr,fr,random1000
407904,parclick.fr,fr,random1000
408976,weareplaystation.fr,fr,random1000
410253,beliani.fr,fr,random1000
410771,extra.fr,fr,random1000
412399,lestoilesheroiques.fr,fr,random1000
412453,quadria.fr,fr,random1000
412484,eplaque.fr,fr,random1000
413062,archifacile.fr,fr,random1000
413815,vu.fr,fr,random1000
417793,inulogic.fr,fr,random1000
417872,debrid-link.fr,fr,random1000
418317,rebelforge.fr,fr,random1000
419417,dondemoelleosseuse.fr,fr,random1000
419471,jcpl.fr,fr,random1000
422560,patissland.fr,fr,random1000
423662,seedbox.fr,fr,random1000
425064,marine2017.fr,fr,random1000
425464,museerolin.fr,fr,random1000
426726,procivis.fr,fr,random1000
428736,en-marche.fr,fr,random1000
429918,larotonde-lepradet.fr,fr,random1000
431658,aviscom.fr,fr,random1000
432033,club1.fr,fr,random1000
432457,all4green.fr,fr,random1000
434755,experteer.fr,fr,random1000
434886,melenchon2027.fr,fr,random1000
435197,famillemary.fr,fr,random1000
435382,groupe-begaiement-selfhelp.fr,fr,random1000
437968,snc-vetements.fr,fr,random1000
438584,securitastechnology.fr,fr,random1000
438950,laon.fr,fr,random1000
439325,neptune.fr,fr,random1000
440097,openscience.fr,fr,random1000
441309,mobicoop.fr,fr,random1000
442615,etude-nutrinet-sante.fr,fr,random1000
443292,gecina.fr,fr,random1000
444430,loveandvibes.fr,fr,random1000
445902,pieds-nus-sur-la-terre.fr,fr,random1000
447158,mairie-deauville.fr,fr,random1000
447746,holity.fr,fr,random1000
448003,pierdesfees.fr,fr,random1000
451234,wolfswinkel.fr,fr,random1000
452475,vacancesbleues.fr,fr,random1000
452748,ayzeze.fr,fr,random1000
453732,coulisses-tv.fr,fr,random1000
455242,autoportee-discount.fr,fr,random1000
458279,cnrgh.fr,fr,random1000
459511,opaline-sante.fr,fr,random1000
461790,dealmoon.fr,fr,random1000
461854,nivea.fr,fr,random1000
461998,vipbelote.fr,fr,random1000
463823,oliunid.fr,fr,random1000
465431,le-bourguignon.fr,fr,random1000
468670,amourdecuisine.fr,fr,random1000
470498,lescahierslamartine.fr,fr,random1000
470629,docteurlibre.fr,fr,random1000
470730,jeun.fr,fr,random1000
473311,teamfrance-export.fr,fr,random1000
473420,info-eco.fr,fr,random1000
474502,myludo.fr,fr,random1000
474570,physix.fr,fr,random1000
474731,idhome2b.fr,fr,random1000
477737,contralia.fr,fr,random1000
477845,firmoo.fr,fr,random1000
477849,fishfish.fr,fr,random1000
478629,tereva.fr,fr,random1000
478640,roadtrippin.fr,fr,random1000
479388,dyjix.fr,fr,random1000
480456,autourdugateau.fr,fr,random1000
480968,lnb.fr,fr,random1000
481922,lexus.fr,fr,random1000
486621,soldat.fr,fr,random1000
487030,handicapsrares.fr,fr,random1000
487269,myposter.fr,fr,random1000
487438,myvetshop.fr,fr,random1000
490267,hautconseilclimat.fr,fr,random1000
491430,teaser.fr,fr,random1000
491613,libourne.fr,fr,random1000
491757,cergypontoise.fr,fr,random1000
492381,mobilieroccasion.fr,fr,random1000
492704,solimut-mutuelle.fr,fr,random1000
494003,distriartisan.fr,fr,random1000
495502,puyricard.fr,fr,random1000
497469,destination-biarritz.fr,fr,random1000
497687,journal-laterrasse.fr,fr,random1000
498523,syboulette.fr,fr,random1000
501220,street-moto-piece.fr,fr,random1000
501632,stolon.fr,fr,random1000
504104,lga.fr,fr,random1000
504165,valvin.fr,fr,random1000
504175,remisesetreductions.fr,fr,random1000
505044,monin.fr,fr,random1000
505765,maison-sidonie-champagne.fr,fr,random1000
509368,dvif.fr,fr,random1000
509710,twisto.fr,fr,random1000
511462,blablastream.fr,fr,random1000
511982,lalibrairieducanal.fr,fr,random1000
513996,prixmalin.fr,fr,random1000
517660,bandoltourisme.fr,fr,random1000
518703,montsaugeon.fr,fr,random1000
520001,sublimlove.fr,fr,random1000
520329,greenkub.fr,fr,random1000
520736,grandemosqueedeparis.fr,fr,random1000
520742,cobredia.fr,fr,random1000
523688,18h39.fr,fr,random1000
524083,lip.fr,fr,random1000
524108,snokido.fr,fr,random1000
524335,primesenergie.fr,fr,random1000
524453,motonice.fr,fr,random1000
525994,cielavillage.fr,fr,random1000
526525,uschandball.fr,fr,random1000
526799,visiondirect.fr,fr,random1000
527597,fontainebleau.fr,fr,random1000
529221,uriage.fr,fr,random1000
530583,citeco.fr,fr,random1000
531633,volkswagen-utilitaires.fr,fr,random1000
532800,sellerie-fouilloux.fr,fr,random1000
533011,lecoingolf.fr,fr,random1000
533400,pulsat.fr,fr,random1000
534383,gomibo.fr,fr,random1000
534635,aday.fr,fr,random1000
535025,sete.fr,fr,random1000
535827,isiss-therapie.fr,fr,random1000
536142,euroskateshop.fr,fr,random1000
536688,silvereco.fr,fr,random1000
537556,haeiven.fr,fr,random1000
542385,juststream.fr,fr,random1000
542417,cagnes.fr,fr,random1000
542542,rcnews.fr,fr,random1000
543699,participons-granville.fr,fr,random1000
545665,gfpp.fr,fr,random1000
545738,universalpictures.fr,fr,random1000
546562,librairie-de-paris.fr,fr,random1000
546865,lbgi.fr,fr,random1000
546989,atrium-sud.fr,fr,random1000
547744,frandi.fr,fr,random1000
548724,textilesdelamarque.fr,fr,random1000
548793,henaffandco.fr,fr,random1000
549593,routekm.fr,fr,random1000
549747,savoie-news.fr,fr,random1000
549980,fcba.fr,fr,random1000
550025,coordonnees-gps.fr,fr,random1000
550322,ladom.fr,fr,random1000
550845,dogaru.fr,fr,random1000
551752,exacode.fr,fr,random1000
553183,kymco.fr,fr,random1000
553427,gamesfactory.fr,fr,random1000
554662,tissuslolieshop.fr,fr,random1000
554994,randstadprofessional.fr,fr,random1000
555643,devincollection.fr,fr,random1000
556081,cerave.fr,fr,random1000
556486,tiptoe.fr,fr,random1000
558591,grandparissud.fr,fr,random1000
559120,saintnazairenews.fr,fr,random1000
559255,pandatea.fr,fr,random1000
559544,aide-au-top.fr,fr,random1000
560900,bomann-france.fr,fr,random1000
561025,doudous-perdus.fr,fr,random1000
561907,rimes.fr,fr,random1000
562872,kerascoet.fr,fr,random1000
562887,souffledor.fr,fr,random1000
563211,divonneoptique.fr,fr,random1000
563218,galbani.fr,fr,random1000
563245,jardins-arcadie.fr,fr,random1000
563372,teleperformance.fr,fr,random1000
563579,nvidia.fr,fr,random1000
564187,partnaire.fr,fr,random1000
564445,collectivite.fr,fr,random1000
569023,nevers.fr,fr,random1000
569605,3000pierres.fr,fr,random1000
570704,lavendon.fr,fr,random1000
570752,guigoz.fr,fr,random1000
572870,librairie-intranquille.fr,fr,random1000
573229,creation-vap.fr,fr,random1000
573416,noviscore.fr,fr,random1000
573488,iello.fr,fr,random1000
574527,varactu.fr,fr,random1000
574940,snj.fr,fr,random1000
574999,chu-nice.fr,fr,random1000
575503,nauticexpo.fr,fr,random1000
576695,guide-reunion.fr,fr,random1000
576978,deloitte.fr,fr,random1000
577793,cma-auvergnerhonealpes.fr,fr,random1000
577950,ekopedia.fr,fr,random1000
578040,bayeux.fr,fr,random1000
578830,asca14.fr,fr,random1000
580795,ecco-verde.fr,fr,random1000
582074,maniaques.fr,fr,random1000
583164,cashconverters.fr,fr,random1000
583840,packshotstudio.fr,fr,random1000
584141,trendycloud.fr,fr,random1000
585261,sokroflix.fr,fr,random1000
585893,magicdream.fr,fr,random1000
586214,investx.fr,fr,random1000
586548,vitrolles13.fr,fr,random1000
587293,webike.fr,fr,random1000
587329,saint-quentin.fr,fr,random1000
587845,geosphere.fr,fr,random1000
588138,la-seyne.fr,fr,random1000
588319,ville-saumur.fr,fr,random1000
589337,nrmv.fr,fr,random1000
589647,on-web.fr,fr,random1000
590075,avbroadcast.fr,fr,random1000
590561,ville-dinard.fr,fr,random1000
590966,saint-tropez.fr,fr,random1000
591225,simonrodriguez.fr,fr,random1000
592528,cyclomontdor.fr,fr,random1000
593353,bulac.fr,fr,random1000
594347,collegedesbernardins.fr,fr,random1000
595574,zendure.fr,fr,random1000
596554,colocation-adulte.fr,fr,random1000
597040,granit-parts.fr,fr,random1000
597394,la-meteo-mail.fr,fr,random1000
597538,maisontosport.fr,fr,random1000
597683,monpiedceheros.fr,fr,random1000
598194,rosebikes.fr,fr,random1000
598604,toner.fr,fr,random1000
599218,youvape.fr,fr,random1000
600795,skinceuticals.fr,fr,random1000
601524,intersport-rent.fr,fr,random1000
603932,thestyleoutlets.fr,fr,random1000
604594,futon-factory.fr,fr,random1000
604650,lecoqfuneraire.fr,fr,random1000
604961,trenitalia.fr,fr,random1000
606424,cote-cloture.fr,fr,random1000
608984,piecesanspermis.fr,fr,random1000
609193,ecranbrillant.fr,fr,random1000
609809,france-abonnements.fr,fr,random1000
610870,sitpi.fr,fr,random1000
611481,agatheyou.fr,fr,random1000
611688,shine-group.fr,fr,random1000
612400,lacigale.fr,fr,random1000
612428,paratrooper.fr,fr,random1000
614251,mesechantillonsgratuits.fr,fr,random1000
614623,deltadore.fr,fr,random1000
614829,ens-lsh.fr,fr,random1000
615493,agoraplus.fr,fr,random1000
615706,literie-battistini.fr,fr,random1000
615755,nosdevoirs.fr,fr,random1000
616606,lire.fr,fr,random1000
617151,tubeuse-cigarette-electrique.fr,fr,random1000
618332,prexocdc.fr,fr,random1000
618335,outlook.fr,fr,random1000
619381,carte-mobilite-inclusion.fr,fr,random1000
619661,lectureetconfiture.fr,fr,random1000
621336,monepi.fr,fr,random1000
622080,cartusia.fr,fr,random1000
622932,inligit.fr,fr,random1000
625436,monmagasinvert.fr,fr,random1000
625958,vessiere-cristaux.fr,fr,random1000
627426,itg.fr,fr,random1000
628142,tunap.fr,fr,random1000
628413,fastmag.fr,fr,random1000
628565,cassepoidslourds-martin.fr,fr,random1000
628997,condizionati.fr,fr,random1000
630068,happy-garden.fr,fr,random1000
631700,logement.gouv.fr,fr,random1000
633173,collinesnorddauphine.fr,fr,random1000
633582,aviron-sud-gresivaudan.fr,fr,random1000
635666,carsdurhone.fr,fr,random1000
636181,smallrigstore.fr,fr,random1000
636393,grandchambery.fr,fr,random1000
637029,initiative-france.fr,fr,random1000
637124,topformation.fr,fr,random1000
637841,departement974.fr,fr,random1000
638554,champgrand.fr,fr,random1000
639332,prime-energie-edf.fr,fr,random1000
639814,kinderkraft.fr,fr,random1000
639867,eclatredoutable.fr,fr,random1000
640002,golfiv.fr,fr,random1000
640322,normandie-univ.fr,fr,random1000
641717,lapetitemarchandedeprose.fr,fr,random1000
644216,well.fr,fr,random1000
644276,jimstudio.fr,fr,random1000
645031,exdat.fr,fr,random1000
645035,flauraud.fr,fr,random1000
646694,ligier.fr,fr,random1000
647043,lefranccurieux.fr,fr,random1000
648291,gorgesdelajordanne.fr,fr,random1000
648711,basika.fr,fr,random1000
649094,awsdns-eusc-59.fr,fr,random1000
650226,bike-eco.fr,fr,random1000
653086,espadrille-paries.fr,fr,random1000
654464,cergy.fr,fr,random1000
655718,aczv.fr,fr,random1000
656133,kami-labs.fr,fr,random1000
658778,larenaissancehebdo.fr,fr,random1000
658913,betano-official.fr,fr,random1000
659348,journal-officiel.gouv.fr,fr,random1000
660039,manteslajolie.fr,fr,random1000
660671,clicassist.fr,fr,random1000
661318,edocuments.fr,fr,random1000
661431,ece.fr,fr,random1000
661525,poolstar.fr,fr,random1000
661902,studiorenegade.fr,fr,random1000
662310,domainepardefaut.fr,fr,random1000
662543,crous-toulouse.fr,fr,random1000
663006,oldthing.fr,fr,random1000
663865,pacwan.fr,fr,random1000
664591,turf-pro.fr,fr,random1000
664766,communication-pro.fr,fr,random1000
665054,sowee.fr,fr,random1000
665737,laveliya.fr,fr,random1000
665883,a3forum.fr,fr,random1000
665906,basedespermis.fr,fr,random1000
666546,turbomeca.fr,fr,random1000
666739,woopit.fr,fr,random1000
667520,boutique-axa.fr,fr,random1000
668288,lachemisefrancaise.fr,fr,random1000
670042,mediateurdesjeuxenligne.fr,fr,random1000
670340,estacweb.fr,fr,random1000
670379,jumajo.fr,fr,random1000
670550,bobijoo.fr,fr,random1000
670745,sedomicilier.fr,fr,random1000
671815,lexisactu.fr,fr,random1000
672259,rail4402.fr,fr,random1000
672387,soshcaraibe.fr,fr,random1000
673502,commedansleslivres.fr,fr,random1000
674187,courrierdesbalkans.fr,fr,random1000
674539,ensta-paris.fr,fr,random1000
677638,planet-tools.fr,fr,random1000
678008,px3.fr,fr,random1000
679083,soliers.fr,fr,random1000
679900,journeeculturepatrimoineaxa.fr,fr,random1000
682673,decision-achats.fr,fr,random1000
683178,mycarreporting.fr,fr,random1000
683181,taxesejour.fr,fr,random1000
684173,jeanmarcklein.fr,fr,random1000
685139,omsparis8.fr,fr,random1000
685458,ticketnet.fr,fr,random1000
685910,asiafoodland.fr,fr,random1000
686719,covoiturage.fr,fr,random1000
686818,haautomobiles.fr,fr,random1000
686916,casino-legal-france.fr,fr,random1000
686941,pique-niqueur.fr,fr,random1000
687140,critique-film.fr,fr,random1000
687576,portail-ie.fr,fr,random1000
687847,js-cdn.fr,fr,random1000
689051,oemvwshop.fr,fr,random1000
690762,croquettes-des-volcans.fr,fr,random1000
691548,eden-villages.fr,fr,random1000
692692,aviamastersjeu.fr,fr,random1000
692762,en-forme-au-travail.fr,fr,random1000
693803,talence.fr,fr,random1000
694733,chalon.fr,fr,random1000
694799,nalo.fr,fr,random1000
696043,cyclo38ffct.fr,fr,random1000
696508,imm.fr,fr,random1000
696549,cours-coreen.fr,fr,random1000
702293,vonage.fr,fr,random1000
705360,avisobseques.fr,fr,random1000
706524,filibus.fr,fr,random1000
707582,agglo-laval.fr,fr,random1000
707618,finmobte.fr,fr,random1000
709727,spirio.fr,fr,random1000
710496,faelix.fr,fr,random1000
710539,abcelectronique.fr,fr,random1000
710822,decanet.fr,fr,random1000
713414,pieces-bmw-moto.fr,fr,random1000
713909,ventilateurplafond.fr,fr,random1000
716887,hubber.fr,fr,random1000
717839,vpweb.fr,fr,random1000
718583,accastillage-voile-legere.fr,fr,random1000
719284,plancul-gratuit.fr,fr,random1000
719860,automobile.fr,fr,random1000
720100,monrdvkine.fr,fr,random1000
721021,fnsea.fr,fr,random1000
721883,jolivet72.fr,fr,random1000
722525,joliedemoiselle.fr,fr,random1000
722686,radiosalsa.fr,fr,random1000
725682,superwriterweb.fr,fr,random1000
726247,carser.fr,fr,random1000
727627,skstream.fr,fr,random1000
727649,medicitv.fr,fr,random1000
730026,maison-lascours.fr,fr,random1000
734064,ojazzdance.fr,fr,random1000
734233,mutuelle-axa.fr,fr,random1000
734476,bgmwinfield.fr,fr,random1000
736680,osezmauges.fr,fr,random1000
737322,whassup.fr,fr,random1000
738320,la1ere.fr,fr,random1000
738619,service-civique.gouv.fr,fr,random1000
740092,arcad.fr,fr,random1000
740375,natusport.fr,fr,random1000
742016,mairie54.fr,fr,random1000
746054,dubruitdanslacuisine.fr,fr,random1000
746286,vibration.fr,fr,random1000
746433,variationscreatives.fr,fr,random1000
746625,rockstarmag.fr,fr,random1000
746858,yic-electronics.fr,fr,random1000
748017,xfr.fr,fr,random1000
748142,infooutremer.fr,fr,random1000
751898,3g-tv.fr,fr,random1000
756289,acmejoy.fr,fr,random1000
758171,alpineprotectionauditive.fr,fr,random1000
760918,atelierdesboiseux.fr,fr,random1000
761541,avecpassion.fr,fr,random1000
762210,babywall.fr,fr,random1000
762546,bananalotto.fr,fr,random1000
762924,basicompta.fr,fr,random1000
767020,brossard.fr,fr,random1000
767456,burgerfactory.fr,fr,random1000
768005,cab-formations.fr,fr,random1000
768351,campingaz-shop.fr,fr,random1000
769284,cawi.fr,fr,random1000
770045,chant-oiseaux.fr,fr,random1000
770733,cinecroisiere.fr,fr,random1000
772428,concordelove.fr,fr,random1000
772600,consulat-creteil-algerie.fr,fr,random1000
773270,creditmutuel-ere.fr,fr,random1000
775194,demandelogement44.fr,fr,random1000
775849,dialsexy.fr,fr,random1000
778028,dynamimots.fr,fr,random1000
780388,enmaternelle.fr,fr,random1000
780911,esecouristes.fr,fr,random1000
781078,esterelcotedazur-lebus.fr,fr,random1000
781673,experisfrance.fr,fr,random1000
783017,ffbt.asso.fr,fr,random1000
785888,ganassurances.fr,fr,random1000
786432,generik.fr,fr,random1000
788376,gravelpassion.fr,fr,random1000
790265,healthyfoodcreation.fr,fr,random1000
792288,huzounet.fr,fr,random1000
794867,irimed.fr,fr,random1000
794915,isad-sad.fr,fr,random1000
795215,iterroir.fr,fr,random1000
797745,jwpei.fr,fr,random1000
798484,kapmer.fr,fr,random1000
798570,karlia.fr,fr,random1000
801688,laborantin.fr,fr,random1000
802808,les-voyages-de-adelaide.fr,fr,random1000
802845,letestcivique.fr,fr,random1000
803492,liqua.fr,fr,random1000
803561,litrimarche.fr,fr,random1000
804017,loisirs-nautic.fr,fr,random1000
804903,ludilabel.fr,fr,random1000
806310,manfield.fr,fr,random1000
807227,maximiles.fr,fr,random1000
807231,maximo.fr,fr,random1000
807968,megarex.fr,fr,random1000
808064,mel-ileo.fr,fr,random1000
808413,metaltop.fr,fr,random1000
808655,mgefi.fr,fr,random1000
809060,militaria-ww2.fr,fr,random1000
810300,moncomptevdi.fr,fr,random1000
810425,monsieurpc.fr,fr,random1000
810643,motoculturestjean.fr,fr,random1000
812999,nails-company.fr,fr,random1000
813133,nancythermalresort.fr,fr,random1000
813796,netcampers.fr,fr,random1000
814860,nomads-interactive.fr,fr,random1000
819093,passplus.fr,fr,random1000
819781,people-addict.fr,fr,random1000
820133,pf-joly.fr,fr,random1000
821267,plateforme-apis.fr,fr,random1000
821967,polyfab3d.fr,fr,random1000
822151,pornomaniac.fr,fr,random1000
823707,pulp-immobilier.fr,fr,random1000
825274,rallye-game.fr,fr,random1000
826464,reseauglass.fr,fr,random1000
826532,restonoble.fr,fr,random1000
827367,romanature.fr,fr,random1000
830176,sdis59.fr,fr,random1000
830179,sdis80.fr,fr,random1000
830182,sdis91.fr,fr,random1000
831182,sfg.fr,fr,random1000
835333,starofjewelry.fr,fr,random1000
836686,sutom.fr,fr,random1000
836962,sxmessenger.fr,fr,random1000
837006,sykz.fr,fr,random1000
837471,tadao.fr,fr,random1000
837883,tanzaniaspecialist.fr,fr,random1000
838184,tbs-international.fr,fr,random1000
838723,tempsl.fr,fr,random1000
840328,tiwar.fr,fr,random1000
843660,umgp.fr,fr,random1000
845393,vehi-mercatus.fr,fr,random1000
846923,votreopinion.fr,fr,random1000
848839,wizzee.fr,fr,random1000
849094,world-novel.fr,fr,random1000
854580,cleanenergyproducts.fr,fr,random1000
854932,kastner-oehler.fr,fr,random1000
856195,tnbet.fr,fr,random1000
858220,amue.fr,fr,random1000
858894,igas.gouv.fr,fr,random1000
859706,parcduluberon.fr,fr,random1000
860540,xlre.fr,fr,random1000
860680,prefectures-regions.gouv.fr,fr,random1000
860718,paroisses-chatenay.fr,fr,random1000
861038,crous-grenoble.fr,fr,random1000
862919,therapeutes-de-france.fr,fr,random1000
863149,beauvais.fr,fr,random1000
863993,transactis.fr,fr,random1000
864346,liseuse-hachette.fr,fr,random1000
865024,creditmaritime.fr,fr,random1000
866214,lasourisglobe-trotteuse.fr,fr,random1000
867915,giropharm.fr,fr,random1000
869104,lagosniere.fr,fr,random1000
869523,servicesmobiles.fr,fr,random1000
870298,xl-axagroup.fr,fr,random1000
870546,machinegun.fr,fr,random1000
871004,editions-ares.fr,fr,random1000
871324,opacoise.fr,fr,random1000
871628,centrale-marseille.fr,fr,random1000
871687,ville-douai.fr,fr,random1000
873106,myfuturprotected.fr,fr,random1000
873675,aegpresents.fr,fr,random1000
874068,biencouverts.fr,fr,random1000
875405,univ-montp1.fr,fr,random1000
876251,ticombo.fr,fr,random1000
876533,laclic.fr,fr,random1000
877147,mesnumeriques.fr,fr,random1000
878388,agroservice.fr,fr,random1000
879354,emeriaud.fr,fr,random1000
880645,vendiauto.fr,fr,random1000
882069,breakthroughtech.fr,fr,random1000
884104,feelingbet.fr,fr,random1000
884250,yessspodcast.fr,fr,random1000
885509,landes.gouv.fr,fr,random1000
886344,momie.fr,fr,random1000
888581,ilek.fr,fr,random1000
889794,mediapost.fr,fr,random1000
890868,mapiecedoccase.fr,fr,random1000
890976,assurancesaxa.fr,fr,random1000
892188,nicepremium.fr,fr,random1000
894998,webpoint.fr,fr,random1000
895017,norma.fr,fr,random1000
895473,musee-moreau.fr,fr,random1000
895597,esg.fr,fr,random1000
895668,beautycos.fr,fr,random1000
896169,ville-romainville.fr,fr,random1000
896174,ekomi.fr,fr,random1000
897726,odf.fr,fr,random1000
898333,askxl.fr,fr,random1000
899932,invicta.fr,fr,random1000
900351,red-baron.fr,fr,random1000
901016,la-vallee-des-singes.fr,fr,random1000
901256,voiron.fr,fr,random1000
902623,daznbet.fr,fr,random1000
903701,catalogue.fr,fr,random1000
906720,spam-rbl.fr,fr,random1000
906995,directassurance.tm.fr,fr,random1000
907088,archives39.fr,fr,random1000
908153,datingavis.fr,fr,random1000
908741,virtit.fr,fr,random1000
908766,dfco.fr,fr,random1000
909202,cpu.fr,fr,random1000
909910,twenga.fr,fr,random1000
910145,geze.fr,fr,random1000
910980,anaisrm.fr,fr,random1000
911167,boesner.fr,fr,random1000
911173,zizzz.fr,fr,random1000
911376,m2a.fr,fr,random1000
911505,parc-naturel-perche.fr,fr,random1000
912249,aditu.fr,fr,random1000
915176,arrosage-distribution.fr,fr,random1000
915810,bebeconfort.fr,fr,random1000
917111,chateau-dax.fr,fr,random1000
917462,codir.fr,fr,random1000
917586,consulat-paris-algerie.fr,fr,random1000
918526,dream-machine.fr,fr,random1000
919697,findisebj.fr,fr,random1000
920272,gard30.fr,fr,random1000
921761,impressionlin.fr,fr,random1000
921991,ipoolgo-france.fr,fr,random1000
922129,ixperience.fr,fr,random1000
922812,kaliti.fr,fr,random1000
924769,medipath.fr,fr,random1000
926372,objets-trouves.fr,fr,random1000
927066,parrotworld.fr,fr,random1000
927080,pasdecalais-habitat.fr,fr,random1000
927515,plantes-et-nature.fr,fr,random1000
928892,roth-france.fr,fr,random1000
929858,sisilapaillette.fr,fr,random1000
930432,stars-fir.fr,fr,random1000
932703,visioformation.fr,fr,random1000
933336,xalaflix.fr,fr,random1000
934595,dri.fr,fr,random1000
934825,mon-stream.fr,fr,random1000
934831,vostickets.fr,fr,random1000
935196,verbateam-services.fr,fr,random1000
935600,campingpascher.fr,fr,random1000
935645,armoireplus.fr,fr,random1000
936070,lapalettedesarts.fr,fr,random1000
936388,blogidee.fr,fr,random1000
936611,librairielefailler.fr,fr,random1000
938106,univ-nancy2.fr,fr,random1000
938704,agoztech.fr,fr,random1000
938833,lesellesdelorne.fr,fr,random1000
938991,ensta-bretagne.fr,fr,random1000
939825,waechter2022.fr,fr,random1000
939942,verbarteam.fr,fr,random1000
940040,meublesatlas.fr,fr,random1000
940654,crous-lyon.fr,fr,random1000
940689,lemarchejaponais.fr,fr,random1000
943229,idatabackup.fr,fr,random1000
944105,bijouxmod.fr,fr,random1000
944178,directassurance-vie.fr,fr,random1000
945941,antidiscriminations.fr,fr,random1000
946103,lepharmacien.fr,fr,random1000
946133,mbarouen.fr,fr,random1000
946487,saint-julien-du-verdon.fr,fr,random1000
947078,bleu-digital.fr,fr,random1000
948705,espace-broderie.fr,fr,random1000
949860,tlsafrance.fr,fr,random1000
951442,geg.fr,fr,random1000
952286,sicavonline.fr,fr,random1000
952984,charivarialecole.fr,fr,random1000
955741,unistrength.fr,fr,random1000
956070,appsystem.fr,fr,random1000
956148,urgence114.fr,fr,random1000
957196,creativecommons.fr,fr,random1000
958470,homeose.fr,fr,random1000
958766,chrtech.fr,fr,random1000
960245,chambres-a-la-ferme-plouzelambre.fr,fr,random1000
960357,sportparadise.fr,fr,random1000
960831,boxps.fr,fr,random1000
961261,artexpo-paris.fr,fr,random1000
961280,directrepair.fr,fr,random1000
961800,mademoiselle-web.fr,fr,random1000
962395,mrg-istres.fr,fr,random1000
963041,game-guide.fr,fr,random1000
963642,wikichat.fr,fr,random1000
963835,gallmeister.fr,fr,random1000
964113,lirandco.fr,fr,random1000
964666,gastroland.fr,fr,random1000
966378,assurancesmutuellesphoceennes.fr,fr,random1000
966671,freshlogic.fr,fr,random1000
966953,pathpowerzone.fr,fr,random1000
967731,kibana.fr,fr,random1000
967801,nextstepzone.fr,fr,random1000
968450,reseau-astuce.fr,fr,random1000
969498,assurance-direct.fr,fr,random1000
971263,helloromance.fr,fr,random1000
971492,saintmarcellin-vercors-isere.fr,fr,random1000
971765,verbateam-service.fr,fr,random1000
971806,jll.fr,fr,random1000
972988,moltecorde.fr,fr,random1000
973696,sauce-piquante.fr,fr,random1000
977617,voyage-en-cepage.fr,fr,random1000
977865,villiers-sur-orge.fr,fr,random1000
978363,nexgenworld.fr,fr,random1000
978672,emauxatlantique.fr,fr,random1000
980232,youlead.fr,fr,random1000
986797,festival-ambert.fr,fr,random1000
988745,idex-dekra.fr,fr,random1000
990538,lanefdfous.fr,fr,random1000
991519,margot-lyon.fr,fr,random1000
991961,mes-aides-energie.fr,fr,random1000
994565,preventraide.fr,fr,random1000
994642,pronosentreamis.fr,fr,random1000
998708,vaianalefilm.fr,fr,random1000
144,iiko.it,it,top1000
720,amazon.it,it,top1000
965,repubblica.it,it,top1000
979,corriere.it,it,top1000
1231,gazzetta.it,it,top1000
1305,ilfattoquotidiano.it,it,top1000
1342,subito.it,it,top1000
1388,ilmeteo.it,it,top1000
1389,idealista.it,it,top1000
1406,inps.it,it,top1000
1503,immobiliare.it,it,top1000
1721,annunci69.it,it,top1000
1814,poste.it,it,top1000
1888,google.it,it,top1000
1897,vanityfair.it,it,top1000
1983,nirvam.it,it,top1000
2158,redd.it,it,top1000
2385,libero.it,it,top1000
2793,skycdn.it,it,top1000
3073,kahoot.it,it,top1000
3211,register.it,it,top1000
3617,ansa.it,it,top1000
3774,aruba.it,it,top1000
3884,cnr.it,it,top1000
4287,sky.it,it,top1000
4328,pin.it,it,top1000
4466,dns.it,it,top1000
4487,justpaste.it,it,top1000
4496,diretta.it,it,top1000
4557,lastampa.it,it,top1000
4608,alice.it,it,top1000
4885,ebay.it,it,top1000
5181,mediaset.it,it,top1000
5387,rainews.it,it,top1000
5415,tripadvisor.it,it,top1000
5566,vinted.it,it,top1000
5789,agenziaentrate.gov.it,it,top1000
5969,ilmessaggero.it,it,top1000
6023,unibo.it,it,top1000
6047,garanteprivacy.it,it,top1000
6229,raiplay.it,it,top1000
6334,interno.gov.it,it,top1000
6346,fanpage.it,it,top1000
6367,ilpost.it,it,top1000
6391,tiscali.it,it,top1000
6402,ilgiornale.it,it,top1000
6408,tim.it,it,top1000
6478,trovaprezzi.it,it,top1000
6852,esteri.it,it,top1000
7125,telecomitalia.it,it,top1000
7141,poliziadistato.it,it,top1000
7368,virgilio.it,it,top1000
7407,ilrestodelcarlino.it,it,top1000
7452,giallozafferano.it,it,top1000
7469,lanazione.it,it,top1000
7563,ticketone.it,it,top1000
7609,autoscout24.it,it,top1000
7660,borsaitaliana.it,it,top1000
7681,sisal.it,it,top1000
7874,scoop.it,it,top1000
7883,snai.it,it,top1000
8039,zalando.it,it,top1000
8080,my-personaltrainer.it,it,top1000
8107,leroymerlin.it,it,top1000
8165,decathlon.it,it,top1000
8201,leggo.it,it,top1000
8261,transfermarkt.it,it,top1000
8288,goldbet.it,it,top1000
8333,lefrecce.it,it,top1000
8679,lottomatica.it,it,top1000
8686,skyscanner.it,it,top1000
8950,betflag.it,it,top1000
9051,iliad.it,it,top1000
9062,ildolomiti.it,it,top1000
9106,fcinter1908.it,it,top1000
9143,bet365.it,it,top1000
9253,planetwin365.it,it,top1000
9724,tecnomat.it,it,top1000
9806,mondosanita.it,it,top1000
10277,casa.it,it,top1000
10414,unimi.it,it,top1000
10469,ilportaledellautomobilista.it,it,top1000
10838,unipd.it,it,top1000
10900,paginegialle.it,it,top1000
10906,rai.it,it,top1000
11363,infn.it,it,top1000
11383,blogspot.it,it,top1000
11492,polimi.it,it,top1000
11868,vodafone.it,it,top1000
12825,uniroma1.it,it,top1000
13299,unifi.it,it,top1000
13488,unipi.it,it,top1000
13505,follow.it,it,top1000
13555,cultura.gov.it,it,top1000
13650,unito.it,it,top1000
14107,beniculturali.it,it,top1000
14312,nanosystems.it,it,top1000
14356,cineca.it,it,top1000
14375,ilmattino.it,it,top1000
14780,gazzettaufficiale.it,it,top1000
15144,fantacalcio.it,it,top1000
15245,lafeltrinelli.it,it,top1000
15315,ilgazzettino.it,it,top1000
15330,corrieredellosport.it,it,top1000
15615,salute.gov.it,it,top1000
15823,unina.it,it,top1000
15857,abebooks.it,it,top1000
15888,smarturl.it,it,top1000
16050,glauco.it,it,top1000
16125,vogue.it,it,top1000
16337,fastwebnet.it,it,top1000
16496,fastweb.it,it,top1000
16569,chng.it,it,top1000
16615,governo.it,it,top1000
16892,italia.it,it,top1000
16924,treccani.it,it,top1000
17008,ilfoglio.it,it,top1000
17052,manomano.it,it,top1000
17173,ilgiorno.it,it,top1000
17181,unionesarda.it,it,top1000
17350,milannews.it,it,top1000
17391,polito.it,it,top1000
17437,knotch.it,it,top1000
17569,hdblog.it,it,top1000
17630,interbusiness.it,it,top1000
18086,mediaworld.it,it,top1000
18257,giornalone.it,it,top1000
18300,uniroma2.it,it,top1000
18348,miodottore.it,it,top1000
18388,eurobet.it,it,top1000
18408,libraccio.it,it,top1000
18736,unive.it,it,top1000
18841,romatoday.it,it,top1000
18959,eyeo.it,it,top1000
18994,seeweb.it,it,top1000
19206,comingsoon.it,it,top1000
19446,namirial.it,it,top1000
19492,milanotoday.it,it,top1000
19618,finanze.it,it,top1000
19696,download.it,it,top1000
19726,qvc.it,it,top1000
19746,istat.it,it,top1000
19826,brocardi.it,it,top1000
19995,eurosport.it,it,top1000
19996,orizzontescuola.it,it,top1000
20008,meteoam.it,it,top1000
20036,eventbrite.it,it,top1000
20277,actalis.it,it,top1000
20423,euronics.it,it,top1000
20447,unimib.it,it,top1000
20528,redcare.it,it,top1000
20651,unimo.it,it,top1000
20655,fattoincasadabenedetta.it,it,top1000
20729,meteo.it,it,top1000
20784,lanuovasardegna.it,it,top1000
20946,regione.lombardia.it,it,top1000
20974,oasport.it,it,top1000
21090,lidl.it,it,top1000
21202,unige.it,it,top1000
21224,paginebianche.it,it,top1000
21231,calcionapoli24.it,it,top1000
21393,ibs.it,it,top1000
21411,edreams.it,it,top1000
21909,superguidatv.it,it,top1000
22109,camera.it,it,top1000
22233,meteolive.it,it,top1000
22385,deghi.it,it,top1000
22456,difesa.it,it,top1000
22588,unitn.it,it,top1000
22707,solitalian.it,it,top1000
22757,superenalotto.it,it,top1000
22799,mef.gov.it,it,top1000
22813,tombola.it,it,top1000
22817,mybrt.it,it,top1000
22949,lotto-italia.it,it,top1000
22991,mim.gov.it,it,top1000
23004,eutelia.it,it,top1000
23245,dyson.it,it,top1000
24403,agenziaentrateriscossione.gov.it,it,top1000
24456,helvetia.it,it,top1000
24521,iss.it,it,top1000
24862,pstmrk.it,it,top1000
24897,idcservices.it,it,top1000
24937,nic.it,it,top1000
24995,pinterest.it,it,top1000
25022,viaggiatreno.it,it,top1000
25105,enea.it,it,top1000
25212,ingv.it,it,top1000
25301,wittytv.it,it,top1000
25444,comune.roma.it,it,top1000
25667,melablog.it,it,top1000
25907,comozero.it,it,top1000
25945,giustizia.it,it,top1000
26237,unicatt.it,it,top1000
26395,preghiereperlafamiglia.it,it,top1000
26576,webme.it,it,top1000
26651,nexi.it,it,top1000
26705,sbn.it,it,top1000
26749,inaf.it,it,top1000
26855,normattiva.it,it,top1000
27697,wired.it,it,top1000
27824,istruzione.it,it,top1000
28046,unipa.it,it,top1000
28160,units.it,it,top1000
28163,agid.gov.it,it,top1000
28454,altroconsumo.it,it,top1000
28524,la7.it,it,top1000
28664,unipv.it,it,top1000
28936,eolo.it,it,top1000
28996,agi.it,it,top1000
29077,gelocal.it,it,top1000
29372,unipr.it,it,top1000
29630,lavoro.gov.it,it,top1000
29665,lepida.it,it,top1000
29695,unisa.it,it,top1000
29819,levanteprofbari.it,it,top1000
30419,unict.it,it,top1000
30720,avvenire.it,it,top1000
30844,sicurezzapostale.it,it,top1000
30954,bancaditalia.it,it,top1000
30983,chiesacattolica.it,it,top1000
31040,mymovies.it,it,top1000
31078,kataweb.it,it,top1000
31139,huffingtonpost.it,it,top1000
31443,garr.it,it,top1000
31479,iol.it,it,top1000
31627,infocamere.it,it,top1000
31655,bitcoin.it,it,top1000
31693,joom.it,it,top1000
32022,enel.it,it,top1000
32078,infocert.it,it,top1000
32113,gedidigital.it,it,top1000
32217,camcom.it,it,top1000
32277,mise.gov.it,it,top1000
32322,internazionale.it,it,top1000
32394,audible.it,it,top1000
32499,senato.it,it,top1000
32576,uniba.it,it,top1000
32756,libreriauniversitaria.it,it,top1000
32808,playnet.it,it,top1000
32915,ilmanifesto.it,it,top1000
32967,mitm.it,it,top1000
33290,airbnb.it,it,top1000
33524,hwupgrade.it,it,top1000
33698,ehiweb.it,it,top1000
33812,autostrade.it,it,top1000
33834,vivaticket.it,it,top1000
33879,adm.gov.it,it,top1000
34375,unica.it,it,top1000
34883,intred.it,it,top1000
34929,milanofinanza.it,it,top1000
34983,everyeye.it,it,top1000
35061,today.it,it,top1000
35224,forumfree.it,it,top1000
35577,liketoknow.it,it,top1000
35589,tuttocitta.it,it,top1000
35593,nintendo.it,it,top1000
35727,uniroma3.it,it,top1000
35850,affaritaliani.it,it,top1000
35971,inail.it,it,top1000
35988,unicredit.it,it,top1000
36159,unical.it,it,top1000
36618,unimore.it,it,top1000
36715,wind.it,it,top1000
37008,inter.it,it,top1000
37025,unieuro.it,it,top1000
37051,justeat.it,it,top1000
37073,mimit.gov.it,it,top1000
37084,uniud.it,it,top1000
37186,liberoquotidiano.it,it,top1000
37284,simplebooking.it,it,top1000
37607,adr.it,it,top1000
37652,twt.it,it,top1000
37791,quattroruote.it,it,top1000
37942,linkiesta.it,it,top1000
37945,kumbe.it,it,top1000
38025,focus.it,it,top1000
38034,sissa.it,it,top1000
38305,csi.it,it,top1000
38404,paddypower.it,it,top1000
38489,uffizi.it,it,top1000
38792,mynet.it,it,top1000
38863,interno.it,it,top1000
39028,inrim.it,it,top1000
39061,icecat.it,it,top1000
39146,unisi.it,it,top1000
39654,html.it,it,top1000
39805,zcom.it,it,top1000
39869,pec.it,it,top1000
40094,esselunga.it,it,top1000
40435,iltempo.it,it,top1000
40515,univr.it,it,top1000
40786,fondoambiente.it,it,top1000
40963,corriereobjects.it,it,top1000
41258,host-anycast.it,it,top1000
41394,doctolib.it,it,top1000
41512,univpm.it,it,top1000
41737,simplybook.it,it,top1000
41753,idealo.it,it,top1000
41821,gamberorosso.it,it,top1000
41843,greenme.it,it,top1000
41889,rcs.it,it,top1000
42130,micso.it,it,top1000
42230,betfair.it,it,top1000
42311,dispaccisforzeschi.it,it,top1000
42344,expedia.it,it,top1000
42549,ilsecoloxix.it,it,top1000
42675,deliveroo.it,it,top1000
42755,inputservice.it,it,top1000
42799,trivago.it,it,top1000
42942,medialibrary.it,it,top1000
43154,snb.it,it,top1000
43283,teleborsa.it,it,top1000
43302,tomshw.it,it,top1000
43469,input.ve.it,it,top1000
43554,istole.it,it,top1000
43573,unipg.it,it,top1000
43604,portaleargo.it,it,top1000
43664,thewom.it,it,top1000
43867,multiplayer.it,it,top1000
44313,iodonna.it,it,top1000
44315,aci.it,it,top1000
44436,quellogiusto.it,it,top1000
44534,ecodibergamo.it,it,top1000
44535,italiaonline.it,it,top1000
44637,nowtv.it,it,top1000
44672,windtre.it,it,top1000
44873,unife.it,it,top1000
44912,secoloditalia.it,it,top1000
45071,grazia.it,it,top1000
45119,adidas.it,it,top1000
45423,gse.it,it,top1000
45628,raiplaysound.it,it,top1000
45779,kpnqwest.it,it,top1000
45859,iltirreno.it,it,top1000
45965,panorama.it,it,top1000
46044,costacrociere.it,it,top1000
47009,fcinternews.it,it,top1000
47014,varesenews.it,it,top1000
47493,gettyimages.it,it,top1000
47552,lasicilia.it,it,top1000
47579,maggiolicloud.it,it,top1000
47639,auto-doc.it,it,top1000
47707,lacucinaitaliana.it,it,top1000
47726,lagazzettadelmezzogiorno.it,it,top1000
47904,trovacasa.it,it,top1000
48121,unibocconi.it,it,top1000
48144,colosseo.it,it,top1000
48219,alvolante.it,it,top1000
48272,gqitalia.it,it,top1000
48480,wrdns.it,it,top1000
48574,editorialedomani.it,it,top1000
49010,tin.it,it,top1000
49094,stileo.it,it,top1000
49111,mps.it,it,top1000
49498,bookingexpert.it,it,top1000
49512,manhattanshop.it,it,top1000
49577,mit.gov.it,it,top1000
49600,viamichelin.it,it,top1000
49806,gds.it,it,top1000
49860,conad.it,it,top1000
50005,facile.it,it,top1000
50585,placehold.it,it,top1000
50632,domusweb.it,it,top1000
50644,quotidianosanita.it,it,top1000
50757,cri.it,it,top1000
50787,salonemilano.it,it,top1000
50887,istruzione.gov.it,it,top1000
50911,mondadoristore.it,it,top1000
51348,ictp.it,it,top1000
51433,gardaland.it,it,top1000
51569,email.it,it,top1000
51608,asianews.it,it,top1000
51785,humanitas.it,it,top1000
51979,carrefour.it,it,top1000
52309,autosupermarket.it,it,top1000
52405,allianz.it,it,top1000
52450,geopop.it,it,top1000
52520,brt.it,it,top1000
53065,legaseriea.it,it,top1000
53113,studenti.it,it,top1000
53340,vevor.it,it,top1000
53418,ufficiocamerale.it,it,top1000
53580,rfi.it,it,top1000
53592,tuttocampo.it,it,top1000
53653,rollingstone.it,it,top1000
53789,unisalento.it,it,top1000
53806,stol.it,it,top1000
53841,bancobpm.it,it,top1000
53874,mvmnet.it,it,top1000
53958,larena.it,it,top1000
54022,echarme.it,it,top1000
54078,fiduciaweb.it,it,top1000
54081,promo.it,it,top1000
54510,moto.it,it,top1000
54607,bwin.it,it,top1000
54635,luiss.it,it,top1000
54673,zooplus.it,it,top1000
54729,gnv.it,it,top1000
54945,alamy.it,it,top1000
55003,generali.it,it,top1000
55037,pokerstars.it,it,top1000
55090,aranzulla.it,it,top1000
55105,giornaledibrescia.it,it,top1000
55137,bed-and-breakfast.it,it,top1000
55191,unime.it,it,top1000
55200,acquistinretepa.it,it,top1000
55478,gioiapura.it,it,top1000
55729,sephora.it,it,top1000
55792,spin.it,it,top1000
55996,ovs.it,it,top1000
56065,corriereadriatico.it,it,top1000
56239,zalando-prive.it,it,top1000
56287,coggle.it,it,top1000
56331,thefork.it,it,top1000
56484,notino.it,it,top1000
56747,randstad.it,it,top1000
56915,fidal.it,it,top1000
57066,dday.it,it,top1000
57127,fattureincloud.it,it,top1000
57227,deporvillage.it,it,top1000
57468,nencinisport.it,it,top1000
57695,judobeppevismara.it,it,top1000
57888,dilei.it,it,top1000
58054,unibz.it,it,top1000
58269,flashscore.it,it,top1000
58304,octopusenergy.it,it,top1000
58369,movieplayer.it,it,top1000
58382,hoepli.it,it,top1000
58739,ad-italia.it,it,top1000
58938,anticorruzione.it,it,top1000
59234,bergamonews.it,it,top1000
59466,inpa.gov.it,it,top1000
59477,quirinale.it,it,top1000
59626,smartworld.it,it,top1000
59657,suedtirolnews.it,it,top1000
59659,binged.it,it,top1000
59786,backmarket.it,it,top1000
59805,farmasave.it,it,top1000
59850,tnx.it,it,top1000
59910,erickson.it,it,top1000
60041,ilgiornaledivicenza.it,it,top1000
60207,comperio.it,it,top1000
60316,gazzettadiparma.it,it,top1000
60351,palermotoday.it,it,top1000
60704,ticketmaster.it,it,top1000
61259,888casino.it,it,top1000
61261,btcblack.it,it,top1000
61318,intercom.it,it,top1000
61352,clubalfa.it,it,top1000
61355,kiabi.it,it,top1000
61460,pinalli.it,it,top1000
61565,impresainungiorno.gov.it,it,top1000
61632,ladige.it,it,top1000
61674,gymbeam.it,it,top1000
61782,napolitoday.it,it,top1000
61842,targatocn.it,it,top1000
61894,axera.it,it,top1000
62163,giocodigitale.it,it,top1000
62211,drezzy.it,it,top1000
62590,vidaxl.it,it,top1000
62781,restaurantguru.it,it,top1000
62840,sella.it,it,top1000
62882,panini.it,it,top1000
63097,thelocal.it,it,top1000
63232,credem.it,it,top1000
63396,marieclaire.it,it,top1000
63408,tecnicadellascuola.it,it,top1000
63541,intrend.it,it,top1000
63678,bolognatoday.it,it,top1000
63702,automoto.it,it,top1000
63791,oggi.it,it,top1000
63829,spiagge.it,it,top1000
64047,flixbus.it,it,top1000
64049,torinotoday.it,it,top1000
64106,bergfex.it,it,top1000
64269,frasicelebri.it,it,top1000
64322,fiat.it,it,top1000
64572,laprovinciadicomo.it,it,top1000
64596,nikonclub.it,it,top1000
64692,drmax.it,it,top1000
64867,eprice.it,it,top1000
65084,alpitour.it,it,top1000
65122,aosom.it,it,top1000
65220,webnews.it,it,top1000
65285,iototoi.it,it,top1000
65451,mcdonalds.it,it,top1000
65466,livesicilia.it,it,top1000
65556,laprovinciacr.it,it,top1000
65681,uniecampus.it,it,top1000
65755,ralphlauren.it,it,top1000
65764,vincitu.it,it,top1000
65774,formulapassion.it,it,top1000
65810,quotidianodipuglia.it,it,top1000
65867,repstatic.it,it,top1000
65912,jdsports.it,it,top1000
65958,chrono24.it,it,top1000
65969,cookist.it,it,top1000
66041,veneziatoday.it,it,top1000
66048,pokemoncentral.it,it,top1000
66172,mur.gov.it,it,top1000
66307,primocanale.it,it,top1000
66343,dlvr.it,it,top1000
66546,yobee.it,it,top1000
66753,madisoft.it,it,top1000
66878,interac.it,it,top1000
66887,asem.it,it,top1000
66940,uniurb.it,it,top1000
66944,ivg.it,it,top1000
67009,deejay.it,it,top1000
67090,hostingperte.it,it,top1000
67191,isprambiente.gov.it,it,top1000
67254,kayak.it,it,top1000
67267,laredoute.it,it,top1000
67308,sns.it,it,top1000
67371,admiralbet.it,it,top1000
67381,trevisotoday.it,it,top1000
67501,infuturo.it,it,top1000
67539,tecnocasa.it,it,top1000
67691,newbalance.it,it,top1000
67818,starvegas.it,it,top1000
67867,unilibro.it,it,top1000
67964,cisalfasport.it,it,top1000
68043,amica.it,it,top1000
68197,padovaoggi.it,it,top1000
68247,douglas.it,it,top1000
68320,oraridiapertura24.it,it,top1000
68322,liberta.it,it,top1000
68327,trony.it,it,top1000
68350,agonet.it,it,top1000
68489,filmtv.it,it,top1000
68552,forbes.it,it,top1000
68608,obi-italia.it,it,top1000
68642,repl.it,it,top1000
68701,posteitaliane.it,it,top1000
68794,mecshopping.it,it,top1000
68828,corrieredellacalabria.it,it,top1000
68858,traghettilines.it,it,top1000
69019,automobile.it,it,top1000
69028,ilcentro.it,it,top1000
69067,miur.gov.it,it,top1000
69171,expert.it,it,top1000
69193,firenzetoday.it,it,top1000
69236,farmaciasoccavo.it,it,top1000
69245,cucchiaio.it,it,top1000
69362,soldionline.it,it,top1000
69591,sportbet.it,it,top1000
69715,storicang.it,it,top1000
69717,wheelup.it,it,top1000
69784,tangoo.it,it,top1000
69792,cronachemaceratesi.it,it,top1000
69793,eurospin.it,it,top1000
69796,iit.it,it,top1000
69887,torinocronaca.it,it,top1000
69956,msccrociere.it,it,top1000
70128,toyota.it,it,top1000
70170,lnd.it,it,top1000
70212,betpoint.it,it,top1000
70333,farmacosmo.it,it,top1000
70522,flip.it,it,top1000
70661,genovatoday.it,it,top1000
70857,santagostino.it,it,top1000
70883,turismoroma.it,it,top1000
70899,tellows.it,it,top1000
70913,laroma24.it,it,top1000
70988,protezionecivile.gov.it,it,top1000
71019,bresciatoday.it,it,top1000
71049,ottopagine.it,it,top1000
71057,ispionline.it,it,top1000
71061,sian.it,it,top1000
71063,gulliver.it,it,top1000
71065,1000farmacie.it,it,top1000
71077,betsson.it,it,top1000
71238,insella.it,it,top1000
71251,veronasera.it,it,top1000
71338,comet.it,it,top1000
71450,lecceprima.it,it,top1000
71483,toyscenter.it,it,top1000
71560,corriereromagna.it,it,top1000
71621,omeganet.it,it,top1000
71730,leggimenu.it,it,top1000
71835,freedome.it,it,top1000
71905,figc.it,it,top1000
71944,cataniatoday.it,it,top1000
72038,nostrofiglio.it,it,top1000
72135,regdom.it,it,top1000
72140,footlocker.it,it,top1000
72181,lalaziosiamonoi.it,it,top1000
72287,ucicinemas.it,it,top1000
72311,domusbet.it,it,top1000
72328,punto-informatico.it,it,top1000
72560,bmw.it,it,top1000
72625,carpisa.it,it,top1000
72776,sismetenergy.it,it,top1000
72803,agcm.it,it,top1000
72814,bestmovie.it,it,top1000
72998,thomann.it,it,top1000
73053,thespacecinema.it,it,top1000
73278,ilcittadino.it,it,top1000
73332,riminitoday.it,it,top1000
73333,piccoletrasgressioni.it,it,top1000
73365,logitravel.it,it,top1000
73398,quigioco.it,it,top1000
73435,modenatoday.it,it,top1000
73450,doveconviene.it,it,top1000
73524,fragrantica.it,it,top1000
73535,giornalelavoce.it,it,top1000
73545,tp24.it,it,top1000
73732,baritoday.it,it,top1000
73753,centrofisioterapicofisiocenter.it,it,top1000
73790,directservices.it,it,top1000
73811,hbagency.it,it,top1000
73843,libreriamo.it,it,top1000
73849,ilpiacenza.it,it,top1000
73888,hrzucchetti.it,it,top1000
73974,perugiatoday.it,it,top1000
73979,unisalute.it,it,top1000
74028,aostasera.it,it,top1000
74032,fitp.it,it,top1000
74070,pianetamilan.it,it,top1000
74091,cup24.it,it,top1000
74131,gazzettaobjects.it,it,top1000
74162,ilpiccolo.it,it,top1000
74187,prima.it,it,top1000
74289,laprovinciaunicatv.it,it,top1000
74326,foggiatoday.it,it,top1000
74331,wuerth.it,it,top1000
74332,messaggeroveneto.it,it,top1000
74352,radio-italiane.it,it,top1000
74353,partner-viessmann.it,it,top1000
74420,mondoconv.it,it,top1000
74432,informazionefiscale.it,it,top1000
74449,areanapoli.it,it,top1000
74548,mdspa.it,it,top1000
74591,prealpina.it,it,top1000
74680,triesteprima.it,it,top1000
74809,brindisireport.it,it,top1000
74814,serverlet.it,it,top1000
74835,arcaplanet.it,it,top1000
74851,arezzonotizie.it,it,top1000
74906,legalblink.it,it,top1000
75095,canevaworld.it,it,top1000
75157,hdmotori.it,it,top1000
75365,radioradicale.it,it,top1000
75383,istruzionepiemonte.it,it,top1000
75416,trovit.it,it,top1000
75685,agrigentonotizie.it,it,top1000
75773,forlitoday.it,it,top1000
75795,promoqui.it,it,top1000
75830,spid.gov.it,it,top1000
75844,ilpescara.it,it,top1000
75881,tempostretto.it,it,top1000
75924,salernotoday.it,it,top1000
75934,chicco.it,it,top1000
75976,avvocatoandreani.it,it,top1000
75994,udinetoday.it,it,top1000
76100,ilnapolista.it,it,top1000
76137,vatlib.it,it,top1000
76404,slope.it,it,top1000
76460,rcsobjects.it,it,top1000
76570,monzatoday.it,it,top1000
76614,ravennatoday.it,it,top1000
76850,anconatoday.it,it,top1000
76880,cotralspa.it,it,top1000
76930,itabus.it,it,top1000
76989,edenviaggi.it,it,top1000
77033,mattinopadova.it,it,top1000
77116,vicenzatoday.it,it,top1000
77126,daznbet.it,it,top1000
77141,newsbiella.it,it,top1000
77150,bricocenter.it,it,top1000
77162,tv8.it,it,top1000
77176,turistipercaso.it,it,top1000
77301,webnode.it,it,top1000
77347,rockol.it,it,top1000
77359,grupposandonato.it,it,top1000
77414,castedduonline.it,it,top1000
77504,tuttobiciweb.it,it,top1000
77520,iperceramica.it,it,top1000
77534,polesine24.it,it,top1000
77760,quicomo.it,it,top1000
77781,firenzeviola.it,it,top1000
77860,bonprix.it,it,top1000
77957,michaelkors.it,it,top1000
77969,ford.it,it,top1000
78113,fansale.it,it,top1000
78121,inpost.it,it,top1000
78155,fascicolo-sanitario.it,it,top1000
78237,sanita.puglia.it,it,top1000
78243,xtsystem.it,it,top1000
78295,metooo.it,it,top1000
78401,casertanews.it,it,top1000
78510,livetennis.it,it,top1000
78690,cesenatoday.it,it,top1000
78780,netwin.it,it,top1000
78842,f95zone.to.it,it,top1000
78956,chietitoday.it,it,top1000
79003,qdpnews.it,it,top1000
79010,ilfattoalimentare.it,it,top1000
79167,univaq.it,it,top1000
79225,parlamento.it,it,top1000
79339,accordiespartiti.it,it,top1000
79405,gazzettadimodena.it,it,top1000
79415,prezzoforte.it,it,top1000
79459,mylotteriesplay.it,it,top1000
79549,meteoeradar.it,it,top1000
79662,vetinfo.it,it,top1000
79848,canaledieci.it,it,top1000
79854,webboh.it,it,top1000
79903,staryes.it,it,top1000
79932,agcom.it,it,top1000
79957,bgame.it,it,top1000
79974,catanzaroinforma.it,it,top1000
80065,nestoria.it,it,top1000
80181,vocegiallorossa.it,it,top1000
80208,bitdefender.it,it,top1000
80251,giochi24.it,it,top1000
80274,tavolartegusto.it,it,top1000
80341,ohga.it,it,top1000
80346,day.it,it,top1000
80585,ergonet-dns.it,it,top1000
80620,ovoko.it,it,top1000
80891,money.it,it,top1000
80939,milanocittastato.it,it,top1000
80979,im-cdn.it,it,top1000
81253,buonasera24.it,it,top1000
81755,mitula.it,it,top1000
81757,lametino.it,it,top1000
81804,agriaffaires.it,it,top1000
81895,unionemonregalese.it,it,top1000
81936,vente-unique.it,it,top1000
82119,voyage-prive.it,it,top1000
82388,betpassion.it,it,top1000
82437,iltquotidiano.it,it,top1000
82539,piratinviaggio.it,it,top1000
82842,bper.it,it,top1000
82933,parks.it,it,top1000
82994,welcomeitalia.it,it,top1000
82998,livornotoday.it,it,top1000
83133,masaf.gov.it,it,top1000
83167,unich.it,it,top1000
83369,coni.it,it,top1000
83545,lesacoutlet.it,it,top1000
83956,unimc.it,it,top1000
84305,hometogo.it,it,top1000
84307,clyp.it,it,top1000
84322,fastbet.it,it,top1000
84346,idrove.it,it,top1000
84610,jysk.it,it,top1000
84700,beliani.it,it,top1000
84781,starbene.it,it,top1000
84786,bakeca.it,it,top1000
84908,fascicolosanitario.gov.it,it,top1000
84931,osmer.fvg.it,it,top1000
84964,regione.lazio.it,it,top1000
85229,viaggiaresicuri.it,it,top1000
85254,soniaperonaci.it,it,top1000
85277,er-go.it,it,top1000
85522,sieltecloud.it,it,top1000
85920,kaufland.it,it,top1000
86007,tuttolavoro24.it,it,top1000
86140,inet-services.it,it,top1000
86173,armiusate.it,it,top1000
86345,toptransitalia.it,it,top1000
86374,unibg.it,it,top1000
86404,gioconews.it,it,top1000
86486,segavideo.it,it,top1000
86509,trauerhilfe.it,it,top1000
86568,urbi.it,it,top1000
86670,volantinofacile.it,it,top1000
86729,nabook.it,it,top1000
86750,testcisia.it,it,top1000
86853,quifinanza.it,it,top1000
86903,mase.gov.it,it,top1000
87009,viaggiavventurenelmondo.it,it,top1000
87113,sardegnaturismo.it,it,top1000
87137,df-sportspecialist.it,it,top1000
87191,relaxbanking.it,it,top1000
87531,arpa.veneto.it,it,top1000
87552,merateonline.it,it,top1000
87622,carabinieri.it,it,top1000
88232,nunalie.it,it,top1000
88389,webdpc.it,it,top1000
88426,caseinvenditainaffitto.it,it,top1000
88448,santannapisa.it,it,top1000
88680,kutt.it,it,top1000
88740,gtt.to.it,it,top1000
88797,invitalia.it,it,top1000
88813,unibs.it,it,top1000
88961,businessonline.it,it,top1000
88979,questaseratv.it,it,top1000
89094,sscnapoli.it,it,top1000
89334,interfree.it,it,top1000
89523,portavolantino.it,it,top1000
89540,spaziogames.it,it,top1000
89582,metro.it,it,top1000
89646,mclink.it,it,top1000
89730,trenord.it,it,top1000
89798,unipolgf.it,it,top1000
89841,eroticiracconti.it,it,top1000
90031,lamma.toscana.it,it,top1000
90225,happycasastore.it,it,top1000
90344,spunteblu.it,it,top1000
90382,casapappagallo.it,it,top1000
90621,iolam.it,it,top1000
91108,vitacasalese.it,it,top1000
91232,piuricette.it,it,top1000
91337,www.altoadige.it,it,top1000
91399,cassaforense.it,it,top1000
91539,estrazionedellotto.it,it,top1000
91755,dominiok.it,it,top1000
92018,1001giochi.it,it,top1000
92021,10elotto5.it,it,top1000
92474,ciclamino.it,it,top1000
92507,confrontotop.it,it,top1000
92538,cupweb.it,it,top1000
92857,gaet.it,it,top1000
92943,gruppomegamark.it,it,top1000
93057,ilcommiato.it,it,top1000
93838,poweredbytombola.it,it,top1000
93854,promotorifinecobank.it,it,top1000
94290,tecnomovie.it,it,top1000
94382,trueriders.it,it,top1000
94769,trovacd.it,it,top1000
94950,cookidoo.it,it,top1000
95038,regione.fvg.it,it,top1000
95085,airc.it,it,top1000
95253,linux.it,it,top1000
95278,jrc.it,it,top1000
95534,rcsmetrics.it,it,top1000
95746,leccotoday.it,it,top1000
96013,calvinklein.it,it,top1000
96225,wifi4all.it,it,top1000
96364,sistemapiemonte.it,it,top1000
96471,trentotoday.it,it,top1000
96510,williamhill.it,it,top1000
96531,fermiliceobrindisi.it,it,top1000
96681,fkofficial.it,it,top1000
96844,skechers.it,it,top1000
96886,legambiente.it,it,top1000
97016,unicam.it,it,top1000
97020,concorsando.it,it,top1000
97117,sprintesport.it,it,top1000
97350,registroimprese.it,it,top1000
97427,heatmap.it,it,top1000
97435,liketk.it,it,top1000
97442,plug.it,it,top1000
97520,fallcoaste.it,it,top1000
97630,petitchef.it,it,top1000
97631,sardegnasalute.it,it,top1000
97697,akwam.it,it,top1000
97718,minambiente.it,it,top1000
97763,gazzettadelsud.it,it,top1000
97909,omitech.it,it,top1000
98217,dragonfru.it,it,top1000
98246,legalmail.it,it,top1000
98284,fallcoweb.it,it,top1000
98453,glassdoor.it,it,top1000
98544,trenitalia.it,it,top1000
98640,remot3.it,it,top1000
98683,alien8.it,it,top1000
98775,ice.it,it,top1000
98889,dominiando.it,it,top1000
98924,askanews.it,it,top1000
99057,unitus.it,it,top1000
99103,mytnt.it,it,top1000
99234,leddiretto.it,it,top1000
99424,thegamesmachine.it,it,top1000
99500,consultingweb.it,it,top1000
99557,infotn.it,it,top1000
99691,microbiologiaitalia.it,it,top1000
99971,atm.it,it,top1000
100146,federbocce.it,it,top1000
100239,ndns.it,it,top1000
100247,unonet.it,it,top1000
100332,visitmuve.it,it,top1000
100364,igieco.it,it,top1000
100445,informazione.it,it,top1000
100692,doxa.it,it,top1000
100872,inet2.it,it,top1000
101164,fastmedia.it,it,top1000
101348,eunews.it,it,top1000
101541,dltviaggi.it,it,top1000
101678,unipol.it,it,top1000
101853,starcasino.it,it,top1000
102051,penteres.it,it,top1000
102096,consob.it,it,top1000
102105,myinfinityportal.it,it,top1000
102120,kumbedev.it,it,top1000
102209,audirsclub.it,it,top1000
102377,unicampania.it,it,top1000
102378,innova.puglia.it,it,top1000
102422,sssup.it,it,top1000
102451,my3cx.it,it,top1000
102653,giponext.it,it,top1000
102863,unipolservice.it,it,top1000
102899,btitalia.it,it,top1000
103040,uni.it,it,top1000
103128,enter.it,it,top1000
103291,agosweb.it,it,top1000
103426,congruitanazionale.it,it,top1000
103508,fatturaelettronica.pa.it,it,top1000
103580,ilportaledeltrasporto.it,it,top1000
103788,osyscrm.it,it,top1000
103834,promekevolution.it,it,top1000
103928,smartvet.it,it,top1000
104310,labottegadinonnavittoria.it,it,top1000
104322,paginesi.it,it,top1000
104686,ionos.it,it,top1000
104836,annuncigratuititalia.it,it,top1000
104922,uninsubria.it,it,top1000
104953,powned.it,it,top1000
104988,fieramilano.it,it,top1000
104999,macrolibrarsi.it,it,top1000
105233,notariato.it,it,top1000
105294,aifa.gov.it,it,top1000
105338,italiaoggi.it,it,top1000
105421,lovevda.it,it,top1000
105536,comunemilano.it,it,top1000
105692,arubabusiness.it,it,top1000
106143,191.it,it,top1000
106146,marionnaud.it,it,top1000
106307,gedi.it,it,top1000
106444,vwfs.it,it,top1000
106511,prontoprofessionista.it,it,top1000
106609,wineshop.it,it,top1000
106648,zalando-lounge.it,it,top1000
106728,4rgos.it,it,top1000
106870,sbito.it,it,top1000
107150,netbet.it,it,top1000
107182,wwf.it,it,top1000
107208,transfer.it,it,top1000
107216,capitanstock.it,it,top1000
107335,snet.it,it,top1000
107355,explora-service.it,it,top1000
108109,ticdn.it,it,top1000
108225,francoangeli.it,it,top1000
108536,aliceposta.it,it,top1000
108694,earthquakenetwork.it,it,top1000
108789,cybrary.it,it,top1000
108990,leonet.it,it,top1000
109075,730inrete.it,it,top1000
109909,websolutions.it,it,top1000
109954,tranquil.it,it,top1000
110028,wineuropa.it,it,top1000
110426,forpsi.it,it,top1000
110540,animeclick.it,it,top1000
110542,famigliacristiana.it,it,top1000
110622,milestone.it,it,top1000
111256,resmush.it,it,top1000
111418,illibraio.it,it,top1000
111513,arera.it,it,top1000
111634,regione.veneto.it,it,top1000
111635,kashmiriafashion.it,it,top1000
111641,arubapec.it,it,top1000
112133,ilgiardinodialisia.it,it,top1000
113068,shiny.it,it,top1000
113434,servizirl.it,it,top1000
113509,inrete.it,it,top1000
113521,supereva.it,it,top1000
113550,mclink-net.it,it,top1000
113717,snam.it,it,top1000
113751,pegasus.it,it,top1000
113773,termometropolitico.it,it,top1000
113844,rinascente.it,it,top1000
114330,vita.it,it,top1000
114396,webprato.it,it,top1000
114469,rds.it,it,top1000
114661,coldiretti.it,it,top1000
114824,spartoo.it,it,top1000
115027,slowfood.it,it,top1000
115163,autoblog.it,it,top1000
115373,nationalgeographic.it,it,top1000
115389,savethechildren.it,it,top1000
115421,chiesadimilano.it,it,top1000
115513,arte.it,it,top1000
115551,blancobeachbar.it,it,top1000
115675,agenturserver.it,it,top1000
116001,meetic.it,it,top1000
116026,italotreno.it,it,top1000
116127,softres.it,it,top1000
116143,veneziaairport.it,it,top1000
116226,camcom.gov.it,it,top1000
116621,olivarasorrento.it,it,top1000
116674,ilriformista.it,it,top1000
116755,badtaste.it,it,top1000
117042,moliselavoro.it,it,top1000
117043,invallee.it,it,top1000
117060,netkom.it,it,top1000
117199,scabec.it,it,top1000
117791,neomedia.it,it,top1000
117837,tostadora.it,it,top1000
117846,zanichelli.it,it,top1000
118091,prontopro.it,it,top1000
118236,pointel.it,it,top1000
118411,stbm.it,it,top1000
118678,uplay.it,it,top1000
118820,mercateo.it,it,top1000
118913,panservice.it,it,top1000
119010,eng-mo.it,it,top1000
119663,regione.marche.it,it,random1000
119713,cibotoday.it,it,random1000
120220,ondarock.it,it,random1000
120273,uniid.it,it,random1000
120725,unimaticaspa.it,it,random1000
124157,mercatinoorologi.it,it,random1000
127783,easynet.it,it,random1000
130916,sanremonews.it,it,random1000
131099,carlobertani.it,it,random1000
132572,farmacialoreto.it,it,random1000
132710,giustizia-amministrativa.it,it,random1000
133449,postecert.it,it,random1000
133541,egeaonline.it,it,random1000
133714,unicef.it,it,random1000
135022,arena.it,it,random1000
135482,progettomodi.it,it,random1000
136150,federvolley.it,it,random1000
136238,corrierecomunicazioni.it,it,random1000
139107,e2net.it,it,random1000
139250,lavazza.it,it,random1000
140236,apunto.it,it,random1000
142056,corrieresalentino.it,it,random1000
142586,surfcorner.it,it,random1000
144348,gommadiretto.it,it,random1000
144775,betitaly.it,it,random1000
146328,davidemaggio.it,it,random1000
151620,q8.it,it,random1000
152110,volkswagen.it,it,random1000
152166,confindustria.it,it,random1000
153181,museogalileo.it,it,random1000
157954,unior.it,it,random1000
159930,luccaindiretta.it,it,random1000
160159,inbank.it,it,random1000
160516,dm-drogeriemarkt.it,it,random1000
161001,negozipellizzari.it,it,random1000
161687,sele.it,it,random1000
163214,momondo.it,it,random1000
163310,agorascienza.it,it,random1000
163926,nicolaporro.it,it,random1000
165960,soon.it,it,random1000
166684,primabergamo.it,it,random1000
166932,mygiftcard.it,it,random1000
167510,emergency.it,it,random1000
170463,neorb.it,it,random1000
172666,torinogranata.it,it,random1000
173027,ristorantemarenostro.it,it,random1000
174778,lavocedeltrentino.it,it,random1000
174984,seac.it,it,random1000
175770,mcz.it,it,random1000
176638,umbriaon.it,it,random1000
176864,censis.it,it,random1000
177458,mcube.it,it,random1000
178110,corrierealpi.it,it,random1000
178825,giunti.it,it,random1000
180773,cuneodice.it,it,random1000
183556,zonalocale.it,it,random1000
190029,cittametropolitana.bo.it,it,random1000
190491,ilvibonese.it,it,random1000
190790,imtlucca.it,it,random1000
191441,accredia.it,it,random1000
191834,bancasai.it,it,random1000
192234,videoitaliaproduction.it,it,random1000
193233,tol.it,it,random1000
199462,zuiki.it,it,random1000
199887,eurojackpot.it,it,random1000
201662,pordenonetoday.it,it,random1000
202118,viaggiando-italia.it,it,random1000
202187,terrarata.it,it,random1000
202604,clubdoria46.it,it,random1000
202865,burgerking.it,it,random1000
203850,milanvibes.it,it,random1000
204234,argoeditrice.it,it,random1000
208906,certastampa.it,it,random1000
209499,vallesabbianews.it,it,random1000
209666,emme.it,it,random1000
212519,microinnesti.it,it,random1000
214369,cottonsilk.it,it,random1000
216222,massaggiamilano.it,it,random1000
218872,yvesrochervenditadiretta.it,it,random1000
220723,campsirago.it,it,random1000
221139,telnetwork.it,it,random1000
221427,retailwatch.it,it,random1000
222458,sportal.it,it,random1000
223762,libristo.it,it,random1000
225263,cool-agency.it,it,random1000
225749,rockit.it,it,random1000
226104,quantik.it,it,random1000
228992,lanuovabq.it,it,random1000
231571,lamoleancona.it,it,random1000
237107,nico.it,it,random1000
241625,reptileshouse.it,it,random1000
244883,nutrizionistasantini.it,it,random1000
247056,valigiablu.it,it,random1000
247411,itopen.it,it,random1000
248706,pininfarina.it,it,random1000
248877,ancestry.it,it,random1000
252008,edasitalia.it,it,random1000
252838,antinori.it,it,random1000
252865,e-pal.it,it,random1000
255104,mediamond.it,it,random1000
256974,sdppoliziadistato.it,it,random1000
260709,rizzolilibri.it,it,random1000
261034,dbnet.it,it,random1000
262191,agriturismi.it,it,random1000
262321,intendo.it,it,random1000
265929,mimmu.it,it,random1000
268332,metamc.it,it,random1000
268374,trevisoairport.it,it,random1000
269528,unicz.it,it,random1000
272979,enotecatelaro.it,it,random1000
280567,gizchina.it,it,random1000
283208,z80.it,it,random1000
284608,naturitas.it,it,random1000
284935,sanlucamilano.it,it,random1000
285614,westwing.it,it,random1000
286441,edison.it,it,random1000
288911,roterhahn.it,it,random1000
289502,serverwl.it,it,random1000
290476,seletti.it,it,random1000
291229,eyof2023.it,it,random1000
293130,asmenet.it,it,random1000
293254,comid.it,it,random1000
294576,tvio.it,it,random1000
294777,universalmusic.it,it,random1000
298362,istitutorandom.it,it,random1000
299225,paginemediche.it,it,random1000
302701,tecnoalarm.it,it,random1000
303535,lavenaria.it,it,random1000
308226,bikeitalia.it,it,random1000
309358,procne.it,it,random1000
311135,shopk.it,it,random1000
311729,psicologiafamiliare.it,it,random1000
312762,vaips.it,it,random1000
315039,excite.it,it,random1000
315149,unsplash.it,it,random1000
315310,avisautonoleggio.it,it,random1000
315409,evinz.it,it,random1000
315839,osservatoriomalattierare.it,it,random1000
316531,jalisco.it,it,random1000
317230,carapina.it,it,random1000
317418,istitutosalvemini.it,it,random1000
318774,mini.it,it,random1000
318898,disney.it,it,random1000
319754,tomassone.it,it,random1000
319937,trauttmansdorff.it,it,random1000
320170,ferrovie.it,it,random1000
321500,filmscoop.it,it,random1000
323998,visiondirect.it,it,random1000
325348,linear.it,it,random1000
325659,demeglio.it,it,random1000
327841,terre.it,it,random1000
331367,armada.it,it,random1000
331598,steinershopping.it,it,random1000
331682,webcare.it,it,random1000
333279,sardiniapost.it,it,random1000
333347,vesuviolive.it,it,random1000
335308,comicsbox.it,it,random1000
337038,bike24.it,it,random1000
337388,blockcast.it,it,random1000
340175,librerialesmots.it,it,random1000
344147,marazzi.it,it,random1000
344531,scout.it,it,random1000
349090,fsbusitalia.it,it,random1000
349665,triesteairport.it,it,random1000
350321,abcfoodservice.it,it,random1000
350448,copernicomilano.it,it,random1000
350608,ediscounts.it,it,random1000
351898,tecnichenuove.it,it,random1000
357903,hiho.it,it,random1000
359538,partyshop.it,it,random1000
360064,makeup.it,it,random1000
363357,pollomonteverde.it,it,random1000
364229,datingrecensore.it,it,random1000
365442,myvdc.it,it,random1000
367839,barca-a-vela.it,it,random1000
368389,eima.it,it,random1000
369255,federmoto.it,it,random1000
370684,italdesign.it,it,random1000
372153,majoranamaitani.edu.it,it,random1000
374495,galada.it,it,random1000
376186,tiffany.it,it,random1000
377420,giardiniblog.it,it,random1000
378179,mbe.it,it,random1000
382727,reggiochildren.it,it,random1000
384052,anisearch.it,it,random1000
385501,bsmart.it,it,random1000
386607,velux.it,it,random1000
386666,flashgames.it,it,random1000
386918,2night.it,it,random1000
387353,scenarieconomici.it,it,random1000
387949,aviamasters.it,it,random1000
388069,rosannamarziale.it,it,random1000
389189,hostariaducale.it,it,random1000
390365,teatrocrest.it,it,random1000
393253,desiderya.it,it,random1000
393613,galserrecalabresi.it,it,random1000
393717,itineraristradali.it,it,random1000
394618,infoelba.it,it,random1000
395724,insalutenews.it,it,random1000
396932,palazzochigi.it,it,random1000
397315,valtellinaoutdoor.it,it,random1000
397888,smartbetwin.it,it,random1000
399726,firebet.it,it,random1000
399917,parfimo.it,it,random1000
400604,irccs-sangerardo.it,it,random1000
400715,ziopietro.it,it,random1000
406107,parajumpers.it,it,random1000
406786,cinecittaworld.it,it,random1000
409218,hellotickets.it,it,random1000
412909,dabcs.it,it,random1000
413502,astebolaffi.it,it,random1000
414204,reggiotv.it,it,random1000
414393,start2000.it,it,random1000
414664,greanet.it,it,random1000
415054,datev.it,it,random1000
416881,volksbank.it,it,random1000
418854,lefebvregiuffre.it,it,random1000
419352,confesercenti.it,it,random1000
419485,difesapopolo.it,it,random1000
420725,dolcimomentidesign.it,it,random1000
420918,cicloweb.it,it,random1000
421745,abbvie.it,it,random1000
422166,odontoiatricabaldassarre.it,it,random1000
424189,giardinaggio.it,it,random1000
425652,officine.it,it,random1000
427372,radiobruno.it,it,random1000
428292,chicken-road-2-recensioni.it,it,random1000
428690,controcampus.it,it,random1000
430057,sigep.it,it,random1000
431678,forzatempi.it,it,random1000
432390,viverepesaro.it,it,random1000
433139,regione.liguria.it,it,random1000
435520,aimac.it,it,random1000
437238,messinaline.it,it,random1000
437241,mediagol.it,it,random1000
441171,wimore.it,it,random1000
443508,lordgioielli.it,it,random1000
444496,joomla.it,it,random1000
445923,biccy.it,it,random1000
447864,edenexit.it,it,random1000
447891,mediaoncloud.it,it,random1000
452948,lionshome.it,it,random1000
453088,edises.it,it,random1000
453906,tripod.it,it,random1000
454971,hotelpeccioli.it,it,random1000
457531,digitrend.it,it,random1000
458056,topbeauty.it,it,random1000
460311,clickforshop.it,it,random1000
460362,agri-italia.it,it,random1000
461721,apistore.it,it,random1000
463018,levantenews.it,it,random1000
464031,drivek.it,it,random1000
464330,leoneshoes.it,it,random1000
465893,rentola.it,it,random1000
467990,unitelmasapienza.it,it,random1000
469383,civilianext.it,it,random1000
472094,viverefano.it,it,random1000
472707,jsc15.it,it,random1000
474438,dacarelli.it,it,random1000
474991,ordinepsicologilazio.it,it,random1000
475722,brianzabiblioteche.it,it,random1000
475864,riverbridgecircle.it,it,random1000
476987,agenpress.it,it,random1000
479006,megaoffice.it,it,random1000
480142,blueplus.it,it,random1000
484865,hyperhouse.it,it,random1000
485085,binews.it,it,random1000
487405,colorsoutlet.it,it,random1000
488155,conocchialidasole.it,it,random1000
489767,nominadns.it,it,random1000
490767,bluestation.it,it,random1000
492492,swiftacetrack.it,it,random1000
492711,provatuffodiretto.it,it,random1000
492960,pureworkschoice.it,it,random1000
493225,it-d.it,it,random1000
493443,blueedgesource.it,it,random1000
495401,tuonorivista.it,it,random1000
495948,marcapiumamaterassi.it,it,random1000
496156,fusionbetcircle.it,it,random1000
496340,northviewslot.it,it,random1000
497000,unvis.it,it,random1000
497205,orizzonteshop.it,it,random1000
497736,piscinadellerose.it,it,random1000
498548,bluetrackview.it,it,random1000
498911,horizonsourcezone.it,it,random1000
499585,terninrete.it,it,random1000
500497,lampada.it,it,random1000
501315,stonebaseguide.it,it,random1000
501825,drminformatica.it,it,random1000
502952,fas.it,it,random1000
503450,forestwheel.it,it,random1000
503855,noblewincorner.it,it,random1000
504889,nextbingoarena.it,it,random1000
505348,dailyarenaspin.it,it,random1000
505645,craftfield.it,it,random1000
505655,alanews.it,it,random1000
506411,stonedrive.it,it,random1000
509091,rapidplay.it,it,random1000
509370,icron.it,it,random1000
510171,mercurio.it,it,random1000
510200,noblenestplay.it,it,random1000
511002,autorola.it,it,random1000
511368,aliaestra.it,it,random1000
511794,fioccashoes.it,it,random1000
512034,opel.it,it,random1000
512171,sanoma.it,it,random1000
512687,adultivicini.it,it,random1000
512832,bears-with-benefits.it,it,random1000
514452,ust.fi.it,it,random1000
514519,weightworld.it,it,random1000
515581,saketos.it,it,random1000
516125,rocketluckyline.it,it,random1000
517294,visionchoice.it,it,random1000
517317,freshhouselab.it,it,random1000
517507,nextvegas.it,it,random1000
519185,southbetwheel.it,it,random1000
519455,meridionews.it,it,random1000
520005,greenslotworks.it,it,random1000
520592,freshmarketlucky.it,it,random1000
520722,oceanluckystation.it,it,random1000
521158,londonstore.it,it,random1000
522461,pixelroyalguide.it,it,random1000
522544,ospitalitareligiosa.it,it,random1000
523171,vividworldzone.it,it,random1000
523235,visioncasino.it,it,random1000
524714,sitly.it,it,random1000
525181,eastplaypath.it,it,random1000
525539,vistabonuszone.it,it,random1000
527854,olivefactoryfocus.it,it,random1000
528206,amway.it,it,random1000
528442,galleriaborghese.it,it,random1000
528740,bluefactoryworld.it,it,random1000
528779,grupporealemutua.it,it,random1000
529569,primenestjackpot.it,it,random1000
530065,stonecards.it,it,random1000
530238,fusionfocus.it,it,random1000
533857,freshvegaswin.it,it,random1000
534767,yoopies.it,it,random1000
534803,blueflowplus.it,it,random1000
534889,veronesi.it,it,random1000
535560,brightjackpotguide.it,it,random1000
535571,freshcircle.it,it,random1000
536943,ferrero.it,it,random1000
537446,eutekneformazione.it,it,random1000
538676,goldluckycasino.it,it,random1000
539820,finnishdesignshop.it,it,random1000
539966,lunacornercircle.it,it,random1000
540741,dimmicosacerchi.it,it,random1000
540869,dynamicwinworks.it,it,random1000
540899,noblebingobet.it,it,random1000
541567,dailypokerfield.it,it,random1000
542061,ticinonotizie.it,it,random1000
542597,autodoc24.it,it,random1000
542720,rapidcardsreels.it,it,random1000
543544,stonewinportal.it,it,random1000
543631,solardrivejackpot.it,it,random1000
543738,southviewcircle.it,it,random1000
544043,smartcasinotrack.it,it,random1000
544319,istituto-besta.it,it,random1000
544703,novaspin.it,it,random1000
544834,craftbonus.it,it,random1000
544898,vertexguidepoker.it,it,random1000
545323,logicspinplay.it,it,random1000
545401,alphacardslab.it,it,random1000
545623,southacezone.it,it,random1000
545885,globalpointvegas.it,it,random1000
546588,horizonbetbet.it,it,random1000
547210,bluebetsource.it,it,random1000
547323,corevegassource.it,it,random1000
547356,clearworks.it,it,random1000
547452,veniceshop.it,it,random1000
547573,pixelvaultplay.it,it,random1000
547592,dynamicmarket.it,it,random1000
547674,eastluckyline.it,it,random1000
548042,rapidtodaypath.it,it,random1000
548475,purezonefactory.it,it,random1000
548632,chicken-road-2-opinioni.it,it,random1000
548635,noblespinspin.it,it,random1000
548861,dynamicbet.it,it,random1000
549235,nextcircle.it,it,random1000
549484,cafcisl.it,it,random1000
549657,forhome.it,it,random1000
549865,nobleedgeworks.it,it,random1000
550074,southmedia.it,it,random1000
550346,pixeledgeslot.it,it,random1000
550365,cloudslotcircle.it,it,random1000
551677,horizonreels.it,it,random1000
551915,vividbingo.it,it,random1000
552023,primelinetrack.it,it,random1000
552538,treninionline.it,it,random1000
552668,forestbonusspace.it,it,random1000
552764,vistaace.it,it,random1000
553826,dynamicwave.it,it,random1000
554265,noblegroupjackpot.it,it,random1000
555469,nscluster.it,it,random1000
556106,clearbase.it,it,random1000
556224,lunaplaypath.it,it,random1000
556239,pixelslotcircle.it,it,random1000
556953,noleggiare.it,it,random1000
557245,northportal.it,it,random1000
557434,dailybridge.it,it,random1000
558034,hyperlucky.it,it,random1000
558264,etrurianews.it,it,random1000
558275,clearcasinostation.it,it,random1000
559841,horizonroyalflow.it,it,random1000
561013,stncdn.it,it,random1000
561185,kerastase.it,it,random1000
561584,echoflow.it,it,random1000
562475,dynamicvaultjackpot.it,it,random1000
563007,rapidfocusplus.it,it,random1000
563330,vistaspacetoday.it,it,random1000
563684,dailyluckyview.it,it,random1000
563813,mangayo.it,it,random1000
564748,horizongamingcards.it,it,random1000
564886,clearpointfield.it,it,random1000
565194,smartvegas.it,it,random1000
565536,zenhouseworld.it,it,random1000
565642,cnis.it,it,random1000
565885,energiasolare100.it,it,random1000
566382,gnewsonline.it,it,random1000
566437,southfocusplay.it,it,random1000
566670,swiftgamingbingo.it,it,random1000
566766,rocketroyalspark.it,it,random1000
567014,zampavacanza.it,it,random1000
567485,logicportal.it,it,random1000
567659,peakwavespin.it,it,random1000
567787,cuponation.it,it,random1000
567800,aeronauticamilitareofficialstore.it,it,random1000
568106,bluecardsreels.it,it,random1000
568520,ynot.it,it,random1000
568660,dailydrive.it,it,random1000
569044,solarjackpotcircle.it,it,random1000
569061,silverwave.it,it,random1000
569113,echoluckywheel.it,it,random1000
569145,ricettedalmondo.it,it,random1000
569529,enpap.it,it,random1000
569776,oceanworld.it,it,random1000
569789,foppapedretti.it,it,random1000
569976,greenlandmx.it,it,random1000
570070,puretodaytrack.it,it,random1000
570550,swiftslotzone.it,it,random1000
571169,forestsolutionstudio.it,it,random1000
571456,lampo.it,it,random1000
571771,clearmind.it,it,random1000
572255,northsourcesource.it,it,random1000
572260,southnetworkfactory.it,it,random1000
573510,amoreanimaleshop.it,it,random1000
573628,purefactoryhub.it,it,random1000
573965,medicalcentermisano.it,it,random1000
574010,oceanplay.it,it,random1000
574576,pinkitalia.it,it,random1000
574693,primeslotcasino.it,it,random1000
575170,freshvault.it,it,random1000
575258,northbingo.it,it,random1000
575272,coremarket.it,it,random1000
575542,globalfortune.it,it,random1000
575564,forestchoiceace.it,it,random1000
576514,convalytrix.it,it,random1000
576628,noblefocus.it,it,random1000
576879,hyperbridgehouse.it,it,random1000
577256,museitorino.it,it,random1000
577367,hyperjackpot.it,it,random1000
577493,mediapathwave.it,it,random1000
577794,visionmarketmedia.it,it,random1000
578033,clearluckycasino.it,it,random1000
578529,noinotizie.it,it,random1000
579108,oceanacechoice.it,it,random1000
579227,illumia.it,it,random1000
579445,alphabingovault.it,it,random1000
579619,unitrucks.it,it,random1000
579743,clearsolution.it,it,random1000
579861,olivelinecasino.it,it,random1000
580283,beculture.it,it,random1000
580396,swiftvegas.it,it,random1000
580450,urbanspinguide.it,it,random1000
580803,westreelslab.it,it,random1000
580821,rapidlucky.it,it,random1000
580921,lunaarenahub.it,it,random1000
581813,upperistheway.it,it,random1000
582084,idroponica.it,it,random1000
582111,dynamicsourcespark.it,it,random1000
582618,vistamarket.it,it,random1000
582812,clearbonussolution.it,it,random1000
583483,globalguide.it,it,random1000
583672,fusioncards.it,it,random1000
584427,solarfactoryzone.it,it,random1000
584752,blueaceview.it,it,random1000
585040,stoneplayfactory.it,it,random1000
585183,rocketedgebase.it,it,random1000
585281,mediasource.it,it,random1000
585351,swiftneststation.it,it,random1000
585361,eastroyal.it,it,random1000
586029,alphareelsbridge.it,it,random1000
586365,eastvaultpath.it,it,random1000
586568,westplusfactory.it,it,random1000
586980,sinteserver.it,it,random1000
587107,craftspacetrack.it,it,random1000
587170,corevegascasino.it,it,random1000
587257,chickenroad2-slot.it,it,random1000
587867,letteraemme.it,it,random1000
589012,mediahubzone.it,it,random1000
589095,novabingomarket.it,it,random1000
589205,novacards.it,it,random1000
589584,westbingospace.it,it,random1000
589717,dynamiccards.it,it,random1000
589822,globalarena.it,it,random1000
589912,stonespaceline.it,it,random1000
590283,lbfinsurance.it,it,random1000
591048,esa.it,it,random1000
591124,ascione.it,it,random1000
591547,blueportal.it,it,random1000
591620,icsmaugeri.it,it,random1000
591736,fusionedgelucky.it,it,random1000
591873,mediaacebingo.it,it,random1000
591905,oceansolution.it,it,random1000
591937,golddrivesolution.it,it,random1000
591958,festivalsvilupposostenibile.it,it,random1000
592304,solarvault.it,it,random1000
592545,nextworksbridge.it,it,random1000
592882,peakmarkethouse.it,it,random1000
593047,solarbetnetwork.it,it,random1000
593086,glumov.it,it,random1000
593555,velvetcirclefactory.it,it,random1000
593706,alpharoyal.it,it,random1000
593863,greensourcecasino.it,it,random1000
595006,hyperhousefield.it,it,random1000
595209,noblelab.it,it,random1000
595568,purewaveworks.it,it,random1000
595799,brightchoice.it,it,random1000
597830,occhiali24.it,it,random1000
599207,pianetabambini.it,it,random1000
599265,chirurgiaesteticasalomone.it,it,random1000
599893,infobuildenergia.it,it,random1000
600074,vividreelspoker.it,it,random1000
600175,smartgamingcards.it,it,random1000
600700,cloudworkshub.it,it,random1000
601022,westreelsstation.it,it,random1000
602024,bluejackpot.it,it,random1000
602574,freshcasinodrive.it,it,random1000
602810,bluelinehub.it,it,random1000
603887,primetodaytoday.it,it,random1000
604490,southslotarena.it,it,random1000
604515,riverplayjackpot.it,it,random1000
604746,novaslotmarket.it,it,random1000
605111,craftlucky.it,it,random1000
605602,happytec.it,it,random1000
606245,freshplayflow.it,it,random1000
606945,craftbetchoice.it,it,random1000
607405,hyperflowbet.it,it,random1000
607522,westguide.it,it,random1000
607687,hyperjackpotreels.it,it,random1000
607741,crafthubspace.it,it,random1000
608145,fusionhubfield.it,it,random1000
608218,swiftcornerspace.it,it,random1000
608314,brightgroup.it,it,random1000
608321,globaljackpotcards.it,it,random1000
609149,calendario-365.it,it,random1000
609468,purewheelspin.it,it,random1000
609585,autoxy.it,it,random1000
610017,novaacesource.it,it,random1000
610718,vertexwinvegas.it,it,random1000
611287,vistavault.it,it,random1000
611856,hyperfortunesource.it,it,random1000
612023,dsu.toscana.it,it,random1000
612068,cassageometri.it,it,random1000
612117,orcadivingcenter.it,it,random1000
612589,novahubjackpot.it,it,random1000
613053,hypercasinolucky.it,it,random1000
613080,clearnetwork.it,it,random1000
613614,rapidace.it,it,random1000
614027,anfia.it,it,random1000
614028,eastplayjackpot.it,it,random1000
614409,dentalpro.it,it,random1000
614786,demontel.it,it,random1000
615144,craftspark.it,it,random1000
615339,nextzonepoint.it,it,random1000
615532,swiftreels.it,it,random1000
615842,swiftbonus.it,it,random1000
615914,novafield.it,it,random1000
616957,oceanvegasfactory.it,it,random1000
617501,brightsource.it,it,random1000
617616,aquardens.it,it,random1000
617744,pixeledge.it,it,random1000
618073,zenbetfield.it,it,random1000
618493,oceanbonusfactory.it,it,random1000
618496,rocketfortunespin.it,it,random1000
618538,metrofocusmedia.it,it,random1000
619772,zenarena.it,it,random1000
620548,poesialatina.it,it,random1000
620856,zenchoicebase.it,it,random1000
620945,craftzonefocus.it,it,random1000
621218,fidalservizi.it,it,random1000
621694,stonetoday.it,it,random1000
622522,freshlinegroup.it,it,random1000
623559,vistaroyal.it,it,random1000
623787,pixelreelscenter.it,it,random1000
624426,meyer.it,it,random1000
624646,dgegovpa.it,it,random1000
625084,clearbetfactory.it,it,random1000
625334,terredeshommes.it,it,random1000
625571,velvetspinroyal.it,it,random1000
626120,horizonchoicepath.it,it,random1000
626229,brightedge.it,it,random1000
627289,oceanwheel.it,it,random1000
627475,forestspinreels.it,it,random1000
627673,nukik.it,it,random1000
628051,westhubvault.it,it,random1000
628053,goldfocuscorner.it,it,random1000
628697,swiftworldcasino.it,it,random1000
628795,visiondrivebridge.it,it,random1000
628970,vertexportalchoice.it,it,random1000
629542,fpformazione.it,it,random1000
630582,oceanspacewheel.it,it,random1000
630912,northflowedge.it,it,random1000
631150,novavaultcards.it,it,random1000
631408,olivesource.it,it,random1000
632249,clearnetworkpoker.it,it,random1000
632768,acquavillage.it,it,random1000
633460,pixelroyal.it,it,random1000
633796,cloudcasinosource.it,it,random1000
634272,provincia.va.it,it,random1000
634667,forestpokerfocus.it,it,random1000
635700,clearnest.it,it,random1000
636192,vistajackpot.it,it,random1000
636217,novawheelcenter.it,it,random1000
636534,visiongamingmarket.it,it,random1000
637258,pixelroyalzone.it,it,random1000
637742,clearsourceportal.it,it,random1000
637747,southtodaycenter.it,it,random1000
637961,eastportal.it,it,random1000
638192,silverbingozone.it,it,random1000
638387,brightjackpotflow.it,it,random1000
638445,neosair.it,it,random1000
638446,velvetspin.it,it,random1000
638678,logicnetworkpoint.it,it,random1000
639201,metrocornerzone.it,it,random1000
640141,goldace.it,it,random1000
640613,vistabonuscasino.it,it,random1000
640796,letslighting.it,it,random1000
640886,freshacesource.it,it,random1000
641212,pixelvegasbonus.it,it,random1000
641716,vertexroyalcenter.it,it,random1000
642413,maanta.it,it,random1000
642954,olivebonus.it,it,random1000
644747,silvertoday.it,it,random1000
647098,frontiers.it,it,random1000
647294,visionnetworkview.it,it,random1000
647298,olivehub.it,it,random1000
647345,northjackpot.it,it,random1000
647723,primegroupreels.it,it,random1000
647906,rocketfactory.it,it,random1000
647933,visionbethouse.it,it,random1000
648324,northtrack.it,it,random1000
648727,zmbox.it,it,random1000
648758,puregroup.it,it,random1000
649536,gemellinitoys.it,it,random1000
650118,dailybonusguide.it,it,random1000
650232,westportalspace.it,it,random1000
651134,grifonline.it,it,random1000
651603,ricambi-moto-bmw.it,it,random1000
652161,weststation.it,it,random1000
652975,hyperhub.it,it,random1000
653471,corecorner.it,it,random1000
653575,palazzoesposizioni.it,it,random1000
653593,forestworld.it,it,random1000
654217,chikenroad2-italia.it,it,random1000
654833,aiaf.it,it,random1000
654838,metrocircle.it,it,random1000
655110,vertexreels.it,it,random1000
656365,superpharm.it,it,random1000
656807,craftfortune.it,it,random1000
656862,coreluckyfortune.it,it,random1000
657022,purefocusace.it,it,random1000
657575,eastgamingbridge.it,it,random1000
657770,globalspacebridge.it,it,random1000
657873,mailserver.it,it,random1000
658600,pixelfactory.it,it,random1000
659000,northmarketgroup.it,it,random1000
659919,brightjackpotlab.it,it,random1000
661136,longho.it,it,random1000
661563,northgaming.it,it,random1000
661976,sistema.puglia.it,it,random1000
662497,fantasiastore.it,it,random1000
663166,visionportalplay.it,it,random1000
663896,mam-e.it,it,random1000
664371,zeiss.it,it,random1000
664685,echospace.it,it,random1000
665115,primejackpotfortune.it,it,random1000
666089,expansione.it,it,random1000
668489,varesefansbasket.it,it,random1000
671211,peakbonus.it,it,random1000
671406,fondazionedietamediterranea.it,it,random1000
671486,oceangamingtrack.it,it,random1000
671569,machineseeker.it,it,random1000
671795,noblefield.it,it,random1000
672855,zenroyalhouse.it,it,random1000
672974,noblebingo.it,it,random1000
673207,clearfortune.it,it,random1000
673845,northspinfield.it,it,random1000
674500,summit-tech.it,it,random1000
674616,vistafocuscenter.it,it,random1000
674669,locman.it,it,random1000
674836,swiftwheel.it,it,random1000
674869,velvetgamingwin.it,it,random1000
675503,luttino.it,it,random1000
675806,horizonmediaedge.it,it,random1000
678527,agip.it,it,random1000
679024,westcornerportal.it,it,random1000
679165,hotmail.it,it,random1000
679358,clearace.it,it,random1000
679475,nextwheelstudio.it,it,random1000
680241,fusionmarketfortune.it,it,random1000
682247,brightcasinoworks.it,it,random1000
682253,bottadiculo.it,it,random1000
682463,peakplus.it,it,random1000
682470,northbridgesource.it,it,random1000
682648,velvetcasino.it,it,random1000
682690,craftluckybingo.it,it,random1000
683281,telemia.it,it,random1000
683521,nextarenareels.it,it,random1000
684075,ospedaliriuniti.marche.it,it,random1000
685232,velvetbaseplus.it,it,random1000
685633,cronacaflegrea.it,it,random1000
687909,sharehappy.it,it,random1000
688262,goldsourcebridge.it,it,random1000
690048,cloudfinance.it,it,random1000
690559,tifobrescia.it,it,random1000
690751,manutan.it,it,random1000
691246,velvetzone.it,it,random1000
692682,silverbetstudio.it,it,random1000
692964,statoregioni.it,it,random1000
694208,biolab-srl.it,it,random1000
695289,italiamilitare.it,it,random1000
697323,vividhouse.it,it,random1000
697631,italiamac.it,it,random1000
697888,purehub.it,it,random1000
699452,urbanhousehub.it,it,random1000
701046,velvetbetbonus.it,it,random1000
701116,arteni.it,it,random1000
701386,orologio.it,it,random1000
702082,etilika.it,it,random1000
702851,whiskyitaly.it,it,random1000
703671,lovelyitalia.it,it,random1000
704266,zencorner.it,it,random1000
706019,everdrop.it,it,random1000
706056,i-d-e-e.it,it,random1000
706461,dji-store.it,it,random1000
706580,hardloop.it,it,random1000
706898,raffaeleinghilterra.it,it,random1000
708590,climatic.it,it,random1000
709743,autodiagnostic.it,it,random1000
710713,campionando.it,it,random1000
711006,vertexguide.it,it,random1000
711974,zenhub.it,it,random1000
713301,centroaperture.it,it,random1000
715053,lamorell.it,it,random1000
715257,be-mail.it,it,random1000
716198,westdrive.it,it,random1000
717185,pac2000a.it,it,random1000
717634,anteprimavolantino.it,it,random1000
719523,voceleonardo.it,it,random1000
720454,romana-auto.it,it,random1000
721068,case24.it,it,random1000
723375,comune.rimini.it,it,random1000
724959,135.it,it,random1000
725584,tvcampiflegrei.it,it,random1000
726727,chirb.it,it,random1000
727793,whiskyshop.it,it,random1000
729497,columbiasportswear.it,it,random1000
730059,maybelline.it,it,random1000
730224,otticariccio.it,it,random1000
732063,bsmacchine.it,it,random1000
733315,farmaciabagheria.it,it,random1000
734115,superabile.it,it,random1000
734817,trasparenzascuole.it,it,random1000
737647,museotorino.it,it,random1000
741298,planeonline.it,it,random1000
741900,dizionario-italiano.it,it,random1000
743523,formazionecreativa.it,it,random1000
744635,tappetisimorgh.it,it,random1000
745783,kentfaith.it,it,random1000
748148,hubeditoriale.it,it,random1000
748392,mamabomboniere.it,it,random1000
752222,4handy2.it,it,random1000
755940,abcevo.it,it,random1000
756314,acquaworld.it,it,random1000
756990,agripetgarden.it,it,random1000
759938,archimedefibre.it,it,random1000
760606,asl1.liguria.it,it,random1000
760619,asloristano.it,it,random1000
760622,aslteramo.it,it,random1000
761799,ayron.it,it,random1000
762928,basicweb.it,it,random1000
763795,benasciutticasa.it,it,random1000
763932,berlinipannelli.it,it,random1000
764808,bierrestore.it,it,random1000
766295,bookizon.it,it,random1000
767987,ca-autobank.it,it,random1000
768489,cantiereinrete.it,it,random1000
768783,carismatix.it,it,random1000
769018,cascioligroup.it,it,random1000
769076,cashoffice.it,it,random1000
772907,corrierediragusa.it,it,random1000
773469,cronoscalate.it,it,random1000
773557,crystalmotor.it,it,random1000
776409,divanoso.it,it,random1000
777797,duepalleggi.it,it,random1000
778989,edicolamanager.it,it,random1000
781107,estrazionidellotto.it,it,random1000
781320,euroansa.it,it,random1000
784328,forzapalermo.it,it,random1000
785520,gaernet.it,it,random1000
785997,gardpro.it,it,random1000
786223,gbviaggi.it,it,random1000
786307,gecosplus.it,it,random1000
787123,gioiellipaladini.it,it,random1000
788764,gruppodiba.it,it,random1000
790350,hellaslive.it,it,random1000
793052,iduepunti.it,it,random1000
801848,lagazzettadisansevero.it,it,random1000
802128,laquercia.it,it,random1000
802337,lavocedicesenatico.it,it,random1000
803328,lindehobby.it,it,random1000
804151,lombardamotori.it,it,random1000
806623,maria-milano.it,it,random1000
807133,maurys.it,it,random1000
807911,megacine.it,it,random1000
809475,mistercredit.it,it,random1000
810437,montelagocelticfestival.it,it,random1000
810799,movieplanetgroup.it,it,random1000
811415,multicinemagalleria.it,it,random1000
812374,mypostedeliverybusiness.it,it,random1000
812600,myvetdiet.it,it,random1000
814893,nonsolomarescialli.it,it,random1000
815553,nvrcinema.it,it,random1000
815943,odplus.it,it,random1000
816978,onoranzefunebriraimondi.it,it,random1000
817760,ottocast.it,it,random1000
817872,overly.it,it,random1000
818515,pamir.bg.it,it,random1000
819984,pescarasport24.it,it,random1000
820378,pharmaweb.it,it,random1000
820849,pinsami.it,it,random1000
821028,pizzikotto.it,it,random1000
821941,poloristorazione.it,it,random1000
822839,prezzoofferta.it,it,random1000
825834,recenergy.it,it,random1000
827011,risolvere-scrabble.it,it,random1000
829049,salutepiemonte.it,it,random1000
829199,sanbenedetto70anni.it,it,random1000
829939,scelgozero.it,it,random1000
829990,schoolesuite.it,it,random1000
830726,sensilab.it,it,random1000
834822,sportavellino.it,it,random1000
835540,stikets.it,it,random1000
838610,teleguida.it,it,random1000
838735,tendapro.it,it,random1000
838940,testailprodotto.it,it,random1000
839636,therunningclub.it,it,random1000
842579,turismovieste.it,it,random1000
843108,uat-salerno.it,it,random1000
843140,ubroker.it,it,random1000
845756,viafarmaciaonline.it,it,random1000
846491,visureinrete.it,it,random1000
846776,vocepinerolese.it,it,random1000
853600,plutus.it,it,random1000
854145,cacciaepescanappo.it,it,random1000
855764,stopting.it,it,random1000
855946,toptransescortitalia.it,it,random1000
858500,bike-parts-kawa.it,it,random1000
859651,tempestamisterospazio.it,it,random1000
860821,adcom.it,it,random1000
860875,castellospazio.it,it,random1000
863028,teknonet.it,it,random1000
863429,ionospec.it,it,random1000
863494,arredamentoambienti.it,it,random1000
865184,manifatturecotoniere1946.it,it,random1000
866473,casadeiparrucchieri.it,it,random1000
867286,gioiellerialineaoro.it,it,random1000
869329,chicken-road-2-slot.it,it,random1000
870811,fuorinorma.it,it,random1000
871326,promitspa.it,it,random1000
871365,doricocalzature.it,it,random1000
874017,scratchmania-online.it,it,random1000
874429,studioaeditecne.it,it,random1000
881721,cosmopolismedia.it,it,random1000
882292,nipar.it,it,random1000
882346,curvaverticeguardia.it,it,random1000
882479,northvegas.it,it,random1000
882561,oceanbridgeflow.it,it,random1000
882756,welion.it,it,random1000
882915,visionplusworld.it,it,random1000
884155,sguardoritmorivista.it,it,random1000
884672,tena.it,it,random1000
886401,globalcombasilicata.it,it,random1000
888347,rocketvault.it,it,random1000
888363,pontefulcro.it,it,random1000
888962,bluejackpotspark.it,it,random1000
890189,ravenna24ore.it,it,random1000
891021,stilecoronadiretto.it,it,random1000
891412,betclicit.it,it,random1000
892376,sportelloperilconsumatore.it,it,random1000
893353,varagine.it,it,random1000
893680,chiesarussasanremo.it,it,random1000
894276,museopoldipezzoli.it,it,random1000
901472,gigarage.it,it,random1000
901861,actualarticle.it,it,random1000
902274,visitrovereto.it,it,random1000
902648,westbet.it,it,random1000
903041,difesarumore.it,it,random1000
903554,logicpointlucky.it,it,random1000
904760,brightwin.it,it,random1000
906149,divaspin-it.it,it,random1000
908385,terrecablate.it,it,random1000
908645,2m-srl.it,it,random1000
908675,bertinigroup.it,it,random1000
908968,intel.it,it,random1000
909086,monument-movies.it,it,random1000
909093,coreslot.it,it,random1000
909391,zenlucky.it,it,random1000
909913,metroroyalreels.it,it,random1000
910147,accu-chek.it,it,random1000
910743,leganavale.it,it,random1000
911125,telpress.it,it,random1000
911135,fusionacebet.it,it,random1000
914520,agriserra-shop.it,it,random1000
914664,albasoftsolutions.it,it,random1000
914755,alpenplus.it,it,random1000
914816,americanwheels.it,it,random1000
916082,billabong-store.it,it,random1000
916927,castelloincantato.it,it,random1000
917063,cesarepozzoperte.it,it,random1000
917798,ctnservizi.it,it,random1000
919103,epaponline.it,it,random1000
919953,freelifeab.it,it,random1000
921982,ipertriscount.it,it,random1000
923499,labcare.it,it,random1000
925464,multiplex2000.it,it,random1000
925843,necrologivalcavallina.it,it,random1000
926157,noleggiolungotermineitalia.it,it,random1000
926737,orio20.it,it,random1000
928626,regold.it,it,random1000
928756,rilevaweb.it,it,random1000
929750,si-salute.it,it,random1000
929861,sismica.sicilia.it,it,random1000
930115,softdetersivi.it,it,random1000
930610,summertravel.it,it,random1000
931131,tesi24.it,it,random1000
931438,tmaxlab.it,it,random1000
932374,valleverde.it,it,random1000
932635,villaggiomagnagrecia.it,it,random1000
934089,belvita.it,it,random1000
934217,fascinosuonobagliore.it,it,random1000
934244,coreplusreels.it,it,random1000
934690,smartfortuneportal.it,it,random1000
934891,northbase.it,it,random1000
935643,aik.it,it,random1000
936482,colorestellaclamore.it,it,random1000
937137,ilcaso.it,it,random1000
939228,hotelscombined.it,it,random1000
940880,cduo.it,it,random1000
941310,insystem.it,it,random1000
941741,stellasguardogloria.it,it,random1000
941777,freshsource.it,it,random1000
942225,guerzoniabbigliamento.it,it,random1000
942415,alphatrackbridge.it,it,random1000
942569,metrowheelwin.it,it,random1000
942723,menci.it,it,random1000
942901,audiostoreservice.it,it,random1000
943798,giustizianuova.it,it,random1000
943995,southbingo.it,it,random1000
944676,sporteconomy.it,it,random1000
944714,alphabingo.it,it,random1000
946462,craftreels.it,it,random1000
947351,queer-as-folk.it,it,random1000
949051,rewoolution.it,it,random1000
950427,theclubanimazione.it,it,random1000
953687,dailyarena.it,it,random1000
956290,malgastollaalm.it,it,random1000
956345,andycards.it,it,random1000
958627,sicurezzaips.it,it,random1000
959455,imss.firenze.it,it,random1000
960670,bruckmueller.it,it,random1000
967133,sferisterio.it,it,random1000
967857,magianotatempi.it,it,random1000
968814,varaschin.it,it,random1000
968904,dcp-hub.it,it,random1000
970529,1808.it,it,random1000
970974,videoslotonline.it,it,random1000
971037,promonet.it,it,random1000
971930,italiancoffee.it,it,random1000
972863,discover-trieste.it,it,random1000
976281,nutritionteam.it,it,random1000
977400,leperle1973.it,it,random1000
978388,imagefactory.it,it,random1000
978894,ernesto.it,it,random1000
979586,lucefucina.it,it,random1000
983670,bibliomarchenord.it,it,random1000
984819,clarabellini.it,it,random1000
994815,qeweb.it,it,random1000
104,achmea.nl,nl,top1000
106,actify.nl,nl,top1000
1187,ad.nl,nl,top1000
1190,nu.nl,nl,top1000
1223,marktplaats.nl,nl,top1000
1781,google.nl,nl,top1000
2516,transip.nl,nl,top1000
2988,ziggo.nl,nl,top1000
3451,deltafibernederland.nl,nl,top1000
3458,glasvezelactiveren.nl,nl,top1000
3628,amazon.nl,nl,top1000
3833,nos.nl,nl,top1000
4202,cwi.nl,nl,top1000
4214,nlnetlabs.nl,nl,top1000
4606,uu.nl,nl,top1000
4848,telegraaf.nl,nl,top1000
5239,zxcs.nl,nl,top1000
5683,vsrv6.nl,nl,top1000
5764,xs4all.nl,nl,top1000
5770,rtl.nl,nl,top1000
5771,tudelft.nl,nl,top1000
5916,uva.nl,nl,top1000
6010,buienradar.nl,nl,top1000
6277,rug.nl,nl,top1000
6425,funda.nl,nl,top1000
6449,hostnet.nl,nl,top1000
6600,tue.nl,nl,top1000
6650,nobearshosting.nl,nl,top1000
6688,utwente.nl,nl,top1000
6896,dns.nl,nl,top1000
6981,gelderlander.nl,nl,top1000
7207,nrc.nl,nl,top1000
7237,zalando.nl,nl,top1000
7246,cloud86.nl,nl,top1000
7300,rijksoverheid.nl,nl,top1000
7444,vu.nl,nl,top1000
7457,destentor.nl,nl,top1000
8021,volkskrant.nl,nl,top1000
8203,porno666.nl,nl,top1000
8206,hdfilmcehennemi.nl,nl,top1000
8607,voetbalzone.nl,nl,top1000
8743,mijnwoordenboek.nl,nl,top1000
9926,racing.nl,nl,top1000
10464,flexwebhosting.nl,nl,top1000
10595,autoriteitpersoonsgegevens.nl,nl,top1000
10690,sportnieuws.nl,nl,top1000
11222,overheid.nl,nl,top1000
11418,axc.nl,nl,top1000
11491,wur.nl,nl,top1000
11792,pourvous.nl,nl,top1000
11874,ah.nl,nl,top1000
11993,surfnet.nl,nl,top1000
12003,rabobank.nl,nl,top1000
12032,kisskh.nl,nl,top1000
12282,mijndomein.nl,nl,top1000
12437,neostrada.nl,nl,top1000
12489,ru.nl,nl,top1000
12785,anony.nl,nl,top1000
12942,universiteitleiden.nl,nl,top1000
13053,genealogieonline.nl,nl,top1000
13258,parool.nl,nl,top1000
13283,anwb.nl,nl,top1000
13425,coolblue.nl,nl,top1000
13648,belastingdienst.nl,nl,top1000
13936,vinted.nl,nl,top1000
14081,postnl.nl,nl,top1000
14636,blogspot.nl,nl,top1000
14742,prijsmepper.nl,nl,top1000
14880,kpnmail.nl,nl,top1000
15041,mijndnsserver.nl,nl,top1000
15077,albelli.nl,nl,top1000
15346,hema.nl,nl,top1000
15453,bnr.nl,nl,top1000
15500,nltimes.nl,nl,top1000
15702,caiway.nl,nl,top1000
16072,rijksmuseum.nl,nl,top1000
16150,ns-webvalue.nl,nl,top1000
16498,cbs.nl,nl,top1000
16594,npo.nl,nl,top1000
16601,tui.nl,nl,top1000
16638,eur.nl,nl,top1000
16781,ed.nl,nl,top1000
16923,ns.nl,nl,top1000
17071,bd.nl,nl,top1000
17087,gamma.nl,nl,top1000
17140,argewebhosting.nl,nl,top1000
17168,libelle.nl,nl,top1000
17196,trouw.nl,nl,top1000
17250,wehkamp.nl,nl,top1000
17257,bndestem.nl,nl,top1000
17484,rivm.nl,nl,top1000
17574,jwwb.nl,nl,top1000
17588,tubantia.nl,nl,top1000
17708,government.nl,nl,top1000
17722,leidenuniv.nl,nl,top1000
17895,ideal.nl,nl,top1000
17925,weeronline.nl,nl,top1000
18178,jouwweb.nl,nl,top1000
18464,officielebekendmakingen.nl,nl,top1000
18668,voetbalprimeur.nl,nl,top1000
18670,open-internet.nl,nl,top1000
18966,decathlon.nl,nl,top1000
19683,hornbach.nl,nl,top1000
19748,amsterdam.nl,nl,top1000
19986,chello.nl,nl,top1000
20014,weerplaza.nl,nl,top1000
20048,tvgids.nl,nl,top1000
20564,shockmedia.nl,nl,top1000
20570,maastrichtuniversity.nl,nl,top1000
21233,soccernews.nl,nl,top1000
21436,alarmeringen.nl,nl,top1000
21571,toernooi.nl,nl,top1000
22071,wsrv.nl,nl,top1000
22100,dfn.nl,nl,top1000
22214,dpgmedia.nl,nl,top1000
23656,hsqd.nl,nl,top1000
23960,sidn.nl,nl,top1000
23969,rechtspraak.nl,nl,top1000
23997,rijksapps.nl,nl,top1000
24188,racingnews365.nl,nl,top1000
24232,funix.nl,nl,top1000
24328,startpagina.nl,nl,top1000
24423,rvo.nl,nl,top1000
24436,abnamro.nl,nl,top1000
24546,thuisbezorgd.nl,nl,top1000
24768,consumentenbond.nl,nl,top1000
24940,tno.nl,nl,top1000
25001,kvk.nl,nl,top1000
25227,schiphol.nl,nl,top1000
25395,avrotros.nl,nl,top1000
25436,frebsite.nl,nl,top1000
25608,yourwebhoster.nl,nl,top1000
25788,ing.nl,nl,top1000
25938,dutchnews.nl,nl,top1000
26059,knmi.nl,nl,top1000
26376,coocaa.nl,nl,top1000
26533,politie.nl,nl,top1000
26559,eddie4.nl,nl,top1000
26886,fd.nl,nl,top1000
26949,kruidvat.nl,nl,top1000
27136,bit.nl,nl,top1000
27143,dnsmanager.nl,nl,top1000
27263,bnnvara.nl,nl,top1000
27302,vangoghmuseum.nl,nl,top1000
27411,knaw.nl,nl,top1000
28619,oxilion.nl,nl,top1000
29000,skyberate.nl,nl,top1000
29323,trueserver.nl,nl,top1000
29601,xel.nl,nl,top1000
29624,yourhosting.nl,nl,top1000
29935,ebay.nl,nl,top1000
29991,nporadio1.nl,nl,top1000
30065,cheaptickets.nl,nl,top1000
30176,doxygen.nl,nl,top1000
30206,surf.nl,nl,top1000
30208,realworks.nl,nl,top1000
30287,bhosted.nl,nl,top1000
30435,tele2.nl,nl,top1000
30505,ticketmaster.nl,nl,top1000
30992,serviceprovider.nl,nl,top1000
31009,rdw.nl,nl,top1000
31054,vodafone.nl,nl,top1000
31079,online.nl,nl,top1000
31331,ns0.nl,nl,top1000
31336,astron.nl,nl,top1000
31473,sitehosting.nl,nl,top1000
31492,csv-networks.nl,nl,top1000
31554,one4all.nl,nl,top1000
31580,tripadvisor.nl,nl,top1000
32007,autoweek.nl,nl,top1000
32201,vpro.nl,nl,top1000
32209,rtlnieuws.nl,nl,top1000
32247,zeelandnet.nl,nl,top1000
32709,9292.nl,nl,top1000
33345,digid.nl,nl,top1000
33551,glasoperator.nl,nl,top1000
33742,omroepbrabant.nl,nl,top1000
33940,karwei.nl,nl,top1000
33969,debijenkorf.nl,nl,top1000
34156,ixlhosting.nl,nl,top1000
34366,planet.nl,nl,top1000
34465,fashioncadeau.nl,nl,top1000
34479,hetnet.nl,nl,top1000
34721,uwv.nl,nl,top1000
34853,solcon.nl,nl,top1000
34897,beslist.nl,nl,top1000
35244,odido.nl,nl,top1000
35579,exonet.nl,nl,top1000
36351,sqr.nl,nl,top1000
36360,etos.nl,nl,top1000
36427,dvhn.nl,nl,top1000
36479,dnssrv.nl,nl,top1000
36486,autoscout24.nl,nl,top1000
36613,mediamarkt.nl,nl,top1000
36690,vi.nl,nl,top1000
36699,home.nl,nl,top1000
36938,nintendo.nl,nl,top1000
37111,dumpert.nl,nl,top1000
37153,webawere.nl,nl,top1000
37161,centraalbeheer.nl,nl,top1000
37182,limburger.nl,nl,top1000
37317,pathe.nl,nl,top1000
37434,demon.nl,nl,top1000
37468,mooiedomeinnaam.nl,nl,top1000
37526,tweedekamer.nl,nl,top1000
37774,babypark.nl,nl,top1000
37874,hoasted.nl,nl,top1000
37944,dds.nl,nl,top1000
38111,metronieuws.nl,nl,top1000
38161,rotterdam.nl,nl,top1000
38686,snsbank.nl,nl,top1000
38768,thuisarts.nl,nl,top1000
38948,lucardi.nl,nl,top1000
39156,openarchieven.nl,nl,top1000
39286,case-battle.nl,nl,top1000
39359,pexi.nl,nl,top1000
39448,muziekweb.nl,nl,top1000
39719,nikhef.nl,nl,top1000
39837,leaseweb.nl,nl,top1000
40392,robbast.nl,nl,top1000
40868,uvt.nl,nl,top1000
41061,networkoperations.nl,nl,top1000
41223,praxis.nl,nl,top1000
41747,independer.nl,nl,top1000
41752,altrosky.nl,nl,top1000
41850,vip.nl,nl,top1000
41870,noordhollandsdagblad.nl,nl,top1000
41979,moviemeter.nl,nl,top1000
42024,introweb.nl,nl,top1000
42056,autotrack.nl,nl,top1000
42142,pzc.nl,nl,top1000
42184,iex.nl,nl,top1000
42348,lc.nl,nl,top1000
42390,devolksbank.nl,nl,top1000
42543,deltares.nl,nl,top1000
42587,dnb.nl,nl,top1000
42590,kb.nl,nl,top1000
42651,ou.nl,nl,top1000
42688,rijnmond.nl,nl,top1000
42918,at5.nl,nl,top1000
42971,usasexguide.nl,nl,top1000
43471,awsdns-eusc-60.nl,nl,top1000
43725,hartvannederland.nl,nl,top1000
43831,rtvnoord.nl,nl,top1000
43872,antagonist.nl,nl,top1000
43896,rtvutrecht.nl,nl,top1000
43995,eweka.nl,nl,top1000
44017,nhnieuws.nl,nl,top1000
44177,webwinkelkeur.nl,nl,top1000
44446,socialdeal.nl,nl,top1000
44773,ajax.nl,nl,top1000
44827,eventbrite.nl,nl,top1000
44909,rd.nl,nl,top1000
44927,omroep.nl,nl,top1000
44977,grootmeesters.nl,nl,top1000
45313,fok.nl,nl,top1000
45637,autowereld.nl,nl,top1000
45649,weserv.nl,nl,top1000
45683,mature.nl,nl,top1000
45739,indebuurt.nl,nl,top1000
45785,duo.nl,nl,top1000
45807,hosted.nl,nl,top1000
45997,omroepwest.nl,nl,top1000
46079,lidl.nl,nl,top1000
46127,kinepolis.nl,nl,top1000
46183,versatel.nl,nl,top1000
46313,zalando-lounge.nl,nl,top1000
46349,geenstijl.nl,nl,top1000
46389,rtvdrenthe.nl,nl,top1000
46599,nederlandseloterij.nl,nl,top1000
46725,asnbank.nl,nl,top1000
46775,dhlecommerce.nl,nl,top1000
46869,airbnb.nl,nl,top1000
46960,satserver.nl,nl,top1000
47150,jeito.nl,nl,top1000
47169,roportaj.nl,nl,top1000
47428,dnstools.nl,nl,top1000
47441,defensie.nl,nl,top1000
47801,npocloud.nl,nl,top1000
47805,delpher.nl,nl,top1000
47935,joybuy.nl,nl,top1000
48303,cyberserv.nl,nl,top1000
48466,rijkswaterstaat.nl,nl,top1000
48495,autoblog.nl,nl,top1000
48598,linda.nl,nl,top1000
48894,time.nl,nl,top1000
49368,auroradns.nl,nl,top1000
49547,pbl.nl,nl,top1000
49556,vanafhier.nl,nl,top1000
49579,nd.nl,nl,top1000
50376,expert.nl,nl,top1000
50405,voedingscentrum.nl,nl,top1000
50414,wanassist.nl,nl,top1000
50534,corendon.nl,nl,top1000
50673,hostslim.nl,nl,top1000
50774,omropfryslan.nl,nl,top1000
50791,gld.nl,nl,top1000
50842,triple.nl,nl,top1000
50994,awsdns-eusc-48.nl,nl,top1000
51151,adidas.nl,nl,top1000
51282,omroepzeeland.nl,nl,top1000
51291,vidaxl.nl,nl,top1000
51298,bb-dns.nl,nl,top1000
51340,greenhost.nl,nl,top1000
51361,transfermarkt.nl,nl,top1000
51472,eatserver.nl,nl,top1000
51824,landal.nl,nl,top1000
52017,vakantiediscounter.nl,nl,top1000
52032,toto.nl,nl,top1000
52074,gall.nl,nl,top1000
52386,quotenet.nl,nl,top1000
52515,blg.nl,nl,top1000
52677,nkon.nl,nl,top1000
52870,box.nl,nl,top1000
53092,zonnet.nl,nl,top1000
53411,d-reizen.nl,nl,top1000
53801,eerstekamer.nl,nl,top1000
53822,partyflock.nl,nl,top1000
54136,tuxis.nl,nl,top1000
54151,drimble.nl,nl,top1000
54271,beeldengeluid.nl,nl,top1000
54275,fekahost.nl,nl,top1000
54303,stedelijk.nl,nl,top1000
54318,zooplus.nl,nl,top1000
54709,nwo.nl,nl,top1000
54727,aboutyou.nl,nl,top1000
54816,ind.nl,nl,top1000
54961,hostedxl.nl,nl,top1000
54968,wpprovider.nl,nl,top1000
55074,waarneming.nl,nl,top1000
55089,klm.nl,nl,top1000
55120,wielerflits.nl,nl,top1000
55142,wanadoo.nl,nl,top1000
55167,huispedia.nl,nl,top1000
55206,npostart.nl,nl,top1000
55214,gaspedaal.nl,nl,top1000
55550,mailplus.nl,nl,top1000
55590,lastdodo.nl,nl,top1000
55645,binkdate.nl,nl,top1000
55744,smartphonehoesjes.nl,nl,top1000
55807,intratuin.nl,nl,top1000
55943,fcupdate.nl,nl,top1000
56059,fletcher.nl,nl,top1000
56245,bookingexperts.nl,nl,top1000
56440,folderz.nl,nl,top1000
56565,leukerecepten.nl,nl,top1000
56613,keurigonline.nl,nl,top1000
56689,buienalarm.nl,nl,top1000
56865,iciparisxl.nl,nl,top1000
56982,acm.nl,nl,top1000
57021,mpi.nl,nl,top1000
57032,kadaster.nl,nl,top1000
57079,entertainmentcadeau.nl,nl,top1000
57212,deonlinedrogist.nl,nl,top1000
57264,maxvandaag.nl,nl,top1000
57359,skyscanner.nl,nl,top1000
57480,haarlemsdagblad.nl,nl,top1000
57552,strato.nl,nl,top1000
57749,sunweb.nl,nl,top1000
57826,2is.nl,nl,top1000
57856,welingelichtekringen.nl,nl,top1000
57872,kro-ncrv.nl,nl,top1000
57908,vynckier.nl,nl,top1000
57929,bright.nl,nl,top1000
57951,espn.nl,nl,top1000
58016,greetz.nl,nl,top1000
58046,margriet.nl,nl,top1000
58309,schadeautos.nl,nl,top1000
58334,vtwonen.nl,nl,top1000
58378,esmero.nl,nl,top1000
58560,voys.nl,nl,top1000
58917,delta.nl,nl,top1000
59088,belsimpel.nl,nl,top1000
59220,proxi.nl,nl,top1000
59328,vevor.nl,nl,top1000
59341,lionhead.nl,nl,top1000
59408,naamservert.nl,nl,top1000
59510,omoda.nl,nl,top1000
59558,scientias.nl,nl,top1000
59699,hollandandbarrett.nl,nl,top1000
59743,petsplace.nl,nl,top1000
59796,umcutrecht.nl,nl,top1000
59803,prijsvrij.nl,nl,top1000
59953,denhaag.nl,nl,top1000
60018,cherry-hosting.nl,nl,top1000
60236,natuurhuisje.nl,nl,top1000
60479,gooieneemlander.nl,nl,top1000
60496,flashscore.nl,nl,top1000
60551,bever.nl,nl,top1000
60605,filmvandaag.nl,nl,top1000
60683,hcdns.nl,nl,top1000
60709,winparts.nl,nl,top1000
60787,businessinsider.nl,nl,top1000
60788,webhosted.nl,nl,top1000
60847,plus.nl,nl,top1000
61081,viabovag.nl,nl,top1000
61141,scapino.nl,nl,top1000
61189,zorgkaartnederland.nl,nl,top1000
61210,kennisnet.nl,nl,top1000
61224,iospress.nl,nl,top1000
61284,elsevier.nl,nl,top1000
61500,betcity.nl,nl,top1000
61523,emerce.nl,nl,top1000
61536,viva.nl,nl,top1000
61666,veiliginternetten.nl,nl,top1000
62218,oisd.nl,nl,top1000
62230,ninedegrees.nl,nl,top1000
62572,filmtotaal.nl,nl,top1000
62753,123inkt.nl,nl,top1000
63184,douglas.nl,nl,top1000
63341,kinky.nl,nl,top1000
63360,roompot.nl,nl,top1000
63363,jdsports.nl,nl,top1000
63454,unibet.nl,nl,top1000
63506,nen.nl,nl,top1000
63601,erasmusmc.nl,nl,top1000
63764,transport-online.nl,nl,top1000
63807,nieuws.nl,nl,top1000
63831,centerparcs.nl,nl,top1000
63847,openprovider.nl,nl,top1000
63874,flair.nl,nl,top1000
63884,peek-cloppenburg.nl,nl,top1000
63961,kentekencheck.nl,nl,top1000
64220,hccnet.nl,nl,top1000
64242,nn.nl,nl,top1000
64378,decorrespondent.nl,nl,top1000
64424,quest.nl,nl,top1000
64445,autovisie.nl,nl,top1000
64462,cloudmonsters.nl,nl,top1000
64505,elektramat.nl,nl,top1000
64507,tiscali.nl,nl,top1000
64523,vakantieveilingen.nl,nl,top1000
64566,vanuffelenmode.nl,nl,top1000
64606,catawiki.nl,nl,top1000
64661,utrecht.nl,nl,top1000
64920,masterdns.nl,nl,top1000
64929,dn-s.nl,nl,top1000
65082,offsh.nl,nl,top1000
65204,degiro.nl,nl,top1000
65322,megekko.nl,nl,top1000
65569,prenatal.nl,nl,top1000
65708,myrootnet.nl,nl,top1000
65858,dirk.nl,nl,top1000
65909,kieskeurig.nl,nl,top1000
65928,manners.nl,nl,top1000
65967,libris.nl,nl,top1000
66415,studeersnel.nl,nl,top1000
66543,veronicasuperguide.nl,nl,top1000
66628,csnet.nl,nl,top1000
66843,bergfreunde.nl,nl,top1000
66872,bokt.nl,nl,top1000
66939,natuurmonumenten.nl,nl,top1000
67038,han.nl,nl,top1000
67189,mijnpensioenoverzicht.nl,nl,top1000
67236,hva.nl,nl,top1000
67466,autodoc.nl,nl,top1000
67506,vagina.nl,nl,top1000
67557,kijk.nl,nl,top1000
67582,naturalis.nl,nl,top1000
67636,l1nieuws.nl,nl,top1000
67892,mining-dutch.nl,nl,top1000
67902,archieven.nl,nl,top1000
68080,bruna.nl,nl,top1000
68127,jmouders.nl,nl,top1000
68282,knvb.nl,nl,top1000
68324,myheritage.nl,nl,top1000
68677,jacks.nl,nl,top1000
68766,oost.nl,nl,top1000
68926,msmode.nl,nl,top1000
69215,pay.nl,nl,top1000
69786,story.nl,nl,top1000
70126,terk.nl,nl,top1000
70266,bonprix.nl,nl,top1000
70313,schuurman-schoenen.nl,nl,top1000
70496,asr.nl,nl,top1000
70650,jysk.nl,nl,top1000
70732,svb.nl,nl,top1000
70876,milieucentraal.nl,nl,top1000
70983,nelson.nl,nl,top1000
71029,jan-magazine.nl,nl,top1000
71284,radboudumc.nl,nl,top1000
71490,kansspelautoriteit.nl,nl,top1000
71497,euroclix.nl,nl,top1000
71606,easytoys.nl,nl,top1000
71671,711.nl,nl,top1000
71945,looopings.nl,nl,top1000
71987,uha.nl,nl,top1000
72024,obelink.nl,nl,top1000
72203,afm.nl,nl,top1000
72449,lycos.nl,nl,top1000
72510,e-boekhouden.nl,nl,top1000
72519,groene.nl,nl,top1000
72768,awsdns-eusc-17.nl,nl,top1000
72865,treinposities.nl,nl,top1000
72926,anwbcamping.nl,nl,top1000
72929,gsmpunt.nl,nl,top1000
72950,encyclo.nl,nl,top1000
72962,duurzaamnieuws.nl,nl,top1000
73031,fr12.nl,nl,top1000
73290,girlsreview.nl,nl,top1000
73313,mediacourant.nl,nl,top1000
73474,bet365.nl,nl,top1000
73551,waldnet.nl,nl,top1000
73566,gettyimages.nl,nl,top1000
73587,kekmama.nl,nl,top1000
73810,visdeal.nl,nl,top1000
73831,byte.nl,nl,top1000
74150,onlinebibliotheek.nl,nl,top1000
74305,schuttevaer.nl,nl,top1000
74435,nederlandwereldwijd.nl,nl,top1000
74442,umcg.nl,nl,top1000
74493,deloox.nl,nl,top1000
74873,terstal.nl,nl,top1000
75211,thomann.nl,nl,top1000
75318,klantenvertellen.nl,nl,top1000
75334,amc.nl,nl,top1000
75757,omroepflevoland.nl,nl,top1000
75946,eefkooktzo.nl,nl,top1000
76017,smulderstextiel.nl,nl,top1000
76190,keukenman.nl,nl,top1000
76233,autoreview.nl,nl,top1000
76467,webreus.nl,nl,top1000
76762,gezondnu.nl,nl,top1000
76832,fbto.nl,nl,top1000
77020,bhic.nl,nl,top1000
77073,groningen.nl,nl,top1000
77234,woonoutletxl.nl,nl,top1000
77270,nationaalarchief.nl,nl,top1000
77299,intergamma.nl,nl,top1000
77309,philips.nl,nl,top1000
77418,wibnet.nl,nl,top1000
77545,indeleiderstrui.nl,nl,top1000
77851,regiobank.nl,nl,top1000
78363,gethost.nl,nl,top1000
78439,dlogicns.nl,nl,top1000
78532,nluug.nl,nl,top1000
78556,nvwa.nl,nl,top1000
78790,aquahotplus.nl,nl,top1000
78861,staatsbosbeheer.nl,nl,top1000
79082,tribalwars.nl,nl,top1000
79248,ntr.nl,nl,top1000
79336,interip.nl,nl,top1000
79592,managementboek.nl,nl,top1000
79867,upinthesky.nl,nl,top1000
79971,cbr.nl,nl,top1000
80152,verhuisdieren.nl,nl,top1000
80299,intergasdata.nl,nl,top1000
80366,springest.nl,nl,top1000
80416,keukenhof.nl,nl,top1000
80517,zwangerschapspagina.nl,nl,top1000
80710,ziggozakelijk.nl,nl,top1000
80742,caren.nl,nl,top1000
80882,hollandcasino.nl,nl,top1000
81055,bitdefender.nl,nl,top1000
81161,twenteinsite.nl,nl,top1000
82044,spellingoefenen.nl,nl,top1000
82291,mamaplaats.nl,nl,top1000
82343,ncsc.nl,nl,top1000
82480,ns01.nl,nl,top1000
82750,nieuwspaal.nl,nl,top1000
82756,wikikids.nl,nl,top1000
82771,mijnwefact.nl,nl,top1000
83341,ns02.nl,nl,top1000
83348,domainorderdns.nl,nl,top1000
83462,noshosting.nl,nl,top1000
83580,ecare.nl,nl,top1000
83810,medimo.nl,nl,top1000
83926,wielerrevue.nl,nl,top1000
84389,lumc.nl,nl,top1000
84418,srvnl.nl,nl,top1000
84586,keukenmontagegroepnederland.nl,nl,top1000
84985,theorie.nl,nl,top1000
85031,intikkertje.nl,nl,top1000
85050,tafeldiploma.nl,nl,top1000
85172,netherlandsandyou.nl,nl,top1000
85388,chatgirl.nl,nl,top1000
85401,internet.nl,nl,top1000
85713,rijksoverheidnl.nl,nl,top1000
85828,elkspel.nl,nl,top1000
85889,112meldingen.nl,nl,top1000
86133,ns03.nl,nl,top1000
86164,travelengine.nl,nl,top1000
86256,mauritshuis.nl,nl,top1000
86566,bungalowspecials.nl,nl,top1000
86618,runners.nl,nl,top1000
86868,masa49.nl,nl,top1000
86936,ajax1.nl,nl,top1000
87127,noorderland.nl,nl,top1000
87404,cultureelerfgoed.nl,nl,top1000
87644,woonnet-haaglanden.nl,nl,top1000
88415,zelesta.nl,nl,top1000
88551,awsdns-eusc-51.nl,nl,top1000
88769,secondlove.nl,nl,top1000
88808,streamgate.nl,nl,top1000
88987,dewitschijndel.nl,nl,top1000
89081,flowapp.nl,nl,top1000
89312,eo.nl,nl,top1000
89426,gls-info.nl,nl,top1000
89565,hix.nl,nl,top1000
90452,idfa.nl,nl,top1000
90508,telefoonboek.nl,nl,top1000
90843,rkd.nl,nl,top1000
91214,f1maximaal.nl,nl,top1000
91244,kabelshop.nl,nl,top1000
91298,searacon.nl,nl,top1000
91894,hu.nl,nl,top1000
92933,gp33.nl,nl,top1000
93014,horse-nation.nl,nl,top1000
93639,novamora.nl,nl,top1000
93676,ondeugend-daten.nl,nl,top1000
93925,regioswingers.nl,nl,top1000
94552,wordfeudhelp.nl,nl,top1000
94553,wordfeudwoorden.nl,nl,top1000
94986,nibud.nl,nl,top1000
95056,fontys.nl,nl,top1000
95153,mfcdn.nl,nl,top1000
95157,onderdelenlijn.nl,nl,top1000
95163,awsdns-eusc-41.nl,nl,top1000
95408,awsdns-eusc-44.nl,nl,top1000
95430,psv.nl,nl,top1000
95480,om.nl,nl,top1000
95535,euronet.nl,nl,top1000
95590,supporters.nl,nl,top1000
95792,rnw.nl,nl,top1000
95865,wxs.nl,nl,top1000
95967,interstroom.nl,nl,top1000
96048,zoover.nl,nl,top1000
96185,capfun.nl,nl,top1000
96319,your-webhost.nl,nl,top1000
96670,icecat.nl,nl,top1000
96767,fnv.nl,nl,top1000
96803,ispcloud.nl,nl,top1000
96914,unive.nl,nl,top1000
96928,takoy.nl,nl,top1000
97299,visitoost.nl,nl,top1000
97521,jeugdjournaal.nl,nl,top1000
97555,touretappe.nl,nl,top1000
97580,kaartje2go.nl,nl,top1000
97749,mijnhostingpartner.nl,nl,top1000
97829,vattenfall.nl,nl,top1000
98063,caveo.nl,nl,top1000
98112,cameranu.nl,nl,top1000
98215,netherlandsworldwide.nl,nl,top1000
98288,jbl.nl,nl,top1000
98722,eyefilm.nl,nl,top1000
98833,vandale.nl,nl,top1000
98941,whitelabeldomein.nl,nl,top1000
99651,deondernemer.nl,nl,top1000
99925,petities.nl,nl,top1000
99975,nmo-ep.nl,nl,top1000
100000,taaloefenen.nl,nl,top1000
100083,plein.nl,nl,top1000
100140,plusonline.nl,nl,top1000
100425,salesdock.nl,nl,top1000
100512,intermax.nl,nl,top1000
100641,werkenbijkarwei.nl,nl,top1000
100695,zilverenkruis.nl,nl,top1000
100840,hanze.nl,nl,top1000
100919,surver.nl,nl,top1000
101038,nationalgeographic.nl,nl,top1000
101050,designpro.nl,nl,top1000
101080,kenney.nl,nl,top1000
101112,gop3.nl,nl,top1000
101392,werkzoeken.nl,nl,top1000
101581,dla.nl,nl,top1000
101764,randstad.nl,nl,top1000
101977,dicode.nl,nl,top1000
101990,marokko.nl,nl,top1000
102089,hyves.nl,nl,top1000
102276,lampenlicht.nl,nl,top1000
102350,keurigonline75.nl,nl,top1000
102382,rtvoost.nl,nl,top1000
102481,hostingcp.nl,nl,top1000
102525,cyberfusion.nl,nl,top1000
102594,amnesty.nl,nl,top1000
103072,awsdns-eusc-13.nl,nl,top1000
103118,weerverteller.nl,nl,top1000
104267,hosting.nl,nl,top1000
104588,zonmw.nl,nl,top1000
104633,bax-shop.nl,nl,top1000
104801,hebban.nl,nl,top1000
104964,stack.nl,nl,top1000
105001,pararius.nl,nl,top1000
105046,kamera-express.nl,nl,top1000
105065,intertoys.nl,nl,top1000
105262,cookiecode.nl,nl,top1000
105420,web-log.nl,nl,top1000
105464,zorgwijzer.nl,nl,top1000
105489,iclicks.nl,nl,top1000
105501,conrad.nl,nl,top1000
105557,webhostingserver.nl,nl,top1000
105574,nlnet.nl,nl,top1000
105618,pixel-hosting.nl,nl,top1000
105650,vimexx.nl,nl,top1000
105776,vng.nl,nl,top1000
105839,pxr.nl,nl,top1000
105962,divinet.nl,nl,top1000
106107,infonu.nl,nl,top1000
106195,berden-fashion.nl,nl,top1000
106502,fstatic.nl,nl,top1000
106533,leidschdagblad.nl,nl,top1000
106560,essent.nl,nl,top1000
107258,foreca.nl,nl,top1000
107321,webwiki.nl,nl,top1000
107686,golfsupport.nl,nl,top1000
107817,bosbrandeneuropa.nl,nl,top1000
107878,awsdns-eusc-22.nl,nl,top1000
108001,biano.nl,nl,top1000
108300,notino.nl,nl,top1000
108392,aldi.nl,nl,top1000
108419,d-server.nl,nl,top1000
108533,panq.nl,nl,top1000
108727,stouteschatten.nl,nl,top1000
108768,trivago.nl,nl,top1000
108836,boijmans.nl,nl,top1000
108887,startkabel.nl,nl,top1000
108982,awsdns-eusc-11.nl,nl,top1000
109774,casadormi.nl,nl,top1000
109975,iamexpat.nl,nl,top1000
110131,boekwinkeltjes.nl,nl,top1000
110345,restaurants.nl,nl,top1000
110465,sligro.nl,nl,top1000
110575,infrapod.nl,nl,top1000
110930,nieuweoogst.nl,nl,top1000
110984,kun.nl,nl,top1000
111065,postcodeloterij.nl,nl,top1000
111266,voipit.nl,nl,top1000
111382,expedia.nl,nl,top1000
111567,woonexpress.nl,nl,top1000
111621,systemec.nl,nl,top1000
112101,hbet.nl,nl,top1000
112704,sinartogel.nl,nl,top1000
112776,tdxflix.nl,nl,top1000
112883,vegamoviez.nl,nl,top1000
113015,yanhh3d.nl,nl,top1000
113351,awsdns-eusc-34.nl,nl,top1000
113541,dagjeweg.nl,nl,top1000
113570,voetbalshop.nl,nl,top1000
113571,gvb.nl,nl,top1000
113696,ion-as.nl,nl,top1000
113743,hro.nl,nl,top1000
113810,pdok.nl,nl,top1000
114071,fundainbusiness.nl,nl,top1000
114108,is.nl,nl,top1000
114350,trekpleister.nl,nl,top1000
114478,rodi.nl,nl,top1000
114540,triple-it.nl,nl,top1000
114705,nlhosting.nl,nl,top1000
114872,hexon-is.nl,nl,top1000
115031,webnode.nl,nl,top1000
115106,t-mobile.nl,nl,top1000
115184,hostingindustries.nl,nl,top1000
115226,ov-chipkaart.nl,nl,top1000
115370,alweereenwinnaar.nl,nl,top1000
115394,concertgebouw.nl,nl,top1000
115432,ftm.nl,nl,top1000
115760,newsbit.nl,nl,top1000
115908,je-eigen-domein.nl,nl,top1000
116003,openoffice.nl,nl,top1000
116049,trimbos.nl,nl,top1000
116195,vara.nl,nl,top1000
116221,icehosting.nl,nl,top1000
116352,molecaten.nl,nl,top1000
116399,interconnect-dns.nl,nl,top1000
116484,holidaymedia.nl,nl,top1000
116712,nexthost.nl,nl,top1000
116817,saxion.nl,nl,top1000
116886,ds1.nl,nl,top1000
116930,nporadio2.nl,nl,top1000
117491,sidnlabs.nl,nl,top1000
117609,vriendenloterij.nl,nl,top1000
117928,ikoula.nl,nl,top1000
117944,hosting2go.nl,nl,top1000
118107,buckaroo.nl,nl,top1000
118240,kpn.nl,nl,top1000
118253,move.nl,nl,top1000
118898,hartstichting.nl,nl,top1000
118922,oudersvannu.nl,nl,top1000
119079,thelittlegreenbag.nl,nl,top1000
119256,museum.nl,nl,top1000
119767,awsdns-eusc-19.nl,nl,top1000
120209,voordeeluitjes.nl,nl,top1000
120524,newsifier.nl,nl,top1000
120593,rodekruis.nl,nl,top1000
120604,tiscomhosting.nl,nl,top1000
120642,weer.nl,nl,top1000
120670,huurwoningen.nl,nl,top1000
120766,2makeitwork.nl,nl,top1000
120794,s-bb.nl,nl,top1000
120818,pcextreme.nl,nl,top1000
120819,xgn.nl,nl,top1000
120988,inholland.nl,nl,top1000
121007,mtsprout.nl,nl,top1000
121081,awsdns-eusc-24.nl,nl,top1000
121204,menzis.nl,nl,top1000
121287,kamernet.nl,nl,top1000
121315,exactonline.nl,nl,top1000
121510,leenbakker.nl,nl,top1000
121535,vogelbescherming.nl,nl,top1000
121618,intergamma-test.nl,nl,top1000
122316,all4running.nl,nl,top1000
122364,movisie.nl,nl,top1000
122735,mercateo.nl,nl,top1000
122928,ahbv.nl,nl,top1000
122964,cdr.nl,nl,top1000
123090,sogeti.nl,nl,top1000
123169,computable.nl,nl,top1000
123245,nuffic.nl,nl,top1000
123366,motor-forum.nl,nl,top1000
123419,hku.nl,nl,top1000
123568,karweioutletstore.nl,nl,top1000
123586,signet.nl,nl,top1000
123677,kwantum.nl,nl,top1000
123695,binnenlandsbestuur.nl,nl,top1000
123715,passasports.nl,nl,top1000
123990,avisynth.nl,nl,top1000
124004,my3cx.nl,nl,top1000
124060,restintergamma.nl,nl,top1000
124382,xenos.nl,nl,top1000
124385,firstfind.nl,nl,top1000
124509,eneco.nl,nl,top1000
124631,windesheim.nl,nl,top1000
124686,visittwente.nl,nl,top1000
124769,europarcs.nl,nl,top1000
124783,bidfood.nl,nl,top1000
124839,mpower.nl,nl,top1000
124850,lbmedia.nl,nl,top1000
125217,homedeco.nl,nl,top1000
125445,unimaas.nl,nl,top1000
125496,montel.nl,nl,top1000
125788,androidworld.nl,nl,top1000
125811,5269.nl,nl,top1000
125819,jellinek.nl,nl,top1000
125832,androidplanet.nl,nl,top1000
126231,sdu.nl,nl,top1000
126399,infracom.nl,nl,top1000
126658,boerderij.nl,nl,top1000
126830,vergelijk.nl,nl,top1000
126943,smitmode.nl,nl,top1000
126987,ivn.nl,nl,top1000
126993,d66.nl,nl,top1000
127446,botentekoop.nl,nl,top1000
127609,npo3fm.nl,nl,top1000
127975,nationalevacaturebank.nl,nl,top1000
128070,rijdendetreinen.nl,nl,top1000
128245,artez.nl,nl,top1000
128357,interglot.nl,nl,top1000
128487,nijmegen.nl,nl,top1000
128510,nji.nl,nl,top1000
128621,koninklijkhuis.nl,nl,top1000
128795,simpel.nl,nl,top1000
129060,dhlparcel.nl,nl,top1000
129302,3wt.nl,nl,top1000
129410,blackgate.nl,nl,top1000
129489,icscards.nl,nl,top1000
129580,klikonline.nl,nl,top1000
129645,oogtv.nl,nl,top1000
129758,malmberg.nl,nl,top1000
129858,asn.nl,nl,top1000
129937,amsterdamumc.nl,nl,top1000
130053,baktotaal.nl,nl,top1000
130098,feddit.nl,nl,top1000
130218,toolstation.nl,nl,top1000
130234,12gobiking.nl,nl,top1000
130470,sp.nl,nl,top1000
130544,werk.nl,nl,top1000
130676,voipgrid.nl,nl,top1000
130823,nlziet.nl,nl,top1000
131149,paradiso.nl,nl,top1000
131183,dagelijksestandaard.nl,nl,top1000
131450,digitalrevolution.nl,nl,top1000
131955,awsdns-eusc-14.nl,nl,top1000
132163,avans.nl,nl,top1000
132487,kansino.nl,nl,top1000
132491,degeschillencommissie.nl,nl,top1000
132595,mumc.nl,nl,top1000
132692,hunkemoller.nl,nl,top1000
133038,greensaleshoogeveen.nl,nl,top1000
133379,welkoop.nl,nl,top1000
133493,shownieuws.nl,nl,top1000
133740,makro.nl,nl,top1000
133749,eigenhuis.nl,nl,top1000
133776,connectium.nl,nl,top1000
133828,autotrader.nl,nl,top1000
133947,be-one.nl,nl,top1000
133992,onzetaal.nl,nl,top1000
134274,thestone.nl,nl,top1000
134288,bibliotheek.nl,nl,top1000
134307,dominos.nl,nl,top1000
134425,sanitairwinkel.nl,nl,top1000
134702,stric.nl,nl,top1000
134723,24baby.nl,nl,top1000
134776,jvhhosting.nl,nl,top1000
134870,tina.nl,nl,top1000
134885,weberseeds.nl,nl,top1000
134893,cpb.nl,nl,top1000
135041,lexa.nl,nl,top1000
135146,awsdns-eusc-43.nl,nl,top1000
135189,vriendin.nl,nl,top1000
135333,pietklerkx.nl,nl,top1000
135340,cedmod.nl,nl,top1000
135635,playsense.nl,nl,top1000
135677,ioplus.nl,nl,top1000
135721,boom.nl,nl,top1000
135982,studentjob.nl,nl,top1000
136037,site.nl,nl,top1000
136065,operaballet.nl,nl,top1000
136067,wecloudithosting.nl,nl,top1000
136076,almere.nl,nl,top1000
136160,nextdoor.nl,nl,top1000
136247,inconel.nl,nl,top1000
136347,ben.nl,nl,top1000
136417,want.nl,nl,top1000
136418,iculture.nl,nl,top1000
136496,alternate.nl,nl,top1000
136503,dnoenergie.nl,nl,top1000
136659,versio.nl,nl,top1000
136820,fietsersbond.nl,nl,top1000
136975,adformatie.nl,nl,top1000
137065,eurosport.nl,nl,top1000
137153,vodafoneziggo.nl,nl,top1000
137170,topgear.nl,nl,top1000
137432,koekeltjes.nl,nl,top1000
137605,kixx.nl,nl,top1000
137720,webxtra.nl,nl,top1000
137825,wibra.nl,nl,top1000
137872,schroer.nl,nl,top1000
137906,interpolis.nl,nl,top1000
137949,amsterdam-dance-event.nl,nl,top1000
138044,toolmax.nl,nl,top1000
138067,vuecinemas.nl,nl,top1000
138099,vliegwinkel.nl,nl,top1000
138141,headliner.nl,nl,top1000
138259,bo5.nl,nl,top1000
138365,toeslagen.nl,nl,top1000
138734,werkenbijgamma.nl,nl,top1000
138962,sans.nl,nl,top1000
138982,bsconnect.nl,nl,top1000
139143,tivolivredenburg.nl,nl,top1000
139195,nederhost.nl,nl,top1000
139227,kavos-dns.nl,nl,top1000
139572,aup.nl,nl,top1000
139905,intermediair.nl,nl,top1000
139985,moonling.nl,nl,top1000
140218,ivin.nl,nl,top1000
140592,spothost.nl,nl,top1000
140594,dille-kamille.nl,nl,top1000
140700,security.nl,nl,top1000
141212,tripper.nl,nl,top1000
141331,kwf.nl,nl,top1000
141349,rsm.nl,nl,top1000
141434,pagina.nl,nl,top1000
141481,werkspot.nl,nl,top1000
141540,basenet.nl,nl,top1000
141587,futurumshop.nl,nl,top1000
141704,jouwpagina.nl,nl,top1000
141775,artis.nl,nl,top1000
141867,raadvanstate.nl,nl,top1000
142002,trustoo.nl,nl,top1000
142090,telfort.nl,nl,top1000
142262,formule1.nl,nl,top1000
142323,pwc.nl,nl,top1000
142370,imco.nl,nl,top1000
142620,ssc-campus.nl,nl,top1000
142671,softtechhosting.nl,nl,top1000
142693,orientalwebshop.nl,nl,top1000
142759,azerty.nl,nl,top1000
142829,online-begraafplaatsen.nl,nl,top1000
142974,gardenersworldmagazine.nl,nl,top1000
143053,sbdns.nl,nl,top1000
143088,somo.nl,nl,top1000
143192,pricewise.nl,nl,top1000
143250,dierenbescherming.nl,nl,top1000
143632,worldstream.nl,nl,top1000
143846,zeeland.nl,nl,top1000
144045,beterbed.nl,nl,top1000
144072,ser.nl,nl,top1000
144100,ej.nl,nl,top1000
144233,marketingfacts.nl,nl,top1000
144268,mocdns.nl,nl,top1000
144280,gigameubel.nl,nl,top1000
144290,wiewaswie.nl,nl,top1000
144485,upc.nl,nl,top1000
144597,smartwatchbanden.nl,nl,top1000
144778,internetconsultatie.nl,nl,top1000
144862,ssonet.nl,nl,top1000
144938,comnet.nl,nl,top1000
145146,nederlandweb.nl,nl,top1000
145212,hellofresh.nl,nl,top1000
145531,casino777.nl,nl,top1000
145754,shopmania.nl,nl,top1000
145830,mastodon.nl,nl,top1000
146125,barneveldsekrant.nl,nl,top1000
146168,eindhoven.nl,nl,top1000
146623,notebookcheck.nl,nl,top1000
146715,nautilus99.nl,nl,top1000
146814,medpets.nl,nl,top1000
147247,domeinbalie.nl,nl,top1000
147325,technischeunie.nl,nl,top1000
147619,zorgdomein.nl,nl,top1000
150472,xmissy.nl,nl,random1000
151852,softonic.nl,nl,random1000
152202,berekenhet.nl,nl,random1000
153674,werkaandemuur.nl,nl,random1000
155134,q-park.nl,nl,random1000
161858,brabant.nl,nl,random1000
162613,kidsproof.nl,nl,random1000
162995,xboxworld.nl,nl,random1000
164288,nederweert24.nl,nl,random1000
164769,youngcapital.nl,nl,random1000
166019,uwpagina.nl,nl,random1000
170416,ilovespeelgoed.nl,nl,random1000
171313,dedrankenmarkt.nl,nl,random1000
175524,zorginstituutnederland.nl,nl,random1000
177225,bart.nl,nl,random1000
183902,beefensteak.nl,nl,random1000
184630,nr1motor.nl,nl,random1000
190902,kookwinkel.nl,nl,random1000
193559,escortily.nl,nl,random1000
194143,exception.nl,nl,random1000
194427,webruimtehosting.nl,nl,random1000
195080,rmo.nl,nl,random1000
196446,bitwizard.nl,nl,random1000
196868,sommenoefenen.nl,nl,random1000
199198,maal69.nl,nl,random1000
199977,dordrecht.nl,nl,random1000
200774,vanmossel.nl,nl,random1000
202149,1a.nl,nl,random1000
203842,heuveltex.nl,nl,random1000
204450,standbyhosting.nl,nl,random1000
205649,hostlinq.nl,nl,random1000
209794,enexis.nl,nl,random1000
211731,olvg.nl,nl,random1000
216356,mijnetz.nl,nl,random1000
219855,virtu.nl,nl,random1000
221883,eindhovenairport.nl,nl,random1000
223318,vierdaagsefeesten.nl,nl,random1000
225252,sanquin.nl,nl,random1000
226250,deltazakelijk.nl,nl,random1000
231741,heerlijkehuisjes.nl,nl,random1000
231899,detelefoongids.nl,nl,random1000
231910,liander.nl,nl,random1000
232623,imu.nl,nl,random1000
232769,cbws.nl,nl,random1000
233153,enschede.nl,nl,random1000
236485,groei.nl,nl,random1000
252383,npo3.nl,nl,random1000
254808,easyparts.nl,nl,random1000
255055,brandfield.nl,nl,random1000
257896,hetnieuweinstituut.nl,nl,random1000
258936,companypointdns.nl,nl,random1000
261838,bodystore.nl,nl,random1000
262790,camerashop24.nl,nl,random1000
263802,forum.nl,nl,random1000
264706,voetbal.nl,nl,random1000
265242,debalie.nl,nl,random1000
266550,4en5mei.nl,nl,random1000
266964,vanharen.nl,nl,random1000
268484,companyinfo.nl,nl,random1000
269168,spele.nl,nl,random1000
269759,glk.nl,nl,random1000
269891,manierleeuw.nl,nl,random1000
270021,zazzle.nl,nl,random1000
273128,spoorwegmuseum.nl,nl,random1000
274042,haarspullen.nl,nl,random1000
274504,newstorydns.nl,nl,random1000
274660,mmcdn.nl,nl,random1000
275277,amsterdammuseum.nl,nl,random1000
276713,f2x.nl,nl,random1000
281223,aquaforum.nl,nl,random1000
281851,bedrukken.nl,nl,random1000
283108,biketotaal.nl,nl,random1000
284368,technoberg.nl,nl,random1000
285362,dutchitchannel.nl,nl,random1000
288583,viadennis.nl,nl,random1000
289294,deventer.nl,nl,random1000
289612,omroepmax.nl,nl,random1000
290803,dnsready.nl,nl,random1000
291655,boodschappen.nl,nl,random1000
291992,debijbel.nl,nl,random1000
293596,wurth.nl,nl,random1000
293721,sandervunderink.nl,nl,random1000
294558,onderdelenhuis.nl,nl,random1000
294808,bluebirdmedia.nl,nl,random1000
296354,thuis.nl,nl,random1000
299209,awsdns-eusc-63.nl,nl,random1000
299321,1twente.nl,nl,random1000
299543,neeltjejans.nl,nl,random1000
301290,24rosa.nl,nl,random1000
301682,dormio.nl,nl,random1000
302063,eherkenning.nl,nl,random1000
302133,openingstijden.nl,nl,random1000
305220,gezondheidaanhuis.nl,nl,random1000
306973,asser.nl,nl,random1000
310267,knmp.nl,nl,random1000
312321,matrasconcurrent.nl,nl,random1000
313337,linguee.nl,nl,random1000
314133,9292ov.nl,nl,random1000
315719,huren.nl,nl,random1000
318812,mkb.nl,nl,random1000
322210,machinetrack.nl,nl,random1000
322850,at-the-beach.nl,nl,random1000
323099,sounds.nl,nl,random1000
324101,indi.nl,nl,random1000
326204,renault.nl,nl,random1000
326413,in2ip.nl,nl,random1000
327490,biesheuvel.nl,nl,random1000
327522,miele.nl,nl,random1000
329219,nedapdns.nl,nl,random1000
329890,talpatvcdn.nl,nl,random1000
330593,glamira.nl,nl,random1000
331248,tolkie.nl,nl,random1000
332192,deurbeslag.nl,nl,random1000
333990,wrr.nl,nl,random1000
334178,autoverleden.nl,nl,random1000
336311,espracom.nl,nl,random1000
337652,maasstadziekenhuis.nl,nl,random1000
340604,henz.nl,nl,random1000
342221,smartmarketdirect.nl,nl,random1000
343067,rapidjackpotclub.nl,nl,random1000
344877,elmhosting.nl,nl,random1000
345307,smartfocusdirect.nl,nl,random1000
347479,meadowdeskfocus.nl,nl,random1000
349285,mfaservices.nl,nl,random1000
349328,smartbetarena.nl,nl,random1000
349443,cornerservicesstreet.nl,nl,random1000
350639,bravearenadenhaag.nl,nl,random1000
351168,blogcluster.nl,nl,random1000
352339,vanbeekfietsen.nl,nl,random1000
352711,sharpfocusprime.nl,nl,random1000
352804,urbanfocusplus.nl,nl,random1000
353556,gorinchem.nl,nl,random1000
353723,smartspacezone.nl,nl,random1000
354432,socialcareercity.nl,nl,random1000
354450,brightreviewbuzz.nl,nl,random1000
355272,smartcentralgroup.nl,nl,random1000
355874,urbanlifelife.nl,nl,random1000
356009,primereelscentral.nl,nl,random1000
356274,axeos.nl,nl,random1000
356354,boldhouseshop.nl,nl,random1000
356639,majorhealtheuropa.nl,nl,random1000
357111,urbanforumexpress.nl,nl,random1000
357637,brightmediaworld.nl,nl,random1000
358047,nobleboardnetwork.nl,nl,random1000
358152,muco.nl,nl,random1000
358908,miinto.nl,nl,random1000
359395,vascowijn.nl,nl,random1000
360031,promarkettoday.nl,nl,random1000
360255,stimuleringsfonds.nl,nl,random1000
360939,smartbetdirect.nl,nl,random1000
361382,eredivisie.nl,nl,random1000
361780,dreamland.nl,nl,random1000
362910,goldenlogiczone.nl,nl,random1000
363519,deschouwwitgoed.nl,nl,random1000
363979,rapidstudiodirect.nl,nl,random1000
364157,poppers-wallebroek.nl,nl,random1000
365691,freesystemsselect.nl,nl,random1000
365876,socialnationplace.nl,nl,random1000
365900,elitemarketgroup.nl,nl,random1000
366269,tanzu.nl,nl,random1000
367260,brightcentraldirect.nl,nl,random1000
367972,riverhubhub.nl,nl,random1000
368235,youthfaithexploration.nl,nl,random1000
368255,smartbluebasepoint.nl,nl,random1000
368925,profijtmeubel.nl,nl,random1000
369059,futurelogicdigital.nl,nl,random1000
369478,proglobaldrivepoint.nl,nl,random1000
371199,coolhealthguide.nl,nl,random1000
371614,schoolbank.nl,nl,random1000
371666,brightcentralhub.nl,nl,random1000
371895,pixelpulseelite.nl,nl,random1000
372460,diamondrushgames.nl,nl,random1000
372646,cosmicworksclub.nl,nl,random1000
373177,smartluckworld.nl,nl,random1000
373967,urbancasinoplus.nl,nl,random1000
374190,urbannetworknetwork.nl,nl,random1000
374521,quickbetnationzone.nl,nl,random1000
374564,ultrafreshfieldpoint.nl,nl,random1000
374999,supersaas.nl,nl,random1000
375144,cloudluckyzone.nl,nl,random1000
375571,supercorehubpoint.nl,nl,random1000
375889,zonehubsite.nl,nl,random1000
375999,magicgardenadvisor.nl,nl,random1000
376219,topnovalinepoint.nl,nl,random1000
376673,lampenmanie.nl,nl,random1000
376925,urbanstudiopro.nl,nl,random1000
377643,smoothvisioncommunity.nl,nl,random1000
378317,diamondcasinoworld.nl,nl,random1000
378534,happycorneralmere.nl,nl,random1000
379129,serverius.nl,nl,random1000
379831,smartfuturezonehub.nl,nl,random1000
380122,mydnsserver.nl,nl,random1000
381081,xtremesmile.nl,nl,random1000
381652,superspinrushpoint.nl,nl,random1000
382453,velvetcareerdigital.nl,nl,random1000
382934,procardmatrixspace.nl,nl,random1000
384119,neomegamasterbase.nl,nl,random1000
384213,royaljackpotonline.nl,nl,random1000
384967,elitemarketzone.nl,nl,random1000
385399,euromast.nl,nl,random1000
386072,spincrown.nl,nl,random1000
387345,southworldspark.nl,nl,random1000
387476,clearhubzone.nl,nl,random1000
387640,smartroyallaunchpoint.nl,nl,random1000
387990,mijnsportvisserij.nl,nl,random1000
388263,smoothtipstrack.nl,nl,random1000
388528,truebriefreview.nl,nl,random1000
388542,dailytravelranking.nl,nl,random1000
388678,minorscopeinsider.nl,nl,random1000
389352,lobbesproaudio.nl,nl,random1000
389984,parship.nl,nl,random1000
390061,magicstoryfocus.nl,nl,random1000
390160,dichtbij.nl,nl,random1000
390747,wurnet.nl,nl,random1000
391378,localpostclub.nl,nl,random1000
391454,wisenetworkzone.nl,nl,random1000
391643,freeartplus.nl,nl,random1000
392024,bluebridgedigital.nl,nl,random1000
392057,reclamecode.nl,nl,random1000
392436,hdsr.nl,nl,random1000
392502,denkis.nl,nl,random1000
392945,aanhangwagendirect.nl,nl,random1000
393103,creativearenadirect.nl,nl,random1000
393321,freshvoiceinsider.nl,nl,random1000
393417,acereelsnetwork.nl,nl,random1000
393853,socialadvisorplus.nl,nl,random1000
394495,silvervisionlab.nl,nl,random1000
395620,aerowagerzone.nl,nl,random1000
396175,homify.nl,nl,random1000
396539,zig365.nl,nl,random1000
396730,fairreviewwave.nl,nl,random1000
397114,susteen.nl,nl,random1000
397127,dirckiii.nl,nl,random1000
397301,fusiongamingstudio.nl,nl,random1000
397822,alphacenterstack.nl,nl,random1000
400342,northwave.nl,nl,random1000
400422,draytek.nl,nl,random1000
402003,treinreiswinkel.nl,nl,random1000
402797,gammaluckyonline.nl,nl,random1000
403745,steadylifeworks.nl,nl,random1000
404027,fusioncasinoplatform.nl,nl,random1000
404731,puresphere.nl,nl,random1000
405155,calmhomeplus.nl,nl,random1000
405205,southbuzzshop.nl,nl,random1000
405758,portalboardnation.nl,nl,random1000
406364,wisetalkfactory.nl,nl,random1000
406576,freelance.nl,nl,random1000
406609,betaroulettestudio.nl,nl,random1000
407247,sunnyfoodagency.nl,nl,random1000
407499,onview.nl,nl,random1000
407541,stellarbettingbase.nl,nl,random1000
407998,radioviainternet.nl,nl,random1000
408754,alphacenterglobal.nl,nl,random1000
410036,placezonepath.nl,nl,random1000
411019,bnamed.nl,nl,random1000
411530,premiumstylesite.nl,nl,random1000
411641,wisevisiondutch.nl,nl,random1000
412192,vianetworks.nl,nl,random1000
412545,fusionbetonline.nl,nl,random1000
412651,solidluckyonline.nl,nl,random1000
413272,lumenclubflow.nl,nl,random1000
413980,primetoolsstreet.nl,nl,random1000
414474,blueconnectzone.nl,nl,random1000
415351,aerobetpro.nl,nl,random1000
415671,mondialrelay.nl,nl,random1000
417256,urbanbaseworld.nl,nl,random1000
418554,tulipadvisoragency.nl,nl,random1000
420086,novareviewsignal.nl,nl,random1000
420489,urbanitystoryzwolle.nl,nl,random1000
420633,catchyourcards.nl,nl,random1000
420733,socialexpertprime.nl,nl,random1000
421223,pathworksexpert.nl,nl,random1000
421935,visionarenadaily.nl,nl,random1000
422385,goldreelsplatform.nl,nl,random1000
422420,cosmobetgroup.nl,nl,random1000
422495,visiongamblelounge.nl,nl,random1000
422839,clearstudiogroup.nl,nl,random1000
423847,urbanflownetwork.nl,nl,random1000
424162,pixeldicestudio.nl,nl,random1000
424398,vuurwerkcrew.nl,nl,random1000
424815,nextfinancemedia.nl,nl,random1000
424947,profreshdrivezone.nl,nl,random1000
425152,hyperwageronline.nl,nl,random1000
425639,jkws2.nl,nl,random1000
426173,purepagemedia.nl,nl,random1000
426176,deltaluckyspace.nl,nl,random1000
426780,ultraluckyarenaworld.nl,nl,random1000
427247,cardtwist.nl,nl,random1000
428850,prettigparkeren.nl,nl,random1000
430386,archined.nl,nl,random1000
431000,bestcasinopowerzone.nl,nl,random1000
432018,urbanspaceworld.nl,nl,random1000
432188,primeplayhub.nl,nl,random1000
432815,roc.nl,nl,random1000
433105,streetfamilycity.nl,nl,random1000
433491,globalconnectworld.nl,nl,random1000
433674,fastmodernglobeworld.nl,nl,random1000
434461,primeglobalcrafthub.nl,nl,random1000
434504,aerospinsgroup.nl,nl,random1000
434593,elitespincentral.nl,nl,random1000
435103,fluxgamingpoint.nl,nl,random1000
436004,matrixdeskagency.nl,nl,random1000
436904,quickgreenpulsepoint.nl,nl,random1000
437046,primehubstudio.nl,nl,random1000
437061,placestorychoice.nl,nl,random1000
437636,anna-nina.nl,nl,random1000
438030,brighthubstudio.nl,nl,random1000
438910,ospito.nl,nl,random1000
439383,dailyguidecommunity.nl,nl,random1000
439457,simplefinderranking.nl,nl,random1000
439576,verlichting.nl,nl,random1000
439751,primecardsplus.nl,nl,random1000
439864,royaltrackhouse.nl,nl,random1000
440269,signallaunchmaastricht.nl,nl,random1000
440737,betson.nl,nl,random1000
440778,lowlandsbikerstore.nl,nl,random1000
441487,cosmospinsplus.nl,nl,random1000
442040,minortipsnation.nl,nl,random1000
442467,alphawagerdaily.nl,nl,random1000
442895,oldambtnu.nl,nl,random1000
443668,matrixgambledesk.nl,nl,random1000
444094,8wines.nl,nl,random1000
444133,zenbettingpro.nl,nl,random1000
444223,visionbetworld.nl,nl,random1000
445015,linkexplorer.nl,nl,random1000
445168,boldworkshaarlem.nl,nl,random1000
445229,proslotventurebase.nl,nl,random1000
445567,classicguidenews.nl,nl,random1000
445719,stellarnetworkfactory.nl,nl,random1000
445920,quickchipzonebase.nl,nl,random1000
445936,smoothtalkshop.nl,nl,random1000
446127,greenspacenetwork.nl,nl,random1000
447162,noblestreetstyle.nl,nl,random1000
447670,toptechtrendbase.nl,nl,random1000
447842,pathvoicenetwork.nl,nl,random1000
449027,smartmarketonline.nl,nl,random1000
450545,neofreshwavezone.nl,nl,random1000
450780,cream.nl,nl,random1000
450798,sharpshopalmere.nl,nl,random1000
451043,lease-a-bike.nl,nl,random1000
451140,boldbetplus.nl,nl,random1000
451666,crystalculturedigital.nl,nl,random1000
452620,minorvaultcorner.nl,nl,random1000
453866,brightworkspro.nl,nl,random1000
454159,magicfortuneonline.nl,nl,random1000
454347,calmlifechoice.nl,nl,random1000
454913,focustrend.nl,nl,random1000
454934,topnetworkmaastricht.nl,nl,random1000
455209,bestreelpointpoint.nl,nl,random1000
455222,florius.nl,nl,random1000
455324,easternfitnesssite.nl,nl,random1000
455326,meldmisdaadanoniem.nl,nl,random1000
455720,elitejackpotgridhub.nl,nl,random1000
455870,northvoicenow.nl,nl,random1000
455918,orbitgambleplus.nl,nl,random1000
456014,urbanmediaclub.nl,nl,random1000
456579,superreelshub.nl,nl,random1000
456584,smartwagerhubpoint.nl,nl,random1000
456617,fastmegastormzone.nl,nl,random1000
456900,platinumcasinoonline.nl,nl,random1000
457097,superrapidfieldhub.nl,nl,random1000
457267,neocasinocrownzone.nl,nl,random1000
457305,pixelpalaceflow.nl,nl,random1000
457336,pureguideagency.nl,nl,random1000
457548,winnation.nl,nl,random1000
457637,smartfutureforgepoint.nl,nl,random1000
457879,minorpostzwolle.nl,nl,random1000
458460,stellarlearningnetwork.nl,nl,random1000
459001,rapidjackpotzone.nl,nl,random1000
459339,westernbriefexpress.nl,nl,random1000
459456,rv-hosting.nl,nl,random1000
459703,reaal.nl,nl,random1000
459711,eliteluckzone.nl,nl,random1000
460031,deepapiservice.nl,nl,random1000
460195,freshgardencloud.nl,nl,random1000
460227,gammagamblenetwork.nl,nl,random1000
460559,onlinebetaalplatform.nl,nl,random1000
460624,fastpurebasepoint.nl,nl,random1000
460818,artsennet.nl,nl,random1000
461002,digitalbaselab.nl,nl,random1000
461358,epicpayouthub.nl,nl,random1000
461386,primegamblepro.nl,nl,random1000
461422,neorollgridpoint.nl,nl,random1000
461785,ultrabetcrownpoint.nl,nl,random1000
462098,easycosmetic.nl,nl,random1000
462265,silverbetworld.nl,nl,random1000
462325,royaljackpotzone.nl,nl,random1000
462471,urbannetworkhub.nl,nl,random1000
462708,trustedfashionlink.nl,nl,random1000
462931,traveldeal.nl,nl,random1000
463013,eliteluckguide.nl,nl,random1000
463232,destadamersfoort.nl,nl,random1000
463284,loulouessentiels.nl,nl,random1000
463800,visioncardslounge.nl,nl,random1000
464174,openclubwave.nl,nl,random1000
464823,nobleideassource.nl,nl,random1000
465832,grandbetclub.nl,nl,random1000
466539,northinsightzone.nl,nl,random1000
466747,plantenvinder.nl,nl,random1000
466954,hyperreelshouse.nl,nl,random1000
467237,allekringloopwinkels.nl,nl,random1000
467541,craftplus.nl,nl,random1000
467548,rapidcasinohub.nl,nl,random1000
467891,boldtalkeuropa.nl,nl,random1000
468264,nexusblackjackworks.nl,nl,random1000
468401,hightechcampus.nl,nl,random1000
468406,novagroupfocus.nl,nl,random1000
468567,epicslotsguide.nl,nl,random1000
468688,novagroupcentral.nl,nl,random1000
468948,crystalbytesagency.nl,nl,random1000
469044,novagroupportal.nl,nl,random1000
469311,bluecentralhub.nl,nl,random1000
469699,canalvoicezone.nl,nl,random1000
469710,amweb.nl,nl,random1000
470490,winnitt-casino-win.nl,nl,random1000
470834,99designs.nl,nl,random1000
470921,elitevisiononline.nl,nl,random1000
471004,novaeducationholland.nl,nl,random1000
471161,sharpfamilybase.nl,nl,random1000
471356,cornercenternow.nl,nl,random1000
471609,effeweg.nl,nl,random1000
471736,coreslotplatform.nl,nl,random1000
471816,freshclubelite.nl,nl,random1000
473270,goldenlogicworld.nl,nl,random1000
473483,clearlogicdigital.nl,nl,random1000
473644,smartspinclub.nl,nl,random1000
474110,mywheels.nl,nl,random1000
474403,aerowinsbase.nl,nl,random1000
474961,woodworking.nl,nl,random1000
475214,casinomark.nl,nl,random1000
475622,urbanvaultpro.nl,nl,random1000
475822,th05.nl,nl,random1000
476034,zenworldmatrix.nl,nl,random1000
476268,lunarjackpothub.nl,nl,random1000
476567,clearfocuspro.nl,nl,random1000
477145,westernselectrotterdam.nl,nl,random1000
477268,postbeeld.nl,nl,random1000
479058,orangechoiceexpress.nl,nl,random1000
479398,schattigebabykleertjes.nl,nl,random1000
480306,patheducationdirect.nl,nl,random1000
480423,bluecentralnetwork.nl,nl,random1000
480534,supercoreglobehub.nl,nl,random1000
480877,digimind.nl,nl,random1000
482429,lunargamingclub.nl,nl,random1000
482452,royalreelsworld.nl,nl,random1000
482569,neobonusreelszone.nl,nl,random1000
483233,urbanityvaultlife.nl,nl,random1000
483525,silvertravelweekly.nl,nl,random1000
484384,cornerscopeelite.nl,nl,random1000
484430,grandpayoutonline.nl,nl,random1000
484557,lunargamingguide.nl,nl,random1000
485160,blueforumprime.nl,nl,random1000
485274,bestfortuneflowpoint.nl,nl,random1000
485834,smartguideclub.nl,nl,random1000
486035,eliteroyalzonehub.nl,nl,random1000
486086,novagroupengine.nl,nl,random1000
486092,smartreelsworld.nl,nl,random1000
486217,greenmarketzone.nl,nl,random1000
486570,astrobettingpoint.nl,nl,random1000
487397,autotelexpro.nl,nl,random1000
487519,braveshopalmere.nl,nl,random1000
487614,calmwaveline.nl,nl,random1000
487849,knb.nl,nl,random1000
488217,classicwaveselect.nl,nl,random1000
488224,tulipcornernetwork.nl,nl,random1000
488560,smartcityholland.nl,nl,random1000
488668,elitedigitalglobebase.nl,nl,random1000
488888,vividnationfactory.nl,nl,random1000
489144,primekidspath.nl,nl,random1000
489257,luckyrushgames.nl,nl,random1000
489495,novapointengine.nl,nl,random1000
489712,platinumcasinoarena.nl,nl,random1000
490414,zencloudlink.nl,nl,random1000
490946,smartlogicdirect.nl,nl,random1000
492652,royalreelszone.nl,nl,random1000
492936,betaluckyonline.nl,nl,random1000
493019,elitehubonline.nl,nl,random1000
493411,novabasecraft.nl,nl,random1000
493610,bestplayarenabase.nl,nl,random1000
493741,megaplayhub.nl,nl,random1000
494653,quickurbancraftspace.nl,nl,random1000
494714,urbanvaultworld.nl,nl,random1000
494886,cornervaultutrecht.nl,nl,random1000
495243,zenmediamatrix.nl,nl,random1000
495440,superrollquestbase.nl,nl,random1000
495754,greencenteronline.nl,nl,random1000
495929,elitemarket.nl,nl,random1000
496347,osw.nl,nl,random1000
496391,moonlightsignalstreet.nl,nl,random1000
496536,tdgdigitalsrv02.nl,nl,random1000
496593,nextlogicnetwork.nl,nl,random1000
497402,cyberdns.nl,nl,random1000
497514,clearsportssource.nl,nl,random1000
497609,nexusvipstudio.nl,nl,random1000
498276,majorscopeinsider.nl,nl,random1000
498991,vnom.nl,nl,random1000
499077,urbanplaycentral.nl,nl,random1000
499148,bevolkingsonderzoeknederland.nl,nl,random1000
499457,beuningenit.nl,nl,random1000
500890,modernluckyworld.nl,nl,random1000
502116,trustedexpertsite.nl,nl,random1000
503261,luckyportalzwolle.nl,nl,random1000
503339,goldenbeautycity.nl,nl,random1000
503413,worldfooddeals.nl,nl,random1000
503844,elitewagerworldhub.nl,nl,random1000
504095,elitevistaonline.nl,nl,random1000
504832,portalsignaldigital.nl,nl,random1000
504888,novabasesignal.nl,nl,random1000
504943,zenfieldmatrix.nl,nl,random1000
505154,cards-center.nl,nl,random1000
505970,bitonic.nl,nl,random1000
506103,elitealphatrackzone.nl,nl,random1000
506709,scoriprocasino-nl.nl,nl,random1000
508812,droidapp.nl,nl,random1000
508931,klinkerdigital.nl,nl,random1000
510650,localzonejournal.nl,nl,random1000
510845,medicijnkosten.nl,nl,random1000
511164,novazonefield.nl,nl,random1000
511627,smoothcraftsignal.nl,nl,random1000
511998,novacasinohouse.nl,nl,random1000
512370,novablackjackplatform.nl,nl,random1000
513556,kriminals.nl,nl,random1000
515237,digitalgambleexpress.nl,nl,random1000
515462,desireemooij.nl,nl,random1000
515645,truepalacestudio.nl,nl,random1000
515789,topplaygridhub.nl,nl,random1000
515791,dnsdata.nl,nl,random1000
515817,minorreportsource.nl,nl,random1000
515857,visionslotsdesk.nl,nl,random1000
516748,ajwaterbedden.nl,nl,random1000
517044,nextnetworkgroup.nl,nl,random1000
517127,zenguidetrend.nl,nl,random1000
518740,simpleinsightpulse.nl,nl,random1000
518761,novanetworkcore.nl,nl,random1000
519048,easternautomarket.nl,nl,random1000
519286,jachensen.nl,nl,random1000
519841,diamondspinzone.nl,nl,random1000
521071,steadycasinozone.nl,nl,random1000
523334,expertlabzone.nl,nl,random1000
523799,quickrollzonebase.nl,nl,random1000
524532,novaselectclub.nl,nl,random1000
524542,primelogichub.nl,nl,random1000
525380,novamarketengine.nl,nl,random1000
525656,jubensha.nl,nl,random1000
525820,novaserviceengine.nl,nl,random1000
525894,neomegaspherepoint.nl,nl,random1000
526513,novalogicvector.nl,nl,random1000
526538,minorclublink.nl,nl,random1000
526776,megabetclub.nl,nl,random1000
527486,vertexclubdesk.nl,nl,random1000
528087,novadrivedrive.nl,nl,random1000
528505,goldenarenahub.nl,nl,random1000
528609,silverpulsemaastricht.nl,nl,random1000
529439,elitespacenetwork.nl,nl,random1000
530029,fastbrightlinebase.nl,nl,random1000
530126,globalcentralzone.nl,nl,random1000
530425,streetfamilysignal.nl,nl,random1000
530901,grandvaultclub.nl,nl,random1000
532920,revenew.nl,nl,random1000
533015,novaportallogic.nl,nl,random1000
533098,forgeonline.nl,nl,random1000
533376,brugnieuws.nl,nl,random1000
533635,elsevierweekblad.nl,nl,random1000
533943,magicfortunehub.nl,nl,random1000
533985,smartworkscentral.nl,nl,random1000
534108,dbf.nl,nl,random1000
534254,cloudpokerdesk.nl,nl,random1000
534601,stylewoerden.nl,nl,random1000
535252,pathplanetcloud.nl,nl,random1000
535503,kwekerijdebelder.nl,nl,random1000
535536,xpertsuite.nl,nl,random1000
535736,motorfreaks.nl,nl,random1000
536015,novacloudplatform.nl,nl,random1000
538303,toschsecurity.nl,nl,random1000
538751,elitejackpotrushpoint.nl,nl,random1000
539427,yodahosting.nl,nl,random1000
539763,woerden.nl,nl,random1000
540090,zenlogicline.nl,nl,random1000
541224,zenportallab.nl,nl,random1000
541383,primelogiconline.nl,nl,random1000
542266,bebsy.nl,nl,random1000
542545,active-dns.nl,nl,random1000
542628,novanetworkinsight.nl,nl,random1000
543460,fastfreshtrackbase.nl,nl,random1000
543956,datastructuren.nl,nl,random1000
544696,bettrend.nl,nl,random1000
544963,brightspinstation.nl,nl,random1000
546974,goldenvisionsolutions.nl,nl,random1000
547145,jackpotguide.nl,nl,random1000
548500,waveinsightagency.nl,nl,random1000
550559,spinprimemedia.nl,nl,random1000
551279,topsmarttrendhub.nl,nl,random1000
551598,weerstatistieken.nl,nl,random1000
551758,freeler.nl,nl,random1000
551942,topwinpowerpoint.nl,nl,random1000
551989,fajalobi.nl,nl,random1000
552198,quadrix.nl,nl,random1000
552618,rompslomp.nl,nl,random1000
553270,nostalux.nl,nl,random1000
554126,gammaroyalhouse.nl,nl,random1000
554228,novavisionsolutions.nl,nl,random1000
554985,omegadicebase.nl,nl,random1000
555443,indelft.nl,nl,random1000
555541,euroskateshop.nl,nl,random1000
556683,view360blog.nl,nl,random1000
557121,depers.nl,nl,random1000
557295,smartcorescopehub.nl,nl,random1000
557904,rapidpathdigital.nl,nl,random1000
557932,zenworldmax.nl,nl,random1000
557987,goticketshop.nl,nl,random1000
559499,cardns.nl,nl,random1000
559601,purejackpotdaily.nl,nl,random1000
559612,alliantiekinderarmoede.nl,nl,random1000
560778,novadataline.nl,nl,random1000
561080,grandarenahub.nl,nl,random1000
562080,zentechdigital.nl,nl,random1000
564478,novaservicecentral.nl,nl,random1000
565917,playdaily.nl,nl,random1000
566063,parkingpro.nl,nl,random1000
567110,hetweeractueel.nl,nl,random1000
567613,alphaclubmarket.nl,nl,random1000
567794,steadypokerworld.nl,nl,random1000
568104,acrylopmaat.nl,nl,random1000
569422,smarttechspacebase.nl,nl,random1000
570306,th03.nl,nl,random1000
572190,trampolines.nl,nl,random1000
572888,corespinlounge.nl,nl,random1000
573390,im-cloud.nl,nl,random1000
573443,logicnest.nl,nl,random1000
573462,centerdata.nl,nl,random1000
574396,pureroyalspace.nl,nl,random1000
574647,stellarvipworks.nl,nl,random1000
574933,novaspaceinsight.nl,nl,random1000
575176,strideprime.nl,nl,random1000
575191,novadrivelogic.nl,nl,random1000
575199,aerogamingonline.nl,nl,random1000
576349,zentechpro.nl,nl,random1000
576901,reelclub.nl,nl,random1000
577053,avnue.nl,nl,random1000
577454,ssrotterdam.nl,nl,random1000
579177,fluxdicezone.nl,nl,random1000
579310,yoys.nl,nl,random1000
579675,versaantafel.nl,nl,random1000
579754,novanetworkzone.nl,nl,random1000
581138,streamnlblog.nl,nl,random1000
582184,dailypro.nl,nl,random1000
582358,summitfocus.nl,nl,random1000
582547,dierenapotheek.nl,nl,random1000
583735,primepokerworld.nl,nl,random1000
584927,zorgring.nl,nl,random1000
585231,northcasinoonline.nl,nl,random1000
585722,zennetworkmax.nl,nl,random1000
587030,trueroyalnetwork.nl,nl,random1000
588021,zavvi.nl,nl,random1000
589281,openaccess.nl,nl,random1000
589975,novadrivepath.nl,nl,random1000
590383,hoenderdaell.nl,nl,random1000
590691,intellisoft-dns.nl,nl,random1000
591239,buitenkampioen.nl,nl,random1000
591946,zenvectorpro.nl,nl,random1000
592809,holoduke.nl,nl,random1000
592942,forza-refurbished.nl,nl,random1000
593340,historischekringliemeer.nl,nl,random1000
594668,betanest.nl,nl,random1000
595309,coreslotmarket.nl,nl,random1000
595493,orbitjackpotmarket.nl,nl,random1000
597583,mdi-online.nl,nl,random1000
599375,smartvipstudio.nl,nl,random1000
601068,globalpalaceexpress.nl,nl,random1000
603728,veilingsplaats.nl,nl,random1000
604216,tochtstripshop.nl,nl,random1000
605385,vonroc.nl,nl,random1000
605571,astrodicegrid.nl,nl,random1000
605852,corecardsnetwork.nl,nl,random1000
605952,goldreelsstation.nl,nl,random1000
606009,slotsclub.nl,nl,random1000
606891,ggpoker.nl,nl,random1000
606939,arlytrading.nl,nl,random1000
610878,northspindesk.nl,nl,random1000
611885,globalwagerdaily.nl,nl,random1000
612110,slotsmark.nl,nl,random1000
612996,nieuwwij.nl,nl,random1000
614492,goldvipworld.nl,nl,random1000
614944,boldspingroup.nl,nl,random1000
615040,zone360blog.nl,nl,random1000
615358,feanonline.nl,nl,random1000
616061,annexbv.nl,nl,random1000
616348,dj-verkoop.nl,nl,random1000
616658,spinspins.nl,nl,random1000
618460,naturalheroes.nl,nl,random1000
619370,zenbasefocus.nl,nl,random1000
619687,werkenbijerasmusmc.nl,nl,random1000
620967,zenmediasignal.nl,nl,random1000
621358,isodeco.nl,nl,random1000
621529,terrabettingpoint.nl,nl,random1000
622498,supspace.nl,nl,random1000
623339,aeroarenacentral.nl,nl,random1000
623465,truebettingdaily.nl,nl,random1000
623665,wagermark.nl,nl,random1000
623733,coolepagina.nl,nl,random1000
625769,zenservicesignal.nl,nl,random1000
625795,novaspacepro.nl,nl,random1000
626631,novapointsolutions.nl,nl,random1000
626672,hansengrietjezeewolde.nl,nl,random1000
627056,starthost.nl,nl,random1000
628717,novacloudflow.nl,nl,random1000
630378,pulsereelsdesk.nl,nl,random1000
630604,originhouse.nl,nl,random1000
630960,yuverta.nl,nl,random1000
630996,truelucknetherlands.nl,nl,random1000
631235,123test.nl,nl,random1000
631499,kliknieuws.nl,nl,random1000
632130,stridedaily.nl,nl,random1000
633361,visienetblog.nl,nl,random1000
633900,gameplussite.nl,nl,random1000
634174,scarlet.nl,nl,random1000
635559,lumenspot.nl,nl,random1000
635844,in1klik.nl,nl,random1000
635859,viparena.nl,nl,random1000
636394,truemarketbuzz.nl,nl,random1000
636565,focusblackjackcentral.nl,nl,random1000
637140,goudse.nl,nl,random1000
638000,doehetbudget.nl,nl,random1000
638645,zenblackjacklounge.nl,nl,random1000
640761,irobot.nl,nl,random1000
640968,networkhub.nl,nl,random1000
641263,kicktipp.nl,nl,random1000
641966,zah.nl,nl,random1000
642525,cadeauxperts.nl,nl,random1000
643323,zenservicetrend.nl,nl,random1000
645457,zoneplusblog.nl,nl,random1000
645782,zenconnectworld.nl,nl,random1000
645887,viewnetblog.nl,nl,random1000
647503,mkcomputershop.nl,nl,random1000
648093,write2me.nl,nl,random1000
648902,campers.nl,nl,random1000
649476,deweekkrant.nl,nl,random1000
650967,bibliotheekutrecht.nl,nl,random1000
652608,trueluckyonline.nl,nl,random1000
653686,alphaclubplatform.nl,nl,random1000
653746,opendi.nl,nl,random1000
654122,boozed.nl,nl,random1000
655288,goldwagerlounge.nl,nl,random1000
657025,zenconnectcore.nl,nl,random1000
658119,dailytrack.nl,nl,random1000
659312,snotr.nl,nl,random1000
660672,game-stock.nl,nl,random1000
663354,summitcardsstudio.nl,nl,random1000
664270,fluxwagerplatform.nl,nl,random1000
665595,vergelijkeven.nl,nl,random1000
667054,2ttoys.nl,nl,random1000
667786,alarmfase1.nl,nl,random1000
667949,stretta-music.nl,nl,random1000
668442,playfocus.nl,nl,random1000
669074,zenpalacegroup.nl,nl,random1000
669403,zenlogiccenter.nl,nl,random1000
670923,maakplek.nl,nl,random1000
672270,net-c.nl,nl,random1000
672541,zenguidevector.nl,nl,random1000
673012,kledingkopen.nl,nl,random1000
674004,barbaraschool.nl,nl,random1000
674594,ripplespot.nl,nl,random1000
675821,keller.nl,nl,random1000
676271,budgetspecialserver.nl,nl,random1000
676500,boldwagerworld.nl,nl,random1000
678089,gemeentelelystad.nl,nl,random1000
678307,primecity.nl,nl,random1000
681502,zenvectorlogic.nl,nl,random1000
681517,novagroupnet.nl,nl,random1000
682311,aerospot.nl,nl,random1000
682623,update360media.nl,nl,random1000
683365,summitpoint.nl,nl,random1000
683802,mfnregister.nl,nl,random1000
683968,coreluckystation.nl,nl,random1000
683970,ripplecity.nl,nl,random1000
684517,vistadrive.nl,nl,random1000
685211,mpartz.nl,nl,random1000
686290,cloudjackpotworks.nl,nl,random1000
686677,herbruikt.nl,nl,random1000
688763,blackjackplace.nl,nl,random1000
689924,24-uurdeals.nl,nl,random1000
690110,espngoal.nl,nl,random1000
691818,slotsline.nl,nl,random1000
693410,acevault.nl,nl,random1000
693630,mcvoordieren.nl,nl,random1000
693710,lunaonline.nl,nl,random1000
693923,networknetwork.nl,nl,random1000
695380,alphacasinolab.nl,nl,random1000
696147,aidsfonds.nl,nl,random1000
697386,visionplace.nl,nl,random1000
697796,viewhub.nl,nl,random1000
697995,visiondicedesk.nl,nl,random1000
701399,accendis.nl,nl,random1000
701880,pulsetoday.nl,nl,random1000
705118,beltegoed.nl,nl,random1000
705537,hobbii.nl,nl,random1000
708944,fixxar.nl,nl,random1000
709897,techcrypto.nl,nl,random1000
710089,brightspinspro.nl,nl,random1000
710281,vanhiltenouddorp.nl,nl,random1000
710726,zentechservices.nl,nl,random1000
710903,e-act.nl,nl,random1000
711866,zenfocusengine.nl,nl,random1000
713064,oddsworks.nl,nl,random1000
714637,trueroulettelab.nl,nl,random1000
714903,all-escaperooms.nl,nl,random1000
715557,novaspacefield.nl,nl,random1000
715897,nickelodeon.nl,nl,random1000
717146,lindanieuws.nl,nl,random1000
717153,visitsweden.nl,nl,random1000
717814,novamarketsignal.nl,nl,random1000
719164,luckyspot.nl,nl,random1000
720272,webba.nl,nl,random1000
721006,wemagine.nl,nl,random1000
721771,afkickkliniekwijzer.nl,nl,random1000
722105,lowfive.nl,nl,random1000
722159,wasmachinepagina.nl,nl,random1000
723228,viv.nl,nl,random1000
723765,prism.nl,nl,random1000
724018,snackdeal.nl,nl,random1000
724573,visioncardsplus.nl,nl,random1000
725804,strideplus.nl,nl,random1000
727486,pgkusters.nl,nl,random1000
727830,beedns.nl,nl,random1000
730001,livep2000.nl,nl,random1000
731597,visionspinsgroup.nl,nl,random1000
732310,brightbettingdesk.nl,nl,random1000
732946,oogwereld.nl,nl,random1000
733413,sanispecials.nl,nl,random1000
734211,devleutbouwmaterialen.nl,nl,random1000
735997,awsdns-eusc-15.nl,nl,random1000
736607,nissewaard.nl,nl,random1000
736861,dynamicvipdaily.nl,nl,random1000
737401,novanetworkworld.nl,nl,random1000
737559,mondiparts.nl,nl,random1000
737999,scrolla.nl,nl,random1000
738029,sijman.nl,nl,random1000
740416,ovis.nl,nl,random1000
741261,webcam-harlingen.nl,nl,random1000
742069,aliaxis.nl,nl,random1000
742453,harboronline.nl,nl,random1000
743139,skgz.nl,nl,random1000
744529,sv-vitesse.nl,nl,random1000
745986,daily360.nl,nl,random1000
746318,gratis.nl,nl,random1000
749599,mednet.nl,nl,random1000
750156,112achterhoek-nieuws.nl,nl,random1000
765245,biosdrachten.nl,nl,random1000
771556,closetvanval.nl,nl,random1000
771942,code95platform.nl,nl,random1000
772253,comfitunderwear.nl,nl,random1000
781686,exploratio.nl,nl,random1000
782534,farmedvisie.nl,nl,random1000
782834,feelfitcenter.nl,nl,random1000
784321,forza.nl,nl,random1000
786511,geocoord.nl,nl,random1000
791367,hollandfoodservice.nl,nl,random1000
800427,kokcinemaxx.nl,nl,random1000
800618,kookexpert.nl,nl,random1000
816638,ondeugendflirten.nl,nl,random1000
817247,opzoeknaarjou.nl,nl,random1000
817523,ortorex.nl,nl,random1000
820075,petra-winkel.nl,nl,random1000
821218,planrijles.nl,nl,random1000
826145,regiosexcontact.nl,nl,random1000
826523,restau.nl,nl,random1000
831078,sexlek.nl,nl,random1000
833781,sneakerdistrict.nl,nl,random1000
835386,statenvertaling.nl,nl,random1000
847622,wasparfum.nl,nl,random1000
848265,wheelsandcustoms.nl,nl,random1000
848400,wijzijnrodajc.nl,nl,random1000
849425,wytegearre.nl,nl,random1000
854367,pulseplace.nl,nl,random1000
854874,casinospace.nl,nl,random1000
856171,dynamicvipdesk.nl,nl,random1000
856397,silvercardsexpress.nl,nl,random1000
856473,getnoticed.nl,nl,random1000
856672,bbactive.nl,nl,random1000
856810,gdnnet.nl,nl,random1000
857628,boldluckyzone.nl,nl,random1000
857718,tussenhaakjes.nl,nl,random1000
858031,citroenax.nl,nl,random1000
858838,vdx.nl,nl,random1000
859345,astroroulettepoint.nl,nl,random1000
859747,bovenij.nl,nl,random1000
859922,consilius.nl,nl,random1000
859929,playflow.nl,nl,random1000
860391,vectorgroup.nl,nl,random1000
860500,trendprime.nl,nl,random1000
860891,dcklinieken.nl,nl,random1000
861555,boutiquestudio-c.nl,nl,random1000
862460,stridecity.nl,nl,random1000
862982,fietsleven.nl,nl,random1000
864260,wagerworks.nl,nl,random1000
865130,xenonlamp.nl,nl,random1000
865723,bonuspoint.nl,nl,random1000
866527,rumblestore.nl,nl,random1000
866789,zenvectorcollective.nl,nl,random1000
867463,lambertzenvisser.nl,nl,random1000
868537,lundia.nl,nl,random1000
870863,utrechtsummerschool.nl,nl,random1000
870956,alphaluckyworld.nl,nl,random1000
871539,brightreelshouse.nl,nl,random1000
871667,gs1.nl,nl,random1000
873031,verloskundigenpraktijkmami.nl,nl,random1000
873320,foto4art.nl,nl,random1000
875735,hetzeeuwselandschap.nl,nl,random1000
876558,dynamiccity.nl,nl,random1000
878988,focusgamblebase.nl,nl,random1000
880633,euroswapper.nl,nl,random1000
883095,pulserouletteworks.nl,nl,random1000
885593,massageforum.nl,nl,random1000
886292,budgetsmoothserver.nl,nl,random1000
886366,alphahub.nl,nl,random1000
886446,cloudvoor.nl,nl,random1000
887369,brightviponline.nl,nl,random1000
887852,logopakbv.nl,nl,random1000
888878,sibo.nl,nl,random1000
891721,stream-server.nl,nl,random1000
892402,dekanttekening.nl,nl,random1000
893303,underfashion.nl,nl,random1000
893700,kwakzalverij.nl,nl,random1000
894491,okimono.nl,nl,random1000
895817,starplace.nl,nl,random1000
896139,summitvault.nl,nl,random1000
896453,codeforce.nl,nl,random1000
896955,northblackjacklounge.nl,nl,random1000
898640,alphabetgroup.nl,nl,random1000
898737,sweet-bonanza-slots.nl,nl,random1000
899346,stoute-schoenen.nl,nl,random1000
900602,ripplehouse.nl,nl,random1000
901189,huiselijkgeweld.nl,nl,random1000
903370,coreworld.nl,nl,random1000
904373,revive.nl,nl,random1000
905880,koolesport.nl,nl,random1000
907085,haagshistorischmuseum.nl,nl,random1000
908661,schapermodelbouw.nl,nl,random1000
910502,twurl.nl,nl,random1000
910723,voordewereldvanmorgen.nl,nl,random1000
911873,worldmarkt.nl,nl,random1000
912934,hostingpeople.nl,nl,random1000
914950,anoboy.nl,nl,random1000
916273,boekenkraam.nl,nl,random1000
921479,huizenoppassite.nl,nl,random1000
927694,pootivo.nl,nl,random1000
927869,prikkabelled.nl,nl,random1000
931840,tuinkussenshop.nl,nl,random1000
938455,casinospincentral.nl,nl,random1000
939579,maaswebsite.nl,nl,random1000
940128,paxvoorvrede.nl,nl,random1000
940148,pizzastore.nl,nl,random1000
943486,ter.nl,nl,random1000
944249,ndsm.nl,nl,random1000
944353,eetcafehetmolentje.nl,nl,random1000
945780,zuidhollandslandschap.nl,nl,random1000
945880,adnetcom.nl,nl,random1000
945910,forux.nl,nl,random1000
950885,knothhosting04.nl,nl,random1000
951233,goeree-overflakkee.nl,nl,random1000
952003,scholierenwerk.nl,nl,random1000
953919,skjeugd.nl,nl,random1000
954346,northspinszone.nl,nl,random1000
955541,kellys-expat-shopping.nl,nl,random1000
956062,bartebben.nl,nl,random1000
956324,ronaldadventureshop.nl,nl,random1000
958538,studentverhuisservice.nl,nl,random1000
959378,cewe.nl,nl,random1000
959991,etherned.nl,nl,random1000
961322,thecoatingshop.nl,nl,random1000
962267,buuf.nl,nl,random1000
963287,bybit.nl,nl,random1000
963414,vertexreelsonline.nl,nl,random1000
963488,mon3aan.nl,nl,random1000
963933,urbanreelshouse.nl,nl,random1000
965410,mikrocentrum.nl,nl,random1000
965687,sportbedrijfrotterdam.nl,nl,random1000
965774,etipack.nl,nl,random1000
965820,casinorider.nl,nl,random1000
966993,edam-volendam.nl,nl,random1000
968151,cf-kunststofprofielen.nl,nl,random1000
968669,edomh.nl,nl,random1000
969149,madekoserver.nl,nl,random1000
969642,vwltclub.nl,nl,random1000
970219,dejongrecreatie.nl,nl,random1000
970366,sail.nl,nl,random1000
970427,orbitcenter.nl,nl,random1000
971227,xlcatlin.nl,nl,random1000
971669,spoorforum.nl,nl,random1000
972268,matrassenstad.nl,nl,random1000
973706,mirrorcontrolsinternational.nl,nl,random1000
975568,platform-investico.nl,nl,random1000
975913,lifestyle-interior.nl,nl,random1000
978204,bigbasssplash-slot.nl,nl,random1000
978681,novazoneline.nl,nl,random1000
980419,my-media.nl,nl,random1000
980815,staaloutdoor.nl,nl,random1000
987211,friezenlaan9.nl,nl,random1000
992089,mirazu-denhaag.nl,nl,random1000
998155,treasurybarometer.nl,nl,random1000
651,allegro.pl,pl,top1000
697,wp.pl,pl,top1000
937,onet.pl,pl,top1000
1043,interia.pl,pl,top1000
1109,olx.pl,pl,top1000
1349,mediaexpert.pl,pl,top1000
1411,otomoto.pl,pl,top1000
1447,filmweb.pl,pl,top1000
1838,home.pl,pl,top1000
2836,google.pl,pl,top1000
3861,www.gov.pl,pl,top1000
3970,gemius.pl,pl,top1000
4306,amazon.pl,pl,top1000
4322,gazeta.pl,pl,top1000
4433,nazwa.pl,pl,top1000
4630,cyberfolks.pl,pl,top1000
5179,certum.pl,pl,top1000
5410,tvp.pl,pl,top1000
5605,vinted.pl,pl,top1000
5619,ceneo.pl,pl,top1000
5788,o2.pl,pl,top1000
5953,tvn24.pl,pl,top1000
6360,icm.edu.pl,pl,top1000
6749,money.pl,pl,top1000
6779,pracuj.pl,pl,top1000
6878,bankier.pl,pl,top1000
7061,zus.pl,pl,top1000
7230,centrum24.pl,pl,top1000
7294,rmf24.pl,pl,top1000
7404,fakt.pl,pl,top1000
7511,dziennik.pl,pl,top1000
7623,krakow.pl,pl,top1000
7745,zalando.pl,pl,top1000
7757,sport.pl,pl,top1000
7794,decathlon.pl,pl,top1000
7824,polsatnews.pl,pl,top1000
7898,euro.com.pl,pl,top1000
8057,leroymerlin.pl,pl,top1000
8123,redcdn.pl,pl,top1000
8268,flashscore.pl,pl,top1000
8427,doz.pl,pl,top1000
8562,abczdrowie.pl,pl,top1000
8648,tpnet.pl,pl,top1000
8706,pudelek.pl,pl,top1000
8812,portalsamorzadowy.pl,pl,top1000
8828,rynekzdrowia.pl,pl,top1000
9098,poznan.pl,pl,top1000
9314,aniagotuje.pl,pl,top1000
9332,pomponik.pl,pl,top1000
9587,kurnik.pl,pl,top1000
10359,orange.pl,pl,top1000
10661,pomorska.pl,pl,top1000
11012,uw.edu.pl,pl,top1000
11149,wyborcza.pl,pl,top1000
11428,infor.pl,pl,top1000
11508,lodz.pl,pl,top1000
11529,rp.pl,pl,top1000
12750,tvn.pl,pl,top1000
13322,erli.pl,pl,top1000
13875,agh.edu.pl,pl,top1000
14070,wroc.pl,pl,top1000
14094,chomikuj.pl,pl,top1000
14303,castorama.pl,pl,top1000
14366,uj.edu.pl,pl,top1000
14461,cda.pl,pl,top1000
14532,seohost.pl,pl,top1000
14561,centertel.pl,pl,top1000
14911,gda.pl,pl,top1000
14918,art.pl,pl,top1000
15055,amu.edu.pl,pl,top1000
15297,lh.pl,pl,top1000
15619,gazetaprawna.pl,pl,top1000
15787,dorzeczy.pl,pl,top1000
15795,play.pl,pl,top1000
15798,trojmiasto.pl,pl,top1000
15910,mf.gov.pl,pl,top1000
16176,businessinsider.com.pl,pl,top1000
16344,wpcdn.pl,pl,top1000
16402,allegrolokalnie.pl,pl,top1000
16522,lublin.pl,pl,top1000
16526,polki.pl,pl,top1000
16750,salesmanago.pl,pl,top1000
16847,se.pl,pl,top1000
17011,90minut.pl,pl,top1000
17117,zenbox.pl,pl,top1000
17182,nbp.pl,pl,top1000
17264,polskieradio.pl,pl,top1000
17510,znanylekarz.pl,pl,top1000
17531,plotek.pl,pl,top1000
17585,lubimyczytac.pl,pl,top1000
17746,otodom.pl,pl,top1000
17788,sejm.gov.pl,pl,top1000
17797,tld.pl,pl,top1000
17859,adocean.pl,pl,top1000
17971,meczyki.pl,pl,top1000
18078,superbet.pl,pl,top1000
18102,wnp.pl,pl,top1000
18303,forsal.pl,pl,top1000
18624,wakacje.pl,pl,top1000
18807,gry-online.pl,pl,top1000
18822,pepper.pl,pl,top1000
19172,naszemiasto.pl,pl,top1000
19200,dziennikzachodni.pl,pl,top1000
19246,wykop.pl,pl,top1000
19269,militaria.pl,pl,top1000
19474,plejada.pl,pl,top1000
19516,sprzedajemy.pl,pl,top1000
19570,cba.pl,pl,top1000
19597,pw.edu.pl,pl,top1000
19649,niezalezna.pl,pl,top1000
19912,webd.pl,pl,top1000
19963,dhosting.pl,pl,top1000
19990,gazetawroclawska.pl,pl,top1000
20189,rozklad-pkp.pl,pl,top1000
20250,tui.pl,pl,top1000
20269,nsaudience.pl,pl,top1000
20416,cert.pl,pl,top1000
20430,umk.pl,pl,top1000
20436,itaka.pl,pl,top1000
20551,lento.pl,pl,top1000
20733,polskieradio24.pl,pl,top1000
20764,twojapogoda.pl,pl,top1000
20777,polsatsport.pl,pl,top1000
20887,nto.pl,pl,top1000
20934,42.pl,pl,top1000
21104,telemagazyn.pl,pl,top1000
21116,transportgzm.pl,pl,top1000
21141,kei.pl,pl,top1000
21173,jbzd.com.pl,pl,top1000
21255,totalcasino.pl,pl,top1000
21265,apart.pl,pl,top1000
21438,erodate.pl,pl,top1000
21453,epoznan.pl,pl,top1000
21554,jastrzabpost.pl,pl,top1000
21560,premium.pl,pl,top1000
21574,adresowo.pl,pl,top1000
21852,mbank.pl,pl,top1000
21939,transfermarkt.pl,pl,top1000
21969,jysk.pl,pl,top1000
22050,efortuna.pl,pl,top1000
22054,teleman.pl,pl,top1000
22082,plemiona.pl,pl,top1000
22462,multipasko.pl,pl,top1000
22508,portalpasazera.pl,pl,top1000
22765,forumwanda.pl,pl,top1000
22943,smarthost.pl,pl,top1000
23136,lidl.pl,pl,top1000
23224,hekko.net.pl,pl,top1000
23230,sephora.pl,pl,top1000
23386,gloswielkopolski.pl,pl,top1000
23523,wtp.waw.pl,pl,top1000
23698,hebe.pl,pl,top1000
23717,project4.pl,pl,top1000
23912,cinema-city.pl,pl,top1000
23983,skapiec.pl,pl,top1000
24051,t-mobile.pl,pl,top1000
24128,skyscanner.pl,pl,top1000
24133,stat.gov.pl,pl,top1000
24481,pan.pl,pl,top1000
24544,inpost.pl,pl,top1000
24665,wprost.pl,pl,top1000
24800,domena.pl,pl,top1000
25108,pysznosci.pl,pl,top1000
25321,prv.pl,pl,top1000
25531,renee.pl,pl,top1000
26137,quizme.pl,pl,top1000
26283,atman.pl,pl,top1000
26740,pap.pl,pl,top1000
26876,clickonometrics.pl,pl,top1000
26942,phorum.pl,pl,top1000
27785,ms.gov.pl,pl,top1000
27919,lex.pl,pl,top1000
28261,superhost.pl,pl,top1000
28316,librus.pl,pl,top1000
28908,kylos.pl,pl,top1000
28969,us.edu.pl,pl,top1000
29095,iq.pl,pl,top1000
29198,nask.pl,pl,top1000
29473,pyszne.pl,pl,top1000
29484,radiozet.pl,pl,top1000
29976,pwr.edu.pl,pl,top1000
30412,techsterowniki.pl,pl,top1000
30497,electro.pl,pl,top1000
30554,avans.pl,pl,top1000
30748,pkobp.pl,pl,top1000
31123,republika.pl,pl,top1000
31382,corpnet.pl,pl,top1000
31570,fuw.edu.pl,pl,top1000
32071,zrzutka.pl,pl,top1000
32371,allegrosandbox.pl,pl,top1000
32728,aftermarket.pl,pl,top1000
33463,plus.pl,pl,top1000
34046,sowa.pl,pl,top1000
34084,sts.pl,pl,top1000
34261,medonet.pl,pl,top1000
34449,kielce.pl,pl,top1000
34457,nano.pl,pl,top1000
34498,pb.pl,pl,top1000
34766,dreamlab.pl,pl,top1000
35090,uokik.gov.pl,pl,top1000
35196,przelewy24.pl,pl,top1000
35288,i-host.pl,pl,top1000
35321,imgw.pl,pl,top1000
35478,ebay.pl,pl,top1000
35552,nfz.gov.pl,pl,top1000
35912,gmoto.pl,pl,top1000
36440,az.pl,pl,top1000
36788,intercity.pl,pl,top1000
36833,bankmillennium.pl,pl,top1000
36936,kodano.pl,pl,top1000
36949,vectranet.pl,pl,top1000
37096,b-dns.pl,pl,top1000
37098,j-dns.pl,pl,top1000
37102,a-dns.pl,pl,top1000
37211,d-dns.pl,pl,top1000
37213,h-dns.pl,pl,top1000
37221,f-dns.pl,pl,top1000
37555,rossmann.pl,pl,top1000
37559,pluscdn.pl,pl,top1000
37617,orlen.pl,pl,top1000
37628,mp.pl,pl,top1000
37946,ebilet.pl,pl,top1000
38193,ogicom.pl,pl,top1000
38619,futurehost.pl,pl,top1000
38649,targeo.pl,pl,top1000
38796,podatki.gov.pl,pl,top1000
39081,hostido.net.pl,pl,top1000
39287,x-kom.pl,pl,top1000
39346,uodo.gov.pl,pl,top1000
39411,diag.pl,pl,top1000
39432,xmc.pl,pl,top1000
39567,polsl.pl,pl,top1000
39592,newsweek.pl,pl,top1000
39657,praca.gov.pl,pl,top1000
39975,torun.pl,pl,top1000
40003,komputronik.pl,pl,top1000
40030,inteligo.pl,pl,top1000
40084,culture.pl,pl,top1000
40100,ehost.pl,pl,top1000
40183,exs.pl,pl,top1000
40361,mediamarkt.pl,pl,top1000
40545,goodwrite.pl,pl,top1000
40553,eska.pl,pl,top1000
40688,panoramafirm.pl,pl,top1000
41180,ug.edu.pl,pl,top1000
41199,ab.pl,pl,top1000
41297,ibuk.pl,pl,top1000
41396,comarch.pl,pl,top1000
41581,policja.gov.pl,pl,top1000
41583,spidersweb.pl,pl,top1000
41826,strefa.pl,pl,top1000
42027,player.pl,pl,top1000
42153,gowork.pl,pl,top1000
42197,biedronka.pl,pl,top1000
42438,natemat.pl,pl,top1000
42593,webio.pl,pl,top1000
42819,bielsko.pl,pl,top1000
42948,eobuwie.com.pl,pl,top1000
43619,tauron.pl,pl,top1000
44004,nocowanie.pl,pl,top1000
44092,gdansk.pl,pl,top1000
44253,pacjent.gov.pl,pl,top1000
44307,adidas.pl,pl,top1000
44435,mos.gov.pl,pl,top1000
44443,enea.pl,pl,top1000
44514,dpd.com.pl,pl,top1000
44578,dinfo.com.pl,pl,top1000
44594,pwn.pl,pl,top1000
44659,wpolityce.pl,pl,top1000
44863,poczta-polska.pl,pl,top1000
44948,lasy.gov.pl,pl,top1000
45135,wirtualnemedia.pl,pl,top1000
45425,elektroda.pl,pl,top1000
45529,pportale.pl,pl,top1000
45540,siepomaga.pl,pl,top1000
45559,niedziela.pl,pl,top1000
45772,oglaszamy24.pl,pl,top1000
45791,smaker.pl,pl,top1000
45874,sfd.pl,pl,top1000
45970,umcs.pl,pl,top1000
46011,pekao.com.pl,pl,top1000
46037,ing.pl,pl,top1000
46338,brw.pl,pl,top1000
46371,douglas.pl,pl,top1000
46659,avanti24.pl,pl,top1000
46678,homebook.pl,pl,top1000
46724,kobieta.pl,pl,top1000
46759,legimi.pl,pl,top1000
47601,diki.pl,pl,top1000
47767,komputerswiat.pl,pl,top1000
47777,oferteo.pl,pl,top1000
47967,national-geographic.pl,pl,top1000
48101,polskidramat.pl,pl,top1000
48818,ceidg.gov.pl,pl,top1000
48996,candytm.pl,pl,top1000
49201,termedia.pl,pl,top1000
49248,gazetakrakowska.pl,pl,top1000
49482,admin.net.pl,pl,top1000
49638,erste.pl,pl,top1000
49707,pk.edu.pl,pl,top1000
49939,uksw.edu.pl,pl,top1000
49947,inetia.pl,pl,top1000
49960,benchmark.pl,pl,top1000
50060,gratka.pl,pl,top1000
50149,taniaksiazka.pl,pl,top1000
50153,pkt.pl,pl,top1000
50170,mojegotowanie.pl,pl,top1000
50244,gymbeam.pl,pl,top1000
50262,8a.pl,pl,top1000
50615,ipko.pl,pl,top1000
50683,tekstowo.pl,pl,top1000
51087,jakdojade.pl,pl,top1000
51088,dobreprogramy.pl,pl,top1000
51189,boop.pl,pl,top1000
51203,poradnikzdrowie.pl,pl,top1000
51241,demotywatory.pl,pl,top1000
51271,uwb.edu.pl,pl,top1000
51486,wp.mil.pl,pl,top1000
51541,biletyna.pl,pl,top1000
51599,ugu.pl,pl,top1000
51856,paypo.pl,pl,top1000
51975,defence24.pl,pl,top1000
52130,ksiegarnia-edukacyjna.pl,pl,top1000
52211,tiny.pl,pl,top1000
52265,parp.gov.pl,pl,top1000
52391,telepolis.pl,pl,top1000
52632,gdynia.pl,pl,top1000
52807,agatameble.pl,pl,top1000
53043,auto-swiat.pl,pl,top1000
53061,g.pl,pl,top1000
53122,notino.pl,pl,top1000
53261,dpoczta.pl,pl,top1000
53456,zalando-lounge.pl,pl,top1000
53553,ppe.pl,pl,top1000
53704,stooq.pl,pl,top1000
53733,i.media.pl,pl,top1000
53849,yanosik.pl,pl,top1000
53858,speedtest.pl,pl,top1000
53946,grupazprmedia.pl,pl,top1000
54028,koleo.pl,pl,top1000
54077,getname.pl,pl,top1000
54573,biznes.gov.pl,pl,top1000
54578,r.pl,pl,top1000
54644,polityka.pl,pl,top1000
54686,radiomaryja.pl,pl,top1000
54807,modivo.pl,pl,top1000
54860,ukw.edu.pl,pl,top1000
54937,uwm.edu.pl,pl,top1000
55160,esky.pl,pl,top1000
55266,praca.pl,pl,top1000
55483,linux.pl,pl,top1000
55536,kupbilecik.pl,pl,top1000
55538,wizaz.pl,pl,top1000
55858,skmedix.pl,pl,top1000
55994,kul.pl,pl,top1000
56165,dziennikbaltycki.pl,pl,top1000
56405,meteo.pl,pl,top1000
56535,kaufland.pl,pl,top1000
56634,electro-torrent.pl,pl,top1000
56716,dziennikpolski24.pl,pl,top1000
56944,kru.pl,pl,top1000
56995,ibc.pl,pl,top1000
57109,redefine.pl,pl,top1000
57142,naekranie.pl,pl,top1000
57280,gemini.pl,pl,top1000
57290,aliorbank.pl,pl,top1000
57311,szukajwarchiwach.gov.pl,pl,top1000
57375,gram.pl,pl,top1000
57416,chip.pl,pl,top1000
57467,blox.pl,pl,top1000
57545,ingbank.pl,pl,top1000
57581,sjp.pl,pl,top1000
57631,farmer.pl,pl,top1000
58184,zooplus.pl,pl,top1000
58275,oponeo.pl,pl,top1000
58364,lopi-elektronika.pl,pl,top1000
58428,zabka.pl,pl,top1000
58430,nowiny24.pl,pl,top1000
58471,sklepmartes.pl,pl,top1000
58493,intymna.pl,pl,top1000
58565,autoplac.pl,pl,top1000
58572,gdziepolek.pl,pl,top1000
58816,obi.pl,pl,top1000
58847,lotto.pl,pl,top1000
59185,antyweb.pl,pl,top1000
59236,exatel.pl,pl,top1000
59689,sportano.pl,pl,top1000
59690,freelancer.pl,pl,top1000
59713,pzu.pl,pl,top1000
59733,intercars.pl,pl,top1000
60113,autocentrum.pl,pl,top1000
60146,opoka.org.pl,pl,top1000
60323,plusgsm.pl,pl,top1000
60410,luxmed.pl,pl,top1000
60546,dzienniklodzki.pl,pl,top1000
60674,koszalin.pl,pl,top1000
60749,gofin.pl,pl,top1000
60835,nexterio.pl,pl,top1000
60854,peek-cloppenburg.pl,pl,top1000
60907,msz.gov.pl,pl,top1000
61054,vogue.pl,pl,top1000
61183,microhost.pl,pl,top1000
61225,gazetalubuska.pl,pl,top1000
61288,wiara.pl,pl,top1000
61445,inea.pl,pl,top1000
61508,viamedica.pl,pl,top1000
61532,beep.pl,pl,top1000
61584,energa.pl,pl,top1000
61725,rmf.pl,pl,top1000
61994,polsat.pl,pl,top1000
62023,bonprix.pl,pl,top1000
62156,login.gov.pl,pl,top1000
62187,bonito.pl,pl,top1000
62310,drmax.pl,pl,top1000
62419,zwierciadlo.pl,pl,top1000
62469,lm.pl,pl,top1000
62765,seohost.com.pl,pl,top1000
62895,e-podroznik.pl,pl,top1000
62974,moto.pl,pl,top1000
62989,warta.pl,pl,top1000
63027,emitel.pl,pl,top1000
63200,antyradio.pl,pl,top1000
63219,nask.net.pl,pl,top1000
63337,multikino.pl,pl,top1000
63398,rmfon.pl,pl,top1000
63447,egospodarka.pl,pl,top1000
63469,travelist.pl,pl,top1000
63482,tchibo.pl,pl,top1000
63502,android.com.pl,pl,top1000
63557,forbes.pl,pl,top1000
63719,muratordom.pl,pl,top1000
63960,poranny.pl,pl,top1000
63972,domiporta.pl,pl,top1000
64000,kurierlubelski.pl,pl,top1000
64080,lamoda.pl,pl,top1000
64241,wpstacja.pl,pl,top1000
64274,geoportal.gov.pl,pl,top1000
64286,prezydent.pl,pl,top1000
64297,betclic.pl,pl,top1000
64449,superpharm.pl,pl,top1000
64704,netmark.pl,pl,top1000
65111,dziennikustaw.gov.pl,pl,top1000
65129,samequizy.pl,pl,top1000
65239,eurogamer.pl,pl,top1000
65315,centrumrowerowe.pl,pl,top1000
65487,ipn.gov.pl,pl,top1000
65546,infakt.pl,pl,top1000
65559,ofeminin.pl,pl,top1000
65872,autokult.pl,pl,top1000
65887,portalspozywczy.pl,pl,top1000
65918,komfort.pl,pl,top1000
65926,muratorplus.pl,pl,top1000
65981,icpnet.pl,pl,top1000
65991,telix.pl,pl,top1000
66005,ezebra.pl,pl,top1000
66143,elle.pl,pl,top1000
66189,energylandia.pl,pl,top1000
66409,bricomarche.pl,pl,top1000
66420,wfirma.pl,pl,top1000
66453,cyf-kr.edu.pl,pl,top1000
66836,margonem.pl,pl,top1000
66967,wiocha.pl,pl,top1000
66970,gp24.pl,pl,top1000
67043,gol24.pl,pl,top1000
67126,prz.edu.pl,pl,top1000
67141,gs24.pl,pl,top1000
67183,toyota.pl,pl,top1000
67290,chillizet.pl,pl,top1000
67423,mimuw.edu.pl,pl,top1000
67479,helios.pl,pl,top1000
67607,dhl24.com.pl,pl,top1000
67851,tarnow.pl,pl,top1000
67857,myorlen.pl,pl,top1000
67872,strefabiznesu.pl,pl,top1000
67956,home-whs.pl,pl,top1000
68039,edziecko.pl,pl,top1000
68064,focus.pl,pl,top1000
68156,lowcygier.pl,pl,top1000
68195,myradioonline.pl,pl,top1000
68237,fotosik.pl,pl,top1000
68278,genealodzy.pl,pl,top1000
68600,ceti.pl,pl,top1000
68675,pulshr.pl,pl,top1000
68841,autoscout24.pl,pl,top1000
68900,yes.pl,pl,top1000
69062,merito.pl,pl,top1000
69244,nowosci.com.pl,pl,top1000
69290,novitus.pl,pl,top1000
69306,dlahandlu.pl,pl,top1000
69336,taniomania.pl,pl,top1000
69443,next.pl,pl,top1000
69579,triverna.pl,pl,top1000
69828,fly.pl,pl,top1000
69841,portel.pl,pl,top1000
69890,gk24.pl,pl,top1000
69986,bnpparibas.pl,pl,top1000
70004,limango.pl,pl,top1000
70079,tysol.pl,pl,top1000
70194,credit-agricole.pl,pl,top1000
70259,aplikuj.pl,pl,top1000
70336,alab.pl,pl,top1000
70348,expressilustrowany.pl,pl,top1000
70499,goal.pl,pl,top1000
70588,rcin.org.pl,pl,top1000
70639,topsecret.pl,pl,top1000
70792,ticketmaster.pl,pl,top1000
70954,mrowka.com.pl,pl,top1000
71001,vidaxl.pl,pl,top1000
71075,3s.pl,pl,top1000
71110,ithardware.pl,pl,top1000
71245,apteline.pl,pl,top1000
71300,travelplanet.pl,pl,top1000
71372,slaskdatacenter.pl,pl,top1000
71418,eurocert.pl,pl,top1000
71520,expressbydgoski.pl,pl,top1000
71551,etop.pl,pl,top1000
71609,deccoria.pl,pl,top1000
71672,tvrepublika.pl,pl,top1000
71701,propertynews.pl,pl,top1000
71732,zasobygwp.pl,pl,top1000
71761,kb.pl,pl,top1000
71765,lublin112.pl,pl,top1000
71829,cookidoo.pl,pl,top1000
71965,pcss.pl,pl,top1000
72315,radiokielce.pl,pl,top1000
72320,ktomalek.pl,pl,top1000
72348,bip.gov.pl,pl,top1000
72379,venezia.pl,pl,top1000
72463,archon.pl,pl,top1000
72475,brainshare.pl,pl,top1000
72758,pomagam.pl,pl,top1000
72769,opineo.pl,pl,top1000
72876,ct8.pl,pl,top1000
73133,tavex.pl,pl,top1000
73211,tygodnik-rolniczy.pl,pl,top1000
73340,gosc.pl,pl,top1000
73466,raspaid.pl,pl,top1000
73519,zero.pl,pl,top1000
73821,doradcasmaku.pl,pl,top1000
73927,hb.pl,pl,top1000
74030,ue.katowice.pl,pl,top1000
74096,domenomania.pl,pl,top1000
74140,fragrantica.pl,pl,top1000
74191,e-turysta.pl,pl,top1000
74293,silweb.pl,pl,top1000
74295,wonga.pl,pl,top1000
74579,ptc.com.pl,pl,top1000
74645,tp.pl,pl,top1000
74715,ifirma.pl,pl,top1000
74831,mojehobby.pl,pl,top1000
74858,dobrzemieszkaj.pl,pl,top1000
74905,pkl.pl,pl,top1000
74943,fora.pl,pl,top1000
75151,myheritage.pl,pl,top1000
75176,flixbus.pl,pl,top1000
75224,gliwice.pl,pl,top1000
75612,podhale24.pl,pl,top1000
75636,pekao24.pl,pl,top1000
75667,gsmmaniak.pl,pl,top1000
75829,rybnik.com.pl,pl,top1000
76016,born2be.pl,pl,top1000
76104,lovekrakow.pl,pl,top1000
76164,eveline.pl,pl,top1000
76222,kfd.pl,pl,top1000
76260,mcdonalds.pl,pl,top1000
76311,wojas.pl,pl,top1000
76314,studia-online.pl,pl,top1000
76382,przyslijprzepis.pl,pl,top1000
76406,pogodairadar.pl,pl,top1000
76534,toya.net.pl,pl,top1000
76547,fajnewczasy.pl,pl,top1000
76652,onebid.pl,pl,top1000
76732,njumobile.pl,pl,top1000
76887,trivago.pl,pl,top1000
76939,lekarzebezkolejki.pl,pl,top1000
77000,moja-ostroleka.pl,pl,top1000
77151,sport-shop.pl,pl,top1000
77179,cal.pl,pl,top1000
77215,ptwp.pl,pl,top1000
77346,tokfm.pl,pl,top1000
77354,wpext.pl,pl,top1000
77392,merkurymarket.pl,pl,top1000
77413,arena.pl,pl,top1000
77505,extradom.pl,pl,top1000
77735,europodroze.pl,pl,top1000
77862,loombard.pl,pl,top1000
77962,eostroleka.pl,pl,top1000
78170,prawo.pl,pl,top1000
78234,myapple.pl,pl,top1000
78277,haps.pl,pl,top1000
78417,agnat.pl,pl,top1000
78419,drogerienatura.pl,pl,top1000
78426,eon.pl,pl,top1000
78484,zloteprzeboje.pl,pl,top1000
78511,realmadryt.pl,pl,top1000
78850,howrse.pl,pl,top1000
78915,zooart.com.pl,pl,top1000
78968,motorol.pl,pl,top1000
78983,top.pl,pl,top1000
79037,homla.com.pl,pl,top1000
79146,groupon.pl,pl,top1000
79240,grajteraz.pl,pl,top1000
79361,krzyzowki123.pl,pl,top1000
79403,playnow.pl,pl,top1000
79433,vezzi.pl,pl,top1000
79492,swiatprzychodni.pl,pl,top1000
79608,planeta.pl,pl,top1000
79617,one.pl,pl,top1000
79646,aaaauto.pl,pl,top1000
79668,marketdino.pl,pl,top1000
79742,nieruchomosci-online.pl,pl,top1000
79810,ppstatic.pl,pl,top1000
79816,bodzio.pl,pl,top1000
79919,wspolczesna.pl,pl,top1000
80057,meblobranie.pl,pl,top1000
80318,ngo.pl,pl,top1000
80428,wiescirolnicze.pl,pl,top1000
80622,topagrar.pl,pl,top1000
80774,publio.pl,pl,top1000
80780,krzyzowka.net.pl,pl,top1000
81087,pepco.pl,pl,top1000
81230,naoko-store.pl,pl,top1000
81296,vulcan.net.pl,pl,top1000
81673,onkologia2025.pl,pl,top1000
81734,animezone.pl,pl,top1000
81815,jdsports.pl,pl,top1000
81819,grtech.pl,pl,top1000
81855,internetia.pl,pl,top1000
81874,meloradio.pl,pl,top1000
81930,nuzle.pl,pl,top1000
82204,wpimg.pl,pl,top1000
82322,mtp.pl,pl,top1000
82413,pollub.pl,pl,top1000
82429,north.pl,pl,top1000
82798,thomann.pl,pl,top1000
82907,eamore.com.pl,pl,top1000
83139,emonnari.pl,pl,top1000
83153,hartphp.com.pl,pl,top1000
83261,polska-org.pl,pl,top1000
83439,sadyogrody.pl,pl,top1000
83497,radiopogoda.pl,pl,top1000
83595,modnakiecka.pl,pl,top1000
83729,beliani.pl,pl,top1000
83840,pakuten.pl,pl,top1000
83843,pewneauto.pl,pl,top1000
83901,webkatalog.pl,pl,top1000
83981,mamnewsa.pl,pl,top1000
84069,rzetelnafirma.pl,pl,top1000
84078,dobrapogoda24.pl,pl,top1000
84098,moga.pl,pl,top1000
84138,bellona.pl,pl,top1000
84288,4fizjo.pl,pl,top1000
84334,tibiopedia.pl,pl,top1000
84462,chamsko.pl,pl,top1000
84485,well.pl,pl,top1000
84574,rozkladzik.pl,pl,top1000
84590,gadu-gadu.pl,pl,top1000
84767,shinden.pl,pl,top1000
84809,saway.pl,pl,top1000
84963,megalotto.pl,pl,top1000
85295,nowehoryzonty.pl,pl,top1000
85306,aletorrenty.pl,pl,top1000
85654,moodo.pl,pl,top1000
85797,bgec.pl,pl,top1000
85831,trafficscanner.pl,pl,top1000
85832,eskarock.pl,pl,top1000
86023,pg.edu.pl,pl,top1000
86384,ceneostatic.pl,pl,top1000
86563,nadmorski24.pl,pl,top1000
86788,alebilet.pl,pl,top1000
87159,iswoda.pl,pl,top1000
87254,graficzne.pl,pl,top1000
87279,erecruiter.pl,pl,top1000
87471,dns.pl,pl,top1000
87532,polin.pl,pl,top1000
87533,tarnowiak.pl,pl,top1000
87669,brzozowiak.pl,pl,top1000
87793,devilpage.pl,pl,top1000
87829,greenpoint.pl,pl,top1000
88236,odebractelefon.pl,pl,top1000
88349,tipli.pl,pl,top1000
88427,vectra.pl,pl,top1000
88609,fakturowo.pl,pl,top1000
88761,panelariadna.pl,pl,top1000
88763,story.pl,pl,top1000
89097,exsite.pl,pl,top1000
89380,eurozet.pl,pl,top1000
89448,loteriada.pl,pl,top1000
89462,www.wroclaw.pl,pl,top1000
89544,netia.com.pl,pl,top1000
89590,kross.pl,pl,top1000
89623,racjonalista.pl,pl,top1000
89726,doba.pl,pl,top1000
89744,skyradar.pl,pl,top1000
89902,neonet.pl,pl,top1000
90089,rpo.gov.pl,pl,top1000
90357,nutridome.pl,pl,top1000
90368,fll.pl,pl,top1000
90473,radar-opadow.pl,pl,top1000
90713,rrmoto.pl,pl,top1000
90845,poprostupycha.com.pl,pl,top1000
90946,netgun.pl,pl,top1000
91125,winiary.pl,pl,top1000
91213,zditm.szczecin.pl,pl,top1000
91441,woor.pl,pl,top1000
91442,auto-land.pl,pl,top1000
91635,play-internet.pl,pl,top1000
91862,meteo.org.pl,pl,top1000
91867,zapisanisobie.pl,pl,top1000
91921,filmy69.pl,pl,top1000
92179,ankieta-online.pl,pl,top1000
92283,bdsm.pl,pl,top1000
92326,bilkom.pl,pl,top1000
92411,carrot.pl,pl,top1000
92611,dlanaswjm.pl,pl,top1000
92966,happytower.pl,pl,top1000
92991,hianime.biz.pl,pl,top1000
93532,mrush.pl,pl,top1000
93657,ofertypracy.edu.pl,pl,top1000
93727,pasjans-online.pl,pl,top1000
93820,pokewars.pl,pl,top1000
93835,portalosk.pl,pl,top1000
93914,razem50plus.pl,pl,top1000
94340,tiwar.pl,pl,top1000
94511,wartank.pl,pl,top1000
94561,wyrazy.pl,pl,top1000
94697,krakow.sa.gov.pl,pl,top1000
94699,pkp.pl,pl,top1000
94759,uni.opole.pl,pl,top1000
95117,mrpips.gov.pl,pl,top1000
95197,sq5wep.pl,pl,top1000
95512,tox.pl,pl,top1000
95735,otouczelnie.pl,pl,top1000
95892,eventim.pl,pl,top1000
95919,inten.pl,pl,top1000
95945,pwn.net.pl,pl,top1000
96011,regiodom.pl,pl,top1000
96061,getresponse360.pl,pl,top1000
96079,sklepwedkarski.pl,pl,top1000
96256,wojsko-polskie.pl,pl,top1000
96377,im-g.pl,pl,top1000
96396,cyfrowypolsat.pl,pl,top1000
96572,mghost.pl,pl,top1000
97128,kylos.net.pl,pl,top1000
97196,manymanuals.pl,pl,top1000
97409,knf.gov.pl,pl,top1000
97482,stpl.net.pl,pl,top1000
97510,ipresso.pl,pl,top1000
97684,cdn-canalplus.pl,pl,top1000
97838,idmnet.pl,pl,top1000
97916,aniakruk.pl,pl,top1000
97928,telekom.pl,pl,top1000
98000,wkdzik.pl,pl,top1000
98038,whitestripspolska.pl,pl,top1000
98107,hostline.pl,pl,top1000
98115,ncplus.pl,pl,top1000
98244,telvinet.pl,pl,top1000
98651,golancz.com.pl,pl,top1000
98890,jchost16.pl,pl,top1000
99018,papilot.pl,pl,top1000
99524,ddregistrar.pl,pl,top1000
99680,i.pl,pl,top1000
99887,agora.pl,pl,top1000
100378,policja.pl,pl,top1000
100606,gg.pl,pl,top1000
100734,sadol.pl,pl,top1000
100966,funduszeeuropejskie.gov.pl,pl,top1000
101059,ur.edu.pl,pl,top1000
101188,maxserver.pl,pl,top1000
101257,deon.pl,pl,top1000
101298,slice.pl,pl,top1000
101350,sgh.waw.pl,pl,top1000
101695,ikp.pl,pl,top1000
101722,czynaczas.pl,pl,top1000
101920,brpo.gov.pl,pl,top1000
101994,wszystkoociasteczkach.pl,pl,top1000
101998,stylowi.pl,pl,top1000
102069,kicktipp.pl,pl,top1000
102631,airbnb.pl,pl,top1000
102789,terazgotuje.pl,pl,top1000
103112,futbolowo.pl,pl,top1000
103235,samorzad.gov.pl,pl,top1000
103929,snapdate.pl,pl,top1000
104088,zesmakiemnaty.pl,pl,top1000
104339,hub.com.pl,pl,top1000
104386,wroclaw.sa.gov.pl,pl,top1000
104628,an24.pl,pl,top1000
104830,filmpolski.pl,pl,top1000
105487,am-track.pl,pl,top1000
106046,dialog.net.pl,pl,top1000
106337,joomla.pl,pl,top1000
106377,ziu.gov.pl,pl,top1000
106537,finn.pl,pl,top1000
106582,pcz.pl,pl,top1000
106637,pzh.gov.pl,pl,top1000
106937,dziennikwschodni.pl,pl,top1000
107068,tezeusz.pl,pl,top1000
107295,tlen.pl,pl,top1000
107537,foreca.pl,pl,top1000
108302,uwr.edu.pl,pl,top1000
108475,epuap.gov.pl,pl,top1000
109698,redlink.pl,pl,top1000
109816,psnc.pl,pl,top1000
109836,blog.pl,pl,top1000
109928,autodoc.pl,pl,top1000
110172,timesa.pl,pl,top1000
110229,platformazakupowa.pl,pl,top1000
110639,fly4free.pl,pl,top1000
110925,vwfs.pl,pl,top1000
111127,mnk.pl,pl,top1000
111270,coig.katowice.pl,pl,top1000
111359,zhp.pl,pl,top1000
111376,viva.pl,pl,top1000
111486,meble.pl,pl,top1000
111623,pb.edu.pl,pl,top1000
111644,bn.org.pl,pl,top1000
112219,klsm.pl,pl,top1000
112238,kopersky.pl,pl,top1000
113165,gum.gov.pl,pl,top1000
113271,blnet.pl,pl,top1000
113495,purepc.pl,pl,top1000
113699,cyber-folks.pl,pl,top1000
113758,pse.pl,pl,top1000
113956,noclegi.pl,pl,top1000
113993,wysokieobcasy.pl,pl,top1000
114161,odpowiedz.pl,pl,top1000
114318,webcamera.pl,pl,top1000
114380,smcdn.pl,pl,top1000
114713,vevor.pl,pl,top1000
114830,strazgraniczna.pl,pl,top1000
114985,neteasy.pl,pl,top1000
114988,polsat.net.pl,pl,top1000
115087,atthost.pl,pl,top1000
115349,umlub.pl,pl,top1000
115433,qpony.pl,pl,top1000
115763,netlink.com.pl,pl,top1000
115848,lvbet.pl,pl,top1000
116115,paczkomaty.pl,pl,top1000
116270,waszaedukacja.pl,pl,top1000
116463,kprm.gov.pl,pl,top1000
116479,medicover.pl,pl,top1000
116562,wosp.org.pl,pl,top1000
116629,kafeteria.pl,pl,top1000
116931,ezamowienia.gov.pl,pl,top1000
116993,of.pl,pl,top1000
117136,speedway-world.pl,pl,top1000
117188,internetdsl.pl,pl,top1000
117221,softonic.pl,pl,top1000
117263,e-kei.pl,pl,top1000
117572,jchost11.pl,pl,top1000
117770,mserwis.pl,pl,top1000
117828,evenea.pl,pl,top1000
117942,rankomat.pl,pl,top1000
117960,cke.gov.pl,pl,top1000
118201,misztal.edu.pl,pl,top1000
118369,legalis.pl,pl,top1000
118392,rejestracjadomen.pl,pl,top1000
118478,rootvps.pl,pl,top1000
118604,gpcdn.pl,pl,top1000
118676,polona.pl,pl,top1000
118800,ergohestia.pl,pl,top1000
119007,tim.pl,pl,top1000
119219,targikielce.pl,pl,top1000
119424,sggw.edu.pl,pl,top1000
119702,sohost.pl,pl,top1000
120041,misaki.pl,pl,top1000
120054,patronite.pl,pl,top1000
120110,puesc.gov.pl,pl,top1000
120151,uz.zgora.pl,pl,top1000
120261,sum.edu.pl,pl,top1000
120550,addhost.pl,pl,top1000
121563,velobank.pl,pl,top1000
121575,upwr.edu.pl,pl,top1000
121714,ecsmedia.pl,pl,top1000
121932,incdn.pl,pl,top1000
122122,jchost15.pl,pl,top1000
122540,gomez.pl,pl,top1000
122583,sbc.org.pl,pl,top1000
122655,insert.com.pl,pl,top1000
122691,rcl.gov.pl,pl,top1000
122739,szkolnastrona.pl,pl,top1000
122807,indigo.pl,pl,top1000
122930,salon24.pl,pl,top1000
122932,vh.pl,pl,top1000
123168,ovoko.pl,pl,top1000
123260,lubelskie.pl,pl,top1000
123314,plinko.org.pl,pl,top1000
123324,homecloud.pl,pl,top1000
123347,mobywatel.gov.pl,pl,top1000
123691,morizon.pl,pl,top1000
123707,vihost.pl,pl,top1000
124267,photoblog.pl,pl,top1000
124436,4f.com.pl,pl,top1000
124525,vot.pl,pl,top1000
124661,poradnikprzedsiebiorcy.pl,pl,top1000
124825,krytykapolityczna.pl,pl,top1000
124901,bik.pl,pl,top1000
125208,betnred.pl,pl,top1000
125347,hoste.pl,pl,top1000
125390,nask.waw.pl,pl,top1000
125423,agilecorporate.pl,pl,top1000
125449,tantis.pl,pl,top1000
125479,optyczne.pl,pl,top1000
125528,elmark.com.pl,pl,top1000
125682,alte.pl,pl,top1000
125805,idhosting.pl,pl,top1000
125870,auchan.pl,pl,top1000
125876,sprint-rowery.pl,pl,top1000
126082,iparts.pl,pl,top1000
126517,radiogdansk.pl,pl,top1000
126552,masternet.pl,pl,top1000
127098,cdaction.pl,pl,top1000
127265,instalki.pl,pl,top1000
127505,uniqa.pl,pl,top1000
127632,intertele.pl,pl,top1000
127909,swiatkwiatow.pl,pl,top1000
127948,d2.pl,pl,top1000
128147,mapa-turystyczna.pl,pl,top1000
128313,apaczka.pl,pl,top1000
128319,go2.pl,pl,top1000
128491,zetohosting.pl,pl,top1000
128882,gkpge.pl,pl,top1000
129160,cdntvn.pl,pl,top1000
129180,men.gov.pl,pl,top1000
129360,kwejk.pl,pl,top1000
129424,sstore.pl,pl,top1000
129473,fixly.pl,pl,top1000
129656,nn.pl,pl,top1000
130151,w-poblizu.pl,pl,top1000
130169,jchost04.pl,pl,top1000
130216,satel.pl,pl,top1000
130650,brewiarz.pl,pl,top1000
130718,pkw.gov.pl,pl,top1000
130938,polsatboxgo.pl,pl,top1000
131458,pfron.org.pl,pl,top1000
131698,blink.pl,pl,top1000
131962,jchost10.pl,pl,top1000
132060,fipro.pl,pl,top1000
132130,pless.pl,pl,top1000
132688,mgsm.pl,pl,top1000
133135,philips.pl,pl,top1000
133277,xaa.pl,pl,top1000
133494,polskapress.pl,pl,top1000
133650,fototapetuj.pl,pl,top1000
133889,goral.net.pl,pl,top1000
133977,aboutyou.pl,pl,top1000
134011,insert.pl,pl,top1000
134031,przepisnaszycie.pl,pl,top1000
134044,xce.pl,pl,top1000
134066,pagenev.pl,pl,top1000
134201,bron.pl,pl,top1000
134271,muzeum1939.pl,pl,top1000
134462,tczew.pl,pl,top1000
134737,galactica.pl,pl,top1000
134992,rybnet.pl,pl,top1000
135142,zegarownia.pl,pl,top1000
135375,jchost08.pl,pl,top1000
135517,zakole.pl,pl,top1000
135548,ezdrowie.gov.pl,pl,top1000
135667,hackerspace.pl,pl,top1000
136436,weatheronline.pl,pl,top1000
136576,shoper.pl,pl,top1000
136582,upcars.pl,pl,top1000
136586,va.pl,pl,top1000
137069,eduvulcan.pl,pl,top1000
137340,kasacjasamochodow.pl,pl,top1000
137489,makeup.pl,pl,top1000
137698,usz.edu.pl,pl,top1000
137820,proads.pl,pl,top1000
138073,a2s.pl,pl,top1000
138226,naukawpolsce.pl,pl,top1000
138229,fdb.pl,pl,top1000
138480,swps.pl,pl,top1000
138490,ex4.pl,pl,top1000
138539,futuro.pl,pl,top1000
138653,botland.com.pl,pl,top1000
138740,dropped.net.pl,pl,top1000
139025,bialystokonline.pl,pl,top1000
139400,zanotowane.pl,pl,top1000
139594,burdamedia.pl,pl,top1000
139601,zpe.gov.pl,pl,top1000
139629,wenet.pl,pl,top1000
139632,furgonetka.pl,pl,top1000
139780,e-katalog.pl,pl,top1000
139797,carrefour.pl,pl,top1000
139840,nauka.gov.pl,pl,top1000
139843,protym.pl,pl,top1000
139887,satkurier.pl,pl,top1000
139934,military.pl,pl,top1000
139990,radiokrakow.pl,pl,top1000
140039,maloma.pl,pl,top1000
140173,mpips.gov.pl,pl,top1000
140254,med.pl,pl,top1000
140352,civicklub.pl,pl,top1000
140534,lazienkaplus.pl,pl,top1000
140597,pttk.pl,pl,top1000
140690,glami.pl,pl,top1000
140747,etutor.pl,pl,top1000
140790,notebookcheck.pl,pl,top1000
141079,cfolks.pl,pl,top1000
145663,webserwer.pl,pl,random1000
145733,poelking.pl,pl,random1000
146261,wat.edu.pl,pl,random1000
147385,cdrinfo.pl,pl,random1000
148737,motofakty.pl,pl,random1000
148829,lukasiewicz.gov.pl,pl,random1000
150068,angela.pl,pl,random1000
150187,carry.pl,pl,random1000
150574,mercateo.com.pl,pl,random1000
150721,top-narty.pl,pl,random1000
152164,inter-team.com.pl,pl,random1000
152289,istotne.pl,pl,random1000
154110,e-pity.pl,pl,random1000
157182,propertydesign.pl,pl,random1000
157544,knives.pl,pl,random1000
157768,biala.pl,pl,random1000
160861,supersound.pl,pl,random1000
162277,senat.gov.pl,pl,random1000
162835,hdrezka.pl,pl,random1000
163670,epaka.pl,pl,random1000
164069,autogaleria.pl,pl,random1000
164366,wyjatkowyprezent.pl,pl,random1000
165558,nsa.gov.pl,pl,random1000
165758,parenting.pl,pl,random1000
165765,s-trojmiasto.pl,pl,random1000
166256,wer.pl,pl,random1000
167730,nowytarg.pl,pl,random1000
167950,netart.pl,pl,random1000
168063,zielonaskrzynka.pl,pl,random1000
168975,zabytek.pl,pl,random1000
169372,easyisp.pl,pl,random1000
169778,inzynierbudownictwa.pl,pl,random1000
170380,e-zikoapteka.pl,pl,random1000
170967,radioszczecin.pl,pl,random1000
171888,meteoprog.pl,pl,random1000
175650,medfile.pl,pl,random1000
175674,ddwloclawek.pl,pl,random1000
177237,zbiam.pl,pl,random1000
177902,50style.pl,pl,random1000
178217,radiobielsko.pl,pl,random1000
178615,eastnews.pl,pl,random1000
179222,sonepar.pl,pl,random1000
179602,rzeszow-news.pl,pl,random1000
180402,ciniba.edu.pl,pl,random1000
180884,terrarium.pl,pl,random1000
181248,geekbuying.pl,pl,random1000
181397,butosklep.pl,pl,random1000
183295,turek.net.pl,pl,random1000
184438,naszosie.pl,pl,random1000
184663,niebezpiecznik.pl,pl,random1000
185309,domitech.pl,pl,random1000
187641,emp-shop.pl,pl,random1000
188939,jchost07.pl,pl,random1000
190881,stronazdrowia.pl,pl,random1000
191189,promoklocki.pl,pl,random1000
191297,ujk.edu.pl,pl,random1000
192885,poleasingowe.pl,pl,random1000
194907,bytom.com.pl,pl,random1000
195487,kujawsko-pomorskie.pl,pl,random1000
196802,profitroom.pl,pl,random1000
199019,ciechanowinaczej.pl,pl,random1000
199074,fdm.pl,pl,random1000
199180,lastminuter.pl,pl,random1000
199228,moraj.pl,pl,random1000
200691,zachod.pl,pl,random1000
201261,hackeo.pl,pl,random1000
201640,sieradzak.pl,pl,random1000
201653,asta-net.pl,pl,random1000
202500,kronikidziejow.pl,pl,random1000
203087,teleaudio.com.pl,pl,random1000
203434,zielony-parapet.pl,pl,random1000
203449,mz.gov.pl,pl,random1000
203501,nawa.gov.pl,pl,random1000
203591,wgrane.pl,pl,random1000
203733,sellpy.pl,pl,random1000
203956,przelom.pl,pl,random1000
204008,lotnisko-chopina.pl,pl,random1000
204216,lotnictwo.net.pl,pl,random1000
205175,gazetkonosz.pl,pl,random1000
205555,nac.gov.pl,pl,random1000
206293,telpol.net.pl,pl,random1000
211155,prawo-jazdy-360.pl,pl,random1000
212881,pstz.org.pl,pl,random1000
216038,loberon.pl,pl,random1000
216750,ohbutik.pl,pl,random1000
217029,pielegniarki.info.pl,pl,random1000
217110,pokewalki.pl,pl,random1000
217977,supergrosz.pl,pl,random1000
220228,mevspace.pl,pl,random1000
220781,fan.pl,pl,random1000
221832,e-wczasy.pl,pl,random1000
225016,wrotapodlasia.pl,pl,random1000
225222,ncn.gov.pl,pl,random1000
226379,coi.gov.pl,pl,random1000
226459,digi.pl,pl,random1000
227720,urlop.pl,pl,random1000
228215,auto.com.pl,pl,random1000
228540,miau.pl,pl,random1000
230126,dmtec.pl,pl,random1000
232805,grecos.pl,pl,random1000
233226,angielskieespresso.pl,pl,random1000
234618,nfosigw.gov.pl,pl,random1000
236875,visitmalopolska.pl,pl,random1000
242405,enbook.pl,pl,random1000
242594,maniaurzadzania.pl,pl,random1000
243262,atlasformen.pl,pl,random1000
246041,zdmikp.bydgoszcz.pl,pl,random1000
247908,pcfoster.pl,pl,random1000
248212,odee.pl,pl,random1000
249997,komornik.pl,pl,random1000
250506,uzp.gov.pl,pl,random1000
250929,trol.pl,pl,random1000
251113,wielkahistoria.pl,pl,random1000
251915,blizejciebie.pl,pl,random1000
255375,naszdziennik.pl,pl,random1000
255929,dermabox.pl,pl,random1000
257559,itmedia.pl,pl,random1000
258998,chickensroads.com.pl,pl,random1000
259647,allekurier.pl,pl,random1000
260923,alldatasheet.pl,pl,random1000
261439,getresponse.pl,pl,random1000
261803,agnez.com.pl,pl,random1000
262726,biznes-host.pl,pl,random1000
263473,sztetl.org.pl,pl,random1000
265139,autopay.pl,pl,random1000
265601,janachowska.pl,pl,random1000
268076,dolsat.pl,pl,random1000
268776,cairo.pl,pl,random1000
269543,polskieogloszenia.pl,pl,random1000
270121,skokinarciarskie.pl,pl,random1000
270438,wilanow-palac.pl,pl,random1000
270829,proxy.net.pl,pl,random1000
272292,eltrox.pl,pl,random1000
274754,sw.gov.pl,pl,random1000
276272,9c.pl,pl,random1000
276434,gazetkolandia.pl,pl,random1000
277983,d-pos.pl,pl,random1000
278800,friko.pl,pl,random1000
278856,petrostar.pl,pl,random1000
280966,wgospodarce.pl,pl,random1000
283187,mouser.pl,pl,random1000
285789,auracare.pl,pl,random1000
287830,opennet.pl,pl,random1000
288641,serwervps.pl,pl,random1000
288986,bielsko-biala.pl,pl,random1000
289472,adview.pl,pl,random1000
290183,wydawnictworebel.pl,pl,random1000
290548,mebleteo.pl,pl,random1000
290656,cyberdefence24.pl,pl,random1000
292511,wcss.pl,pl,random1000
297009,satfilm.com.pl,pl,random1000
297643,genesilico.pl,pl,random1000
298195,schroniskobukowina.pl,pl,random1000
298448,kresy.org.pl,pl,random1000
298750,wsisiz.edu.pl,pl,random1000
298936,payu.pl,pl,random1000
299138,trybunal.gov.pl,pl,random1000
300415,e-horyzont.pl,pl,random1000
300867,visa.pl,pl,random1000
302155,ure.gov.pl,pl,random1000
302299,piusx.org.pl,pl,random1000
302805,archpoznan.pl,pl,random1000
304043,icefishinggame.pl,pl,random1000
304188,frisco.pl,pl,random1000
306178,abc.pl,pl,random1000
306533,20latwue.pl,pl,random1000
307066,st-nieruchomosci-online.pl,pl,random1000
307659,y0.pl,pl,random1000
308086,party.pl,pl,random1000
308514,jackmotors.pl,pl,random1000
309090,docer.pl,pl,random1000
311421,jobs.pl,pl,random1000
313081,whitemad.pl,pl,random1000
318421,slowianka-nails.pl,pl,random1000
322337,playgroundarena.pl,pl,random1000
322411,lanifityfashion.pl,pl,random1000
322981,atcomnet.com.pl,pl,random1000
325004,megahost.pl,pl,random1000
325828,promax.media.pl,pl,random1000
326741,videostar.pl,pl,random1000
328089,fotopolis.pl,pl,random1000
328142,portalmorski.pl,pl,random1000
328385,mhk.pl,pl,random1000
330566,hurtopony.pl,pl,random1000
330880,strazstrzelce.pl,pl,random1000
330953,sposobynachrapanie.pl,pl,random1000
333290,finemedia.pl,pl,random1000
334063,micolet.pl,pl,random1000
334293,neurotechnologia.pl,pl,random1000
334328,coffeedesk.pl,pl,random1000
334814,ygd.pl,pl,random1000
335780,fnp.org.pl,pl,random1000
337012,strefadb.pl,pl,random1000
338922,avt.pl,pl,random1000
341127,tvksmp.pl,pl,random1000
343765,geoportal2.pl,pl,random1000
346316,plantini.pl,pl,random1000
346395,gabloty.org.pl,pl,random1000
346483,wbj.pl,pl,random1000
347002,idealan.pl,pl,random1000
347388,infomex.pl,pl,random1000
347643,proinet.pl,pl,random1000
350318,116111.pl,pl,random1000
350884,jaslo4u.pl,pl,random1000
351052,voxfm.pl,pl,random1000
354456,paperconcept.pl,pl,random1000
355238,tvsmart.pl,pl,random1000
356232,prohost.pl,pl,random1000
357633,mybenefit.pl,pl,random1000
357674,perfect-net.pl,pl,random1000
357965,arslege.pl,pl,random1000
357987,lazienkiabc.pl,pl,random1000
359163,mostbete.pl,pl,random1000
359271,berlin-hotel.pl,pl,random1000
359442,vdl.pl,pl,random1000
361621,teb.pl,pl,random1000
361898,kresy24.pl,pl,random1000
366044,jarusnet.pl,pl,random1000
367192,odkrywca.pl,pl,random1000
367484,pop.pl,pl,random1000
368797,tubadzin.pl,pl,random1000
369606,plecakownia.pl,pl,random1000
370345,targetnet.pl,pl,random1000
370534,entim.pl,pl,random1000
370919,sbteam.pl,pl,random1000
371433,dafi.pl,pl,random1000
372073,podyplomie.pl,pl,random1000
372572,katalogmarzen.pl,pl,random1000
373024,frumzigrac.pl,pl,random1000
373160,netdc.pl,pl,random1000
373617,amica.pl,pl,random1000
374636,kronikatygodnia.pl,pl,random1000
376044,wsip.pl,pl,random1000
376295,intercars.com.pl,pl,random1000
376955,drogeriaolmed.pl,pl,random1000
378692,gieldazegarkow.pl,pl,random1000
378778,agusiq-torrents.pl,pl,random1000
379014,signal.pl,pl,random1000
379368,strmwb.pl,pl,random1000
379883,k4.pl,pl,random1000
380478,gpw.com.pl,pl,random1000
382694,beskidmedia.pl,pl,random1000
385052,sport-live.pl,pl,random1000
385077,animalia.pl,pl,random1000
385081,motochemia.pl,pl,random1000
389608,inglot.pl,pl,random1000
390993,flexdog.pl,pl,random1000
391372,js.com.pl,pl,random1000
394738,footmate.pl,pl,random1000
395611,witkac.pl,pl,random1000
395824,med-store.pl,pl,random1000
397120,meteofor.pl,pl,random1000
397721,unilink.pl,pl,random1000
397913,po.opole.pl,pl,random1000
399350,momondo.pl,pl,random1000
400831,stalflex.pl,pl,random1000
401823,locosport.pl,pl,random1000
402560,nfz-krakow.pl,pl,random1000
402955,vindecoder.pl,pl,random1000
403351,global3d.pl,pl,random1000
403444,warsawtour.pl,pl,random1000
403605,tricholo.pl,pl,random1000
406588,probella.pl,pl,random1000
407000,marcth.pl,pl,random1000
407314,franciszkanie.pl,pl,random1000
407597,mada.pl,pl,random1000
412638,foodbuy.pl,pl,random1000
413374,zawszepomorze.pl,pl,random1000
413715,protonet.pl,pl,random1000
414478,radioparty.pl,pl,random1000
414650,reliasol.pl,pl,random1000
415130,ninateka.pl,pl,random1000
415185,paynow.pl,pl,random1000
417594,aksotronik.com.pl,pl,random1000
418109,darmowy-torrent.pl,pl,random1000
418235,sztuka-wnetrza.pl,pl,random1000
418370,bluserwer.pl,pl,random1000
419184,nettg.pl,pl,random1000
420199,numizmatyczny.pl,pl,random1000
420535,hurtglass.pl,pl,random1000
421145,styroneo.pl,pl,random1000
421650,restilo.pl,pl,random1000
422079,foto-kurier.pl,pl,random1000
423214,sii.pl,pl,random1000
423674,bookland.com.pl,pl,random1000
424591,idealnesciany.pl,pl,random1000
425901,lennso.pl,pl,random1000
427771,megadron.pl,pl,random1000
428484,tarman.pl,pl,random1000
429567,mtm-info.pl,pl,random1000
429659,baodao.pl,pl,random1000
430505,vbb.pl,pl,random1000
431252,albeco.com.pl,pl,random1000
431734,przystanekhistoria.pl,pl,random1000
432237,dhl.com.pl,pl,random1000
433324,hostingconnect.pl,pl,random1000
435409,mrcleaner.pl,pl,random1000
438690,zbp.pl,pl,random1000
439652,motoekstra.pl,pl,random1000
439930,ene.pl,pl,random1000
441564,esensja.pl,pl,random1000
441991,tablety.pl,pl,random1000
443794,wdm.pl,pl,random1000
446738,ebajk.pl,pl,random1000
447807,rynek-lotniczy.pl,pl,random1000
448381,augustyna.pl,pl,random1000
448760,biznesuj.pl,pl,random1000
449202,hostingosy.pl,pl,random1000
449818,drutex.pl,pl,random1000
449822,innyhosting.pl,pl,random1000
450217,fullnet.pl,pl,random1000
452148,sebipol.com.pl,pl,random1000
452580,spodiglyinitki.pl,pl,random1000
453205,forumniebiescy.pl,pl,random1000
453978,resetoff.pl,pl,random1000
454031,cenobitz.pl,pl,random1000
454688,oponyciezarowe.pl,pl,random1000
455275,ukrainerelief.pl,pl,random1000
455564,dacia.pl,pl,random1000
455935,lechia.pl,pl,random1000
456982,apteka-amica.pl,pl,random1000
457527,follownet.pl,pl,random1000
457886,osp.org.pl,pl,random1000
458060,iswinoujscie.pl,pl,random1000
458332,przyjacielekawy.pl,pl,random1000
459314,kubaszka.pl,pl,random1000
459705,modasizeplus.pl,pl,random1000
459732,lo.pl,pl,random1000
460225,gabriella.pl,pl,random1000
462662,napad.pl,pl,random1000
464150,ceo.com.pl,pl,random1000
465937,girlswhotest.pl,pl,random1000
467183,sciaga.pl,pl,random1000
467666,viperprint.pl,pl,random1000
468133,belveder.com.pl,pl,random1000
469703,jsw.pl,pl,random1000
469953,raben.com.pl,pl,random1000
470446,admaro.com.pl,pl,random1000
470791,cyberbajt.pl,pl,random1000
470830,glamrap.pl,pl,random1000
471320,officina66.pl,pl,random1000
472075,eot.pl,pl,random1000
472427,rawdecor.pl,pl,random1000
473211,mollo.pl,pl,random1000
473881,dapaco.pl,pl,random1000
474760,niebieskalinia.pl,pl,random1000
474959,matfel.pl,pl,random1000
475475,artykwariat.pl,pl,random1000
475970,jakwylaczyccookie.pl,pl,random1000
476715,smsnet.pl,pl,random1000
476820,cashless.pl,pl,random1000
478817,perfumehub.pl,pl,random1000
479334,oczkawodne.pl,pl,random1000
479433,dolina-noteci.pl,pl,random1000
479956,sig.pl,pl,random1000
481420,helena-ts.pl,pl,random1000
481704,dakmet.com.pl,pl,random1000
483068,rtck.pl,pl,random1000
483209,niewidzialnygdansk.pl,pl,random1000
483939,dziel-pasje.pl,pl,random1000
484441,darlowo.pl,pl,random1000
484900,lokalizacja-gps.pl,pl,random1000
485357,mobiltek.pl,pl,random1000
485403,pawo.pl,pl,random1000
485441,lubiebuty.pl,pl,random1000
485676,chabur.pl,pl,random1000
486649,ultima.pl,pl,random1000
487628,umlub.edu.pl,pl,random1000
487784,topr.pl,pl,random1000
488283,roca.pl,pl,random1000
489117,s-studio.com.pl,pl,random1000
490090,fortum.pl,pl,random1000
491384,wynajem-zico.pl,pl,random1000
492157,kadokaarchitekci.pl,pl,random1000
493298,portpolska.pl,pl,random1000
495382,laroche-posay.pl,pl,random1000
495467,exone-web.pl,pl,random1000
495482,icsv.pl,pl,random1000
495570,sklepogrodniczy.pl,pl,random1000
496114,salesintelligence.pl,pl,random1000
496473,myinet.pl,pl,random1000
497786,n-broker.pl,pl,random1000
497974,tom-net.pl,pl,random1000
498198,jober.pl,pl,random1000
498967,burning-brushes.pl,pl,random1000
499776,the-west.pl,pl,random1000
502419,butys.pl,pl,random1000
502556,drogeriadrzdrowie.pl,pl,random1000
503753,laskonline.pl,pl,random1000
504559,strefakursow.pl,pl,random1000
505079,dabrowatar.sr.gov.pl,pl,random1000
506138,parking-samochod.pl,pl,random1000
507886,echostar.pl,pl,random1000
507900,nj24.pl,pl,random1000
510114,czakmusic.pl,pl,random1000
511724,waw4free.pl,pl,random1000
512263,milicon.pl,pl,random1000
513533,kiedywakacje.pl,pl,random1000
515653,prw.pl,pl,random1000
515754,ecojardin.pl,pl,random1000
516803,nawycieczke.pl,pl,random1000
517018,kgw.edu.pl,pl,random1000
517025,jupe.pl,pl,random1000
517559,apollohost.pl,pl,random1000
517917,angielski.edu.pl,pl,random1000
518324,sklepmoto46.pl,pl,random1000
519326,agronews.com.pl,pl,random1000
520400,aia.pl,pl,random1000
521694,ltesty.pl,pl,random1000
522762,posnet.com.pl,pl,random1000
522804,kinopodbaranami.pl,pl,random1000
524003,gazetkapromocyjna.com.pl,pl,random1000
524910,webmedia.pl,pl,random1000
526896,suwalki24.pl,pl,random1000
527906,strefakrojuiszycia.pl,pl,random1000
529653,tvn24bis.pl,pl,random1000
530505,merkandi.pl,pl,random1000
531062,utk.gov.pl,pl,random1000
531726,wadowice24.pl,pl,random1000
531939,velno.pl,pl,random1000
532392,infonumer.pl,pl,random1000
534169,superserwery.com.pl,pl,random1000
534736,domd.pl,pl,random1000
538836,sklep-allboards.pl,pl,random1000
539443,flawless.pl,pl,random1000
539641,iweb.pl,pl,random1000
539945,rudaslaska.com.pl,pl,random1000
542046,krknews.pl,pl,random1000
542758,4turbo.pl,pl,random1000
543031,klarstein.pl,pl,random1000
543765,mojegolebie.pl,pl,random1000
543982,fishki.pl,pl,random1000
544206,mojestypendium.pl,pl,random1000
545158,master.pl,pl,random1000
546737,nfz-warszawa.pl,pl,random1000
548499,olejow.pl,pl,random1000
548940,tulegnica.pl,pl,random1000
549876,zlotetarasy.pl,pl,random1000
550033,amo.edu.pl,pl,random1000
550228,pozyczkaplus.pl,pl,random1000
550681,cukierniasowa.pl,pl,random1000
552686,forum-ekonomiczne.pl,pl,random1000
552824,kania.com.pl,pl,random1000
552868,mybed.pl,pl,random1000
553928,ciechocinek.pl,pl,random1000
554471,zatorland.pl,pl,random1000
555876,pitbikemrf.pl,pl,random1000
556555,jhi.pl,pl,random1000
556594,24box.pl,pl,random1000
556644,parkrun.pl,pl,random1000
558115,motolargo.pl,pl,random1000
560855,kwadron.pl,pl,random1000
562385,perfumy.pl,pl,random1000
562827,bikestats.pl,pl,random1000
563454,mironet.pl,pl,random1000
564737,smgr.pl,pl,random1000
566424,kukbuk.pl,pl,random1000
567314,tajemniczakuchnia.pl,pl,random1000
567350,smallhost.pl,pl,random1000
567896,aimdisplay.com.pl,pl,random1000
569949,eprezenty.pl,pl,random1000
570459,swiatmotocykli.pl,pl,random1000
571222,avenatech.pl,pl,random1000
571278,lelosi.pl,pl,random1000
571387,littleindia.pl,pl,random1000
571626,dzieckowpodrozy.pl,pl,random1000
571780,miedziowe.pl,pl,random1000
572495,anstar.edu.pl,pl,random1000
573264,ovufriend.pl,pl,random1000
573434,stanley.info.pl,pl,random1000
573654,busradar.pl,pl,random1000
573768,paso.pl,pl,random1000
575451,akademiasmaku.pl,pl,random1000
575539,neta.pl,pl,random1000
575916,duzylolek.pl,pl,random1000
576273,polmic.pl,pl,random1000
576849,moje-gniezno.pl,pl,random1000
576991,skarbnicanarodowa.pl,pl,random1000
577741,crhmaterials.pl,pl,random1000
578383,radiovia.com.pl,pl,random1000
580513,softel.elblag.pl,pl,random1000
580904,newslubuski.pl,pl,random1000
583749,m-vision.com.pl,pl,random1000
584465,promoapka.pl,pl,random1000
584547,heavycruiser.pl,pl,random1000
584591,mywanderlust.pl,pl,random1000
585854,leanlab.pl,pl,random1000
586505,bytomski.pl,pl,random1000
586793,forumbudowlane.pl,pl,random1000
587889,amica.com.pl,pl,random1000
588145,gls-poland.com.pl,pl,random1000
588287,rybczewice.pl,pl,random1000
588579,comperialead.pl,pl,random1000
591531,planujemywesele.pl,pl,random1000
592259,premiumhotel.pl,pl,random1000
592881,ikard.pl,pl,random1000
592890,unitrailer.pl,pl,random1000
593039,abecar.pl,pl,random1000
595000,superbet.org.pl,pl,random1000
595435,blip.pl,pl,random1000
595630,devil-cars.pl,pl,random1000
595720,nowator-zpu.pl,pl,random1000
596476,centralna.pl,pl,random1000
596818,estro.pl,pl,random1000
596837,eyeforfashion.pl,pl,random1000
597652,mizar.com.pl,pl,random1000
599349,decorsystem.com.pl,pl,random1000
600926,bodylook.pl,pl,random1000
601668,abcnetworkingu.pl,pl,random1000
602830,dietetykchmielarz.pl,pl,random1000
607228,mommybag.pl,pl,random1000
608350,wienerberger.pl,pl,random1000
608531,obslugamedialna.pl,pl,random1000
608721,safenet.pl,pl,random1000
609216,hostingownia.com.pl,pl,random1000
609986,kasat.pl,pl,random1000
610540,7er.pl,pl,random1000
611563,gunszop.pl,pl,random1000
611571,holokolo.pl,pl,random1000
611658,poddebice.pl,pl,random1000
612297,sunwaytravel.pl,pl,random1000
612879,nd0.pl,pl,random1000
614338,torun.sr.gov.pl,pl,random1000
614945,airmax.pl,pl,random1000
615452,triny.pl,pl,random1000
616542,kulturaliberalna.pl,pl,random1000
616649,beskidy-travel.pl,pl,random1000
617268,infodent24.pl,pl,random1000
619307,highfidelity.pl,pl,random1000
619793,ids.pl,pl,random1000
620284,amnesty.org.pl,pl,random1000
620506,piap.pl,pl,random1000
620552,telewizjaonline.pl,pl,random1000
621275,szczecin.szczecin.pl,pl,random1000
621314,gabinet.gov.pl,pl,random1000
621342,urpl.gov.pl,pl,random1000
622926,bitmat.pl,pl,random1000
623539,homegarden.com.pl,pl,random1000
624871,outletmax.pl,pl,random1000
624991,uwolnijkolory.pl,pl,random1000
625377,sadownictwo.com.pl,pl,random1000
625389,ileader.pl,pl,random1000
627263,invest.pl,pl,random1000
627700,lksfans.pl,pl,random1000
629061,ingram.com.pl,pl,random1000
629439,aptekadlarodziny.pl,pl,random1000
631219,uwujka.pl,pl,random1000
632650,koszalin.sr.gov.pl,pl,random1000
635848,jarocinska.pl,pl,random1000
637330,balticbhp.pl,pl,random1000
639009,plastiflora.pl,pl,random1000
640236,eurocasino-pl.pl,pl,random1000
641776,i24.pl,pl,random1000
642807,progman.pl,pl,random1000
642951,vigoshop.pl,pl,random1000
643444,zsarozaniec.pl,pl,random1000
645631,yokaba.pl,pl,random1000
646524,vel.pl,pl,random1000
646921,kolporter.com.pl,pl,random1000
647535,ajp.edu.pl,pl,random1000
648183,stolicasportu.pl,pl,random1000
648716,infoilawa.pl,pl,random1000
650078,skionline.pl,pl,random1000
650134,damian.pl,pl,random1000
653003,krukam.pl,pl,random1000
654441,onlinekasyno-polis.pl,pl,random1000
654452,traxx.com.pl,pl,random1000
654688,rekman.com.pl,pl,random1000
655191,e-supelek.com.pl,pl,random1000
655667,kochamsushi.pl,pl,random1000
657752,poprostulazienki.pl,pl,random1000
657841,miastozabrze.pl,pl,random1000
659078,opinieouczelniach.pl,pl,random1000
661125,gwarek.com.pl,pl,random1000
661140,motogo.pl,pl,random1000
663291,oldf1wm.pl,pl,random1000
663891,elus.pl,pl,random1000
665141,j-elita.org.pl,pl,random1000
665350,legionowo.pl,pl,random1000
666287,niebieskiepudelko.pl,pl,random1000
666793,vivigo.pl,pl,random1000
666915,cs4u.pl,pl,random1000
667094,mojabudowa.pl,pl,random1000
667365,carpetsandmore.pl,pl,random1000
667825,time.net.pl,pl,random1000
667926,dedoles.pl,pl,random1000
668329,metalpoint-sklep.pl,pl,random1000
668419,gabo.pl,pl,random1000
669140,radecznica.pl,pl,random1000
669385,axa-partners.pl,pl,random1000
669661,silnet.pl,pl,random1000
669818,okucia-sklep.pl,pl,random1000
669977,expander.pl,pl,random1000
670249,velpa.pl,pl,random1000
670601,randki24.pl,pl,random1000
671955,zegarki.pl,pl,random1000
673941,catfootwear.pl,pl,random1000
675325,home-design24.pl,pl,random1000
675524,sexfilmy.com.pl,pl,random1000
679209,remko.pl,pl,random1000
681348,kantoromega.pl,pl,random1000
681435,evio.pl,pl,random1000
682266,salamon.pl,pl,random1000
682398,kpops.pl,pl,random1000
682640,sellizer.pl,pl,random1000
683993,terrarium.com.pl,pl,random1000
684215,antal.pl,pl,random1000
685188,webreklama.pl,pl,random1000
685522,ava-kosmetyki.pl,pl,random1000
685612,nativeone.pl,pl,random1000
687256,teveo.pl,pl,random1000
688447,ichf.edu.pl,pl,random1000
688963,inforfk.pl,pl,random1000
689455,energetycznyprojekt.pl,pl,random1000
689615,eyerim.pl,pl,random1000
689836,edaxo.pl,pl,random1000
689884,pijafka.pl,pl,random1000
690412,perfectblue.pl,pl,random1000
690946,turystyka.com.pl,pl,random1000
691041,artgrupa.pl,pl,random1000
691398,pharmindex.pl,pl,random1000
692478,historiaposzukaj.pl,pl,random1000
692702,drogeriejawa.pl,pl,random1000
693033,cencert.pl,pl,random1000
694682,8wines.pl,pl,random1000
695071,matemaks.pl,pl,random1000
695276,gastromania.pl,pl,random1000
696117,imwebhosting.pl,pl,random1000
696852,topczescizamienne.pl,pl,random1000
697711,danieljanik.com.pl,pl,random1000
698177,fightershop.com.pl,pl,random1000
699979,bstok.pl,pl,random1000
702899,ptfarm.pl,pl,random1000
703107,cedrowa.pl,pl,random1000
705296,influcenter.pl,pl,random1000
705731,przyjemnoscmeblowania.pl,pl,random1000
706253,zegluga.pl,pl,random1000
706474,e-milw.pl,pl,random1000
706510,extraswiecie.pl,pl,random1000
706648,karpiowegraty.pl,pl,random1000
706668,komiksopedia.pl,pl,random1000
706924,room99.pl,pl,random1000
709219,susi.pl,pl,random1000
709877,impresja.auto.pl,pl,random1000
711031,akordeonista24.pl,pl,random1000
712787,pomocedlaseniora.pl,pl,random1000
713603,budujesie.pl,pl,random1000
714907,numer-nieznany.pl,pl,random1000
715164,kundaliniyoga.com.pl,pl,random1000
715210,meblarz.pl,pl,random1000
716697,netfs.pl,pl,random1000
717080,akces4tel.pl,pl,random1000
717230,mtk-tv.pl,pl,random1000
717509,bomasport.pl,pl,random1000
718041,lp3.pl,pl,random1000
718888,sam3.pl,pl,random1000
720713,formeds.pl,pl,random1000
721098,obagstore.pl,pl,random1000
721972,apdmarket.pl,pl,random1000
722176,modowyportal.pl,pl,random1000
723221,kamis.pl,pl,random1000
723880,hvln.pl,pl,random1000
724744,interduo.pl,pl,random1000
724897,corona-fishing.pl,pl,random1000
725852,campingshop.pl,pl,random1000
726105,aj-filtry.pl,pl,random1000
726691,elkawa.pl,pl,random1000
727062,sldc.pl,pl,random1000
727476,jubiler.pl,pl,random1000
727632,inaczej.pl,pl,random1000
729751,grupabiwakowa.pl,pl,random1000
730053,materace-dla-ciebie.pl,pl,random1000
730057,maxpremiumburgers.pl,pl,random1000
730069,medos.pl,pl,random1000
731454,salonled.pl,pl,random1000
731915,sponsor.com.pl,pl,random1000
733264,nowyosobowy.pl,pl,random1000
739238,gdansk.uw.gov.pl,pl,random1000
739568,toop.pl,pl,random1000
739581,astromagia.pl,pl,random1000
740130,bmw-sport.pl,pl,random1000
740304,leclerc24.pl,pl,random1000
741828,hpba.pl,pl,random1000
744311,exclusivetime.pl,pl,random1000
745174,kinomax.info.pl,pl,random1000
745229,bosastopka.pl,pl,random1000
745520,gsmok.pl,pl,random1000
745663,archidiecezjalubelska.pl,pl,random1000
745933,zakexpress.pl,pl,random1000
745954,polineo.pl,pl,random1000
746613,dcsweb.pl,pl,random1000
748200,wordans.pl,pl,random1000
748443,gabident.pl,pl,random1000
749269,operatorwss.pl,pl,random1000
756287,aclari.pl,pl,random1000
757500,akol.pl,pl,random1000
757716,alechrzest.pl,pl,random1000
757879,alkoholeswiata24.pl,pl,random1000
757953,allianz.com.pl,pl,random1000
758954,ania-gotuje.pl,pl,random1000
759180,ansin.pl,pl,random1000
759298,aosom.pl,pl,random1000
759339,apcoa.pl,pl,random1000
760291,artiker.pl,pl,random1000
760292,artimento.pl,pl,random1000
761617,avonexpert.pl,pl,random1000
762296,bagatelle.sklep.pl,pl,random1000
762506,balticdarts.pl,pl,random1000
764802,bielskiedrogi.pl,pl,random1000
765592,blaugrana.pl,pl,random1000
765680,blogzapetytem.pl,pl,random1000
765958,bodyfan.pl,pl,random1000
766357,bopoco.pl,pl,random1000
766720,brainix.pl,pl,random1000
767151,bsmilicz.com.pl,pl,random1000
767590,butik-lamiss.pl,pl,random1000
767610,butyraj.pl,pl,random1000
768442,candlelivemusic.pl,pl,random1000
768622,cararena.pl,pl,random1000
768814,carmenstore.pl,pl,random1000
769275,cavaricci.pl,pl,random1000
771096,citychic.pl,pl,random1000
771921,cocomore.pl,pl,random1000
774053,cyleria.pl,pl,random1000
774062,cyrkf1.pl,pl,random1000
774075,czasnastudia.edu.pl,pl,random1000
775249,dentaltree.pl,pl,random1000
775958,dietetykpro.pl,pl,random1000
776715,dobrepytania.pl,pl,random1000
776967,domowe-wypieki.pl,pl,random1000
776981,domyou.pl,pl,random1000
777123,dostudni.pl,pl,random1000
777217,dpanel.pl,pl,random1000
778148,e-herbapol.com.pl,pl,random1000
778163,e-kartki.net.pl,pl,random1000
778175,e-kwiaty.pl,pl,random1000
778266,e-testynaprawojazdy.pl,pl,random1000
778668,eazymut.pl,pl,random1000
779535,ekskluzywnezegarki.pl,pl,random1000
779539,ekspresowykredyt.pl,pl,random1000
779862,ellaboutique.pl,pl,random1000
780110,emmerson-evaluation.pl,pl,random1000
781690,explotool.pl,pl,random1000
782853,felgeo.pl,pl,random1000
784039,folia-samochodowa.pl,pl,random1000
785164,futuregardens.pl,pl,random1000
785191,fuzeforge.pl,pl,random1000
786362,geko.pl,pl,random1000
787053,gigaly.pl,pl,random1000
787828,golebieonline.pl,pl,random1000
788079,gostynska.pl,pl,random1000
788106,gotujzcukiereczkiem.pl,pl,random1000
788233,gra-mahjong.pl,pl,random1000
788268,graingold.pl,pl,random1000
788344,granohotels.pl,pl,random1000
788401,greatmarket.pl,pl,random1000
788423,green-mountain.pl,pl,random1000
789076,gunmonkey.pl,pl,random1000
790786,hifi.pl,pl,random1000
792629,iamelectric.pl,pl,random1000
794046,informacjepogrzebowe.pl,pl,random1000
794637,inwentury.pl,pl,random1000
795031,ismoking.pl,pl,random1000
796919,jobadm.pl,pl,random1000
798123,kafkaconcept.pl,pl,random1000
798921,keen.pl,pl,random1000
799648,kinga.com.pl,pl,random1000
799985,kk24.pl,pl,random1000
800289,ko.rzeszow.pl,pl,random1000
800466,kolejka.bieszczady.pl,pl,random1000
800984,kronos-shop.pl,pl,random1000
800987,krotoszynska.pl,pl,random1000
801155,kubotastore.pl,pl,random1000
801185,kuki.pl,pl,random1000
801199,kulinarneprzeboje.pl,pl,random1000
801302,kuron.com.pl,pl,random1000
803111,liderwood.pl,pl,random1000
803467,lionelo.pl,pl,random1000
804120,lokikoki.pl,pl,random1000
806120,malacukierenka.pl,pl,random1000
806615,margobizuteria.pl,pl,random1000
807785,meditravel.pl,pl,random1000
808126,membrana.pl,pl,random1000
808929,mififi.pl,pl,random1000
809768,mmsoft.com.pl,pl,random1000
810071,modny-sklep.pl,pl,random1000
810073,modnyportfel.pl,pl,random1000
810627,motobenzyna.pl,pl,random1000
811053,mrgreengrass.pl,pl,random1000
811308,muastore.pl,pl,random1000
812635,mzk-gorzow.com.pl,pl,random1000
812853,nac.com.pl,pl,random1000
813183,naprawek.pl,pl,random1000
813675,neobus.pl,pl,random1000
813770,nestof.pl,pl,random1000
814345,niebonatalerzu.pl,pl,random1000
816517,ometv.pl,pl,random1000
817601,oskroba.pl,pl,random1000
817724,otoporcelana.pl,pl,random1000
817913,owcasklep.pl,pl,random1000
818264,paczkameble.pl,pl,random1000
818473,palionstyle.pl,pl,random1000
818647,panitorbalska.pl,pl,random1000
818788,parafia-mb.pl,pl,random1000
819056,pasjans.net.pl,pl,random1000
820087,petrojet.pl,pl,random1000
820686,pieceofcase.pl,pl,random1000
821076,pkk.net.pl,pl,random1000
821122,pks.slupsk.pl,pl,random1000
821324,playallgames.pl,pl,random1000
821533,plichta.com.pl,pl,random1000
824624,quizowa.pl,pl,random1000
825368,ranking-konsumencki.pl,pl,random1000
826214,rejestry-notarialne.pl,pl,random1000
826664,rewita.pl,pl,random1000
826689,reytel.pl,pl,random1000
827157,rnew.pl,pl,random1000
827353,rolmajster.pl,pl,random1000
827473,roseboutique.pl,pl,random1000
830008,schroniskowroclaw.pl,pl,random1000
832351,simapka.pl,pl,random1000
832666,siskom.waw.pl,pl,random1000
832979,sklepagnex.pl,pl,random1000
833204,slodkipomysl.pl,pl,random1000
833356,smakowitychleb.pl,pl,random1000
834064,solarspa.pl,pl,random1000
834319,sortmund.pl,pl,random1000
834578,specki.pl,pl,random1000
834856,sportowebeskidy.pl,pl,random1000
835074,srtech.pl,pl,random1000
835697,strado.pl,pl,random1000
838616,telemit.pl,pl,random1000
839659,thesilkyway.pl,pl,random1000
839821,threads.net.pl,pl,random1000
841058,topster.pl,pl,random1000
842430,tugazeta.pl,pl,random1000
844156,up.warszawa.pl,pl,random1000
846173,violaflowers.pl,pl,random1000
847508,wamiz.pl,pl,random1000
848081,weles3.pl,pl,random1000
848232,wgsm.pl,pl,random1000
848366,widzew24.pl,pl,random1000
849377,www.bytom.pl,pl,random1000
849424,wystawaklockow.pl,pl,random1000
851727,yulihobby.pl,pl,random1000
852300,zck-krakow.pl,pl,random1000
852589,zielarniawarminska.pl,pl,random1000
852730,zkkm.pl,pl,random1000
854349,esopot.pl,pl,random1000
854496,systematic.pl,pl,random1000
854828,groove.pl,pl,random1000
855048,borbis.com.pl,pl,random1000
856347,yellowserver.pl,pl,random1000
856774,data.edu.pl,pl,random1000
857133,tvk.wielun.pl,pl,random1000
860064,mroden.pl,pl,random1000
861871,spgroup.pl,pl,random1000
862562,parafiarogalin.pl,pl,random1000
862996,chickenroad2.pl,pl,random1000
863152,ivolta.pl,pl,random1000
863193,farmona.pl,pl,random1000
863444,panszew.pl,pl,random1000
863975,tesco.pl,pl,random1000
866326,fteka.pl,pl,random1000
867126,skleprybka.pl,pl,random1000
867431,piekacz.pl,pl,random1000
867649,key-soft.pl,pl,random1000
867654,krakowfilmfestival.pl,pl,random1000
868475,redbull111megawatt.pl,pl,random1000
872808,ptg-org.pl,pl,random1000
873629,apte.pl,pl,random1000
878391,betafence.pl,pl,random1000
879399,arisco.pl,pl,random1000
879788,glara.pl,pl,random1000
880326,wrotkarstwo.pl,pl,random1000
880888,krainaekozabawek.pl,pl,random1000
881001,itl.waw.pl,pl,random1000
881691,eti-podroze.pl,pl,random1000
882774,techem-wycieraczki.com.pl,pl,random1000
883526,cdr.gov.pl,pl,random1000
884162,dobrefirmy.net.pl,pl,random1000
884483,hewalex.pl,pl,random1000
884775,dluta.pl,pl,random1000
886679,pobitwie.pl,pl,random1000
887043,macma.pl,pl,random1000
887798,vimentis.pl,pl,random1000
888481,veritas-opieka.pl,pl,random1000
888546,onefone.pl,pl,random1000
888972,matterhorn.pl,pl,random1000
889952,klubtrenerowbiznesu.pl,pl,random1000
889980,etraveler.pl,pl,random1000
890347,sokolrabka.pl,pl,random1000
890947,selekcje.pl,pl,random1000
891996,tiendeo.pl,pl,random1000
894472,meblem4.pl,pl,random1000
894523,sattva.pl,pl,random1000
896359,oxynet.pl,pl,random1000
897550,zostanzolnierzem.pl,pl,random1000
897932,bicykl.com.pl,pl,random1000
897951,totalcasinocasino.pl,pl,random1000
898105,lakikwietne.pl,pl,random1000
898630,gcity.pl,pl,random1000
900091,roland-gazeta.pl,pl,random1000
901396,naturalnetloczone.pl,pl,random1000
902766,polskienazwiska.pl,pl,random1000
903956,transport-publiczny.pl,pl,random1000
905123,pzbuk.pl,pl,random1000
906419,moneteasy.pl,pl,random1000
906478,fideli.com.pl,pl,random1000
906891,tnkul.pl,pl,random1000
907084,fazt.pl,pl,random1000
907265,mediaforge.pl,pl,random1000
907843,zamba.pl,pl,random1000
908535,mechaniksamochodowy.pl,pl,random1000
908619,iapteka1.pl,pl,random1000
908636,materacerzekasnu.pl,pl,random1000
909278,heykapak.pl,pl,random1000
910113,tennis-point.pl,pl,random1000
910641,maxcom.pl,pl,random1000
911542,mediahit.pl,pl,random1000
915074,aptekarska.pl,pl,random1000
916222,bloomfie.pl,pl,random1000
916269,bobuxpolska.pl,pl,random1000
917112,chati.pl,pl,random1000
917325,clarins.pl,pl,random1000
920148,gabbiano.pl,pl,random1000
920505,gieldakaliska.pl,pl,random1000
923349,krajen.pl,pl,random1000
923407,kulinarna-inspiracja.pl,pl,random1000
924348,magazynnaszczycie.pl,pl,random1000
925146,mmspace.pl,pl,random1000
925226,mojaparafia.com.pl,pl,random1000
925317,motodiesel.pl,pl,random1000
926755,osada-sniezka.pl,pl,random1000
926778,oszomega.pl,pl,random1000
927192,pelie.pl,pl,random1000
927504,planetadesign.pl,pl,random1000
927775,powislanska.edu.pl,pl,random1000
928336,radioalex.com.pl,pl,random1000
928628,rehab.pl,pl,random1000
928919,rozgryzamy.pl,pl,random1000
929174,salemagia.pl,pl,random1000
930521,streetcom.pl,pl,random1000
930876,tadek.pl,pl,random1000
934759,playstationforum.pl,pl,random1000
936269,bibliotekaelblaska.pl,pl,random1000
937590,cnet24.pl,pl,random1000
937731,anyon.pl,pl,random1000
939096,coldwind.pl,pl,random1000
939631,insignia-club.pl,pl,random1000
939714,vojta.com.pl,pl,random1000
940035,aerostrada.com.pl,pl,random1000
940954,twojabrama.pl,pl,random1000
941554,nautilus-art.pl,pl,random1000
941811,otcf.pl,pl,random1000
943121,booktown.pl,pl,random1000
944750,kuchniasklep.pl,pl,random1000
946371,minewiki.pl,pl,random1000
947344,geze.pl,pl,random1000
947992,gostyn.pl,pl,random1000
948102,zabawajudo.pl,pl,random1000
948366,zulas.pl,pl,random1000
948710,reklamowy.edu.pl,pl,random1000
949163,tanuki.pl,pl,random1000
949817,infaktcdn.pl,pl,random1000
950048,gpanel.pl,pl,random1000
950699,trendcarpet.pl,pl,random1000
951030,mon-mar.com.pl,pl,random1000
951279,redefiningstandards.pl,pl,random1000
952894,asystentki.pl,pl,random1000
953336,inwestycje-rzeszow.pl,pl,random1000
953958,cba.gov.pl,pl,random1000
955726,codenix.pl,pl,random1000
956588,admed.org.pl,pl,random1000
956652,farbygalanty.pl,pl,random1000
956846,koty.pl,pl,random1000
957784,prnews.pl,pl,random1000
958119,chojnice24.pl,pl,random1000
958284,nowagazeta.pl,pl,random1000
958413,teraz-otwarte.pl,pl,random1000
959371,medpak.com.pl,pl,random1000
959526,pnet.pl,pl,random1000
960425,nitronet.pl,pl,random1000
963146,mfn.com.pl,pl,random1000
963871,facetpo40.pl,pl,random1000
967338,geers.pl,pl,random1000
969925,promar-zlotki.pl,pl,random1000
970198,pokoj-dla-dziecka.pl,pl,random1000
971417,wieliczka.pl,pl,random1000
974470,wcn.pl,pl,random1000
978411,tvnturbo.pl,pl,random1000
978976,familyprotect.org.pl,pl,random1000
978984,openwear.pl,pl,random1000
980529,desahome.pl,pl,random1000
991631,matmat.com.pl,pl,random1000
992226,mojdietetyk.pl,pl,random1000
993213,obozowaprzygoda.pl,pl,random1000
994503,poszukiwaczeprzygod.pl,pl,random1000
994527,pracodajnia.pl,pl,random1000
999572,wybierzcima.pl,pl,random1000
2442,websupport.sk,sk,full
4741,google.sk,sk,full
5488,e5.sk,sk,full
6406,pravda.sk,sk,full
7008,profesia.sk,sk,full
7276,azet.sk,sk,full
7861,yadi.sk,sk,full
8024,topky.sk,sk,full
8656,shmu.sk,sk,full
8708,bazos.sk,sk,full
9865,cp.sk,sk,full
11575,sme.sk,sk,full
12039,aktuality.sk,sk,full
12358,zoznam.sk,sk,full
13768,webhouse.sk,sk,full
15539,z-library.sk,sk,full
16319,dennikn.sk,sk,full
17787,allegro.sk,sk,full
18834,cas.sk,sk,full
19820,hnonline.sk,sk,full
19966,heureka.sk,sk,full
20029,flashscore.sk,sk,full
20485,imhd.sk,sk,full
20510,sita.sk,sk,full
21269,tnlive.sk,sk,full
23151,amaterky.sk,sk,full
24567,tld.sk,sk,full
25133,nameserver.sk,sk,full
25597,stuba.sk,sk,full
26861,uniba.sk,sk,full
30718,webglobe.sk,sk,full
31182,orange.sk,sk,full
31493,vinted.sk,sk,full
32922,hostcreators.sk,sk,full
33027,stvr.sk,sk,full
34310,alza.sk,sk,full
35838,martinus.sk,sk,full
38756,minv.sk,sk,full
39919,glami.sk,sk,full
40538,antik.sk,sk,full
40980,pluska.sk,sk,full
41807,financnasprava.sk,sk,full
41884,markiza.sk,sk,full
43335,1lib.sk,sk,full
43482,joj.sk,sk,full
43584,mtbiker.sk,sk,full
43860,statistics.sk,sk,full
45213,centrum.sk,sk,full
45218,nike.sk,sk,full
45930,teraz.sk,sk,full
46100,platon.sk,sk,full
47736,gymbeam.sk,sk,full
47863,csfd.sk,sk,full
48120,exohosting.sk,sk,full
48139,dsidata.sk,sk,full
48239,telecom.sk,sk,full
49621,tuke.sk,sk,full
49730,danovecentrum.sk,sk,full
49875,z-lib.sk,sk,full
49995,sav.sk,sk,full
50273,swan.sk,sk,full
52160,ifortuna.sk,sk,full
53608,orsr.sk,sk,full
53691,noviny.sk,sk,full
54135,aukro.sk,sk,full
54375,startitup.sk,sk,full
54817,host.sk,sk,full
55728,benulekaren.sk,sk,full
55900,onebid.sk,sk,full
56152,tipsport.sk,sk,full
56573,bistro.sk,sk,full
57694,atlantis.sk,sk,full
58311,uniza.sk,sk,full
58611,wbsk.sk,sk,full
58790,sashe.sk,sk,full
60096,zlavomat.sk,sk,full
60163,upjs.sk,sk,full
60167,imeteo.sk,sk,full
60329,zalando.sk,sk,full
60886,disig.sk,sk,full
61226,megaknihy.sk,sk,full
61303,estranky.sk,sk,full
61722,refresher.sk,sk,full
62294,favi.sk,sk,full
62593,notino.sk,sk,full
62762,mountfield.sk,sk,full
62917,drmax.sk,sk,full
62919,nay.sk,sk,full
63075,nehnutelnosti.sk,sk,full
63177,kaufland.sk,sk,full
63453,megaubytovanie.sk,sk,full
64564,etabletka.sk,sk,full
65601,nic.sk,sk,full
65792,sportisimo.sk,sk,full
66141,wy.sk,sk,full
66379,postoj.sk,sk,full
66583,eznamka.sk,sk,full
66804,hlavnespravy.sk,sk,full
67456,o2.sk,sk,full
67977,dobrenoviny.sk,sk,full
68379,mojevideo.sk,sk,full
68463,autodielygafa.sk,sk,full
68569,gov.sk,sk,full
69898,skgeodesy.sk,sk,full
69997,socpoist.sk,sk,full
70492,takoy.sk,sk,full
70752,lidl.sk,sk,full
71099,cdn-zlib.sk,sk,full
71204,reality.sk,sk,full
71683,etipos.sk,sk,full
71811,modrykonik.sk,sk,full
72358,nextra.sk,sk,full
72493,interez.sk,sk,full
73247,biano.sk,sk,full
74510,telekom.sk,sk,full
75787,slsp.sk,sk,full
75802,invia.sk,sk,full
76964,obi.sk,sk,full
77205,active24.sk,sk,full
78016,planeo.sk,sk,full
78381,decathlon.sk,sk,full
78878,webnode.sk,sk,full
79008,vipboxtv.sk,sk,full
79727,tipos.sk,sk,full
79823,autoviny.sk,sk,full
80088,odkarla.sk,sk,full
80275,kondela.sk,sk,full
81145,hornbach.sk,sk,full
81252,zilinak.sk,sk,full
81579,svetevity.sk,sk,full
81680,monacobet.sk,sk,full
81772,slovmatic.sk,sk,full
81996,bsn.sk,sk,full
82143,techbyte.sk,sk,full
82530,divoke-kmene.sk,sk,full
82611,jysk.sk,sk,full
82664,pilulka.sk,sk,full
83629,zooplus.sk,sk,full
84003,e-vuc.sk,sk,full
84007,superfaktura.sk,sk,full
84168,topreality.sk,sk,full
84283,merkurymarket.sk,sk,full
86375,cine-max.sk,sk,full
86656,doxxbet.sk,sk,full
87874,pocasie.sk,sk,full
88622,savba.sk,sk,full
89056,sconto.sk,sk,full
89090,box.sk,sk,full
89487,uakom.sk,sk,full
90119,krizovkarskyslovnik.sk,sk,full
90285,nahuby.sk,sk,full
92707,elitedate.sk,sk,full
93326,lkq.sk,sk,full
95510,kartago.sk,sk,full
95766,satur.sk,sk,full
95913,tatrabanka.sk,sk,full
97709,hlavnydennik.sk,sk,full
97874,tiptravel.sk,sk,full
99101,slov-lex.sk,sk,full
99533,nbs.sk,sk,full
100750,slovensko.sk,sk,full
101654,bazar.sk,sk,full
102648,backbone.sk,sk,full
102877,rtvs.sk,sk,full
104558,uniag.sk,sk,full
105568,mzv.sk,sk,full
106622,najlacnejsie-knihy.sk,sk,full
106952,speedweb.sk,sk,full
108685,finstat.sk,sk,full
109906,nethost.sk,sk,full
110382,dracik.sk,sk,full
113069,stable.sk,sk,full
116364,syphon.sk,sk,full
116413,szm.sk,sk,full
118034,autobazar.sk,sk,full
118963,trend.sk,sk,full
119521,ukf.sk,sk,full
119557,diskybenet-sk.sk,sk,full
120421,eflorbal.sk,sk,full
121936,6f.sk,sk,full
123813,aaaauto.sk,sk,full
124795,zssk.sk,sk,full
124835,mobilonline.sk,sk,full
124869,neuromancer.sk,sk,full
125057,webdom.sk,sk,full
125437,zonercloud.sk,sk,full
125755,blogspot.sk,sk,full
126251,netropolis.sk,sk,full
126463,engerio.sk,sk,full
127384,creativesites.sk,sk,full
128607,post.sk,sk,full
129978,mojalekaren.sk,sk,full
131117,futbalsfz.sk,sk,full
131759,snk.sk,sk,full
132827,forbes.sk,sk,full
134799,8h.sk,sk,full
137239,inet.sk,sk,full
137438,ticketportal.sk,sk,full
137627,buco.sk,sk,full
138237,mx-hub.sk,sk,full
138533,befree.sk,sk,full
139166,t-com.sk,sk,full
139473,tesco.sk,sk,full
139750,travel.sk,sk,full
139829,sk-nic.sk,sk,full
139881,8a.sk,sk,full
140224,marionnaud.sk,sk,full
140386,aboutyou.sk,sk,full
140500,bonet.sk,sk,full
141003,slovanet.sk,sk,full
144009,sector.sk,sk,full
144947,rulez.sk,sk,full
145772,pantarhei.sk,sk,full
145963,inetadmin.sk,sk,full
146855,parameter.sk,sk,full
147240,sofia.sk,sk,full
147776,mojadm.sk,sk,full
149815,oma.sk,sk,full
151531,syscare.sk,sk,full
152533,astratex.sk,sk,full
152678,synottip.sk,sk,full
152851,adc.sk,sk,full
153743,tv-program.sk,sk,full
156201,rimava.sk,sk,full
156241,muziker.sk,sk,full
156294,bart.sk,sk,full
156512,smedata.sk,sk,full
156842,unipo.sk,sk,full
156912,vnet.sk,sk,full
157198,forma.sk,sk,full
157381,itb.sk,sk,full
158324,tchibo.sk,sk,full
158435,toplist.sk,sk,full
158535,pepe7.sk,sk,full
159472,webdepozit.sk,sk,full
159690,starozitnostinitra.sk,sk,full
159870,graintech.sk,sk,full
160204,dsl.sk,sk,full
160533,knxsolution.sk,sk,full
161352,library.sk,sk,full
162650,umb.sk,sk,full
162716,sazkahry.sk,sk,full
163099,labell.sk,sk,full
163970,superzoo.sk,sk,full
165057,vub.sk,sk,full
165562,vidaxl.sk,sk,full
165927,expres.sk,sk,full
165971,autodielyonline24.sk,sk,full
171625,o2bs.sk,sk,full
172689,varimeslaskou.sk,sk,full
173085,cvtisr.sk,sk,full
173137,touchit.sk,sk,full
173356,iedu.sk,sk,full
173693,minedu.sk,sk,full
174040,beswebzine.sk,sk,full
175221,zeroone.sk,sk,full
175408,ic-components.sk,sk,full
176340,bratislava.sk,sk,full
176388,dognet.sk,sk,full
177266,dielne.sk,sk,full
177890,lelosi.sk,sk,full
178999,doublestar.sk,sk,full
179278,4ka.sk,sk,full
179487,skylink.sk,sk,full
179702,kamnavylet.sk,sk,full
180049,asb.sk,sk,full
180474,nmheagle.sk,sk,full
181170,euba.sk,sk,full
181275,zps-diving.sk,sk,full
182012,energotel.sk,sk,full
182759,rieker-eshop.sk,sk,full
183562,primabanka.sk,sk,full
183817,smarty.sk,sk,full
184002,zaloznabreva.sk,sk,full
184033,fifoautoshop.sk,sk,full
184546,rintech.sk,sk,full
185934,biker.sk,sk,full
186140,dovera.sk,sk,full
186198,travelguide.sk,sk,full
186775,fio.sk,sk,full
187296,posta.sk,sk,full
187795,insportline.sk,sk,full
188870,autotechna.sk,sk,full
189559,micro-semiconductor.sk,sk,full
189562,3d.sk,sk,full
190524,odzadu.sk,sk,full
192233,obecdurdosik.sk,sk,full
192470,smartweb.sk,sk,full
193355,adidas.sk,sk,full
194009,etenis.sk,sk,full
194977,asko-nabytok.sk,sk,full
195003,rainside.sk,sk,full
195629,pohodafestival.sk,sk,full
195646,majster-regal.sk,sk,full
196351,soi.sk,sk,full
196361,dpmk.sk,sk,full
196460,kimbino.sk,sk,full
196542,obecnovasedlica.sk,sk,full
196609,mrtns.sk,sk,full
196657,tipa.sk,sk,full
197205,booxy.sk,sk,full
197555,pocasieradar.sk,sk,full
197567,myonlineradio.sk,sk,full
197910,postovabanka.sk,sk,full
198068,mediaklik.sk,sk,full
198081,gts.sk,sk,full
198679,ubian.sk,sk,full
198965,autokelly.sk,sk,full
198996,bonprix.sk,sk,full
199016,chance.sk,sk,full
199431,wilsondo.sk,sk,full
199708,sk-nik.sk,sk,full
200417,mojhosting.sk,sk,full
201091,bonami.sk,sk,full
201330,denniksport.sk,sk,full
201879,speedhost.sk,sk,full
202402,satro.sk,sk,full
203749,radiolan.sk,sk,full
204970,datacentrum.sk,sk,full
205452,kukaj.sk,sk,full
205602,parys.sk,sk,full
206027,superlove.sk,sk,full
206773,itesco.sk,sk,full
207175,eporno.sk,sk,full
207205,dob.sk,sk,full
207952,hrubonovo.sk,sk,full
208246,navstevalekara.sk,sk,full
210143,akcneletaky.sk,sk,full
210592,euronet.sk,sk,full
211535,forcabarca.sk,sk,full
211656,fara.sk,sk,full
213620,amor.sk,sk,full
213632,andzela.sk,sk,full
215905,kvizmajster.sk,sk,full
216819,oplatisanaladitsa.sk,sk,full
217128,pornovidejka.sk,sk,full
218549,vypredajobliecok.sk,sk,full
218585,wearmee.sk,sk,full
219135,dnes24.sk,sk,full
221069,tvnoviny.sk,sk,full
223018,student-eshop.sk,sk,full
223601,skoladesignu.sk,sk,full
224978,svkk.sk,sk,full
226922,ulib.sk,sk,full
226928,acs.sk,sk,full
227451,stahlmann.sk,sk,full
227516,gorila.sk,sk,full
227637,ski-max.sk,sk,full
228259,fischer.sk,sk,full
228417,mcdonalds.sk,sk,full
231171,posters.sk,sk,full
231537,motozem.sk,sk,full
231553,cedok.sk,sk,full
231861,eski.sk,sk,full
232487,autodoc.sk,sk,full
233208,ciernenabielom.sk,sk,full
234212,cestovnakancelariadaka.sk,sk,full
235093,sixnet.sk,sk,full
235589,tuzvo.sk,sk,full
236484,ui42.sk,sk,full
237027,susr.sk,sk,full
237096,hudysport.sk,sk,full
237109,f1online.sk,sk,full
237328,izlato.sk,sk,full
237651,presovak.sk,sk,full
238456,justice.sk,sk,full
239210,kosicak.sk,sk,full
239221,trencinak.sk,sk,full
239301,blancheporte.sk,sk,full
239547,emp-shop.sk,sk,full
239660,csob.sk,sk,full
239839,tasr.sk,sk,full
240156,davidsport.sk,sk,full
240606,nrsr.sk,sk,full
241100,livebox.sk,sk,full
241859,skoda-diely.sk,sk,full
246730,tyzden.sk,sk,full
246747,bugy.sk,sk,full
248071,webareal.sk,sk,full
248112,flexdog.sk,sk,full
248562,hyperia.sk,sk,full
248886,peniaze.sk,sk,full
251658,obnovdom.sk,sk,full
251936,uvzsr.sk,sk,full
252139,igaraz.sk,sk,full
252196,sevt.sk,sk,full
252395,pelikan.sk,sk,full
254065,bookbot.sk,sk,full
254270,armin.sk,sk,full
259586,ruzovyslon.sk,sk,full
261017,hockeyslovakia.sk,sk,full
261735,naureus.sk,sk,full
261964,groovespin.sk,sk,full
262579,motoride.sk,sk,full
263721,porada.sk,sk,full
265569,kilobajt.sk,sk,full
266014,vszp.sk,sk,full
266818,ynet.sk,sk,full
266995,tinysoft.sk,sk,full
269638,merida.sk,sk,full
269818,spisiacik.sk,sk,full
270887,spintero.sk,sk,full
271022,zakonypreludi.sk,sk,full
272149,fruugo.sk,sk,full
273008,topautodiely24.sk,sk,full
273703,mediahost.sk,sk,full
273780,topdoktor.sk,sk,full
274435,kosicednes.sk,sk,full
274802,zsr.sk,sk,full
275246,preskoly.sk,sk,full
276191,imafex.sk,sk,full
276404,winemark.sk,sk,full
278362,mimibazar.sk,sk,full
278586,atlas.sk,sk,full
278920,profi-odevy.sk,sk,full
279119,hauzi.sk,sk,full
279849,union.sk,sk,full
280608,efashion.sk,sk,full
280707,mhsr.sk,sk,full
280989,sez-kes.sk,sk,full
281720,bergfex.sk,sk,full
284038,ladazilina.sk,sk,full
284467,skytel.sk,sk,full
285405,webnoviny.sk,sk,full
285485,jakubovavola.sk,sk,full
285665,odpadnes.sk,sk,full
286510,foreca.sk,sk,full
286628,vdata.sk,sk,full
287678,funradio.sk,sk,full
288212,chickenroad2.sk,sk,full
289045,lodeaclny.sk,sk,full
289269,kosice.sk,sk,full
290377,chello.sk,sk,full
290440,truni.sk,sk,full
291113,answear.sk,sk,full
291219,mfkskalica.sk,sk,full
291512,solaro.sk,sk,full
292622,trencin.sk,sk,full
292781,zones.sk,sk,full
293569,cesmad.sk,sk,full
293576,ekomax.sk,sk,full
294737,hamuj.sk,sk,full
294891,com-trade.sk,sk,full
294906,ix.sk,sk,full
296471,enbook.sk,sk,full
296588,smartshop.sk,sk,full
296627,standard.sk,sk,full
297799,pidilidi.sk,sk,full
298109,epi.sk,sk,full
299244,ma7.sk,sk,full
299581,pegonet.sk,sk,full
299944,09xy.sk,sk,full
300297,encyklopedia.sk,sk,full
300615,datcon.sk,sk,full
300670,magicprint.sk,sk,full
301702,icecat.sk,sk,full
301760,asix.sk,sk,full
302752,artbottles.sk,sk,full
304163,holidayinfo.sk,sk,full
304299,bluenet.sk,sk,full
304526,foaf.sk,sk,full
305103,aimg.sk,sk,full
305894,zalando-lounge.sk,sk,full
306552,brudi.sk,sk,full
306701,iops.sk,sk,full
306846,domains.sk,sk,full
307104,lps.sk,sk,full
307160,hermanovcent.sk,sk,full
307617,chminianska.sk,sk,full
307822,najnakup.sk,sk,full
307939,karaoketexty.sk,sk,full
308182,zachej.sk,sk,full
309166,ku.sk,sk,full
309683,rshop.sk,sk,full
309785,nn.sk,sk,full
310688,mojandroid.sk,sk,full
311378,gigacomputer.sk,sk,full
311603,spolokmedikovke.sk,sk,full
312853,testek.sk,sk,full
313306,tkkbs.sk,sk,full
313601,saske.sk,sk,full
314484,projektn.sk,sk,full
314906,wbl.sk,sk,full
315089,mbank.sk,sk,full
315612,positive.sk,sk,full
317095,bbxnet.sk,sk,full
319705,jasna.sk,sk,full
319892,eurobooks.sk,sk,full
320554,tvlux.sk,sk,full
321226,seal.sk,sk,full
321911,article.sk,sk,full
322066,egov.sk,sk,full
322688,nezavisleinstitucie.sk,sk,full
323032,absolution.sk,sk,full
323234,sportega.sk,sk,full
324587,rupkki.sk,sk,full
325752,svet-svietidiel.sk,sk,full
325907,top4running.sk,sk,full
328176,drinkcentrum.sk,sk,full
328604,idea-nabytok.sk,sk,full
328893,vwfs.sk,sk,full
328965,luneta.sk,sk,full
329412,digislovakia.sk,sk,full
329992,ucm.sk,sk,full
330172,usr.sk,sk,full
330440,zborovna.sk,sk,full
331826,kros.sk,sk,full
332236,pima.sk,sk,full
332458,oxiweb.sk,sk,full
333265,gtsi.sk,sk,full
333586,nabbi.sk,sk,full
335944,inspio.sk,sk,full
336189,alpinepro.sk,sk,full
336551,goldea.sk,sk,full
336669,aci.sk,sk,full
338092,autostyl.sk,sk,full
339261,articles.sk,sk,full
340953,motora.sk,sk,full
341479,itzoo.sk,sk,full
341648,ostv.sk,sk,full
341736,autovia.sk,sk,full
341838,q7.sk,sk,full
342706,dermacol.sk,sk,full
343155,hotwire.sk,sk,full
343639,snm.sk,sk,full
343682,fitrecepty.sk,sk,full
343764,galeriadielo.sk,sk,full
344203,radia.sk,sk,full
344544,cctech.sk,sk,full
345436,priemyselnytovar.sk,sk,full
345847,axa-assistance.sk,sk,full
345967,eobuv.sk,sk,full
346069,jananails.sk,sk,full
346919,sng.sk,sk,full
347526,ditec.sk,sk,full
353414,diskontella.sk,sk,full
353455,tsk.sk,sk,full
354033,dalap.sk,sk,full
354468,ssjh.sk,sk,full
354480,inver.sk,sk,full
354483,huntershop.sk,sk,full
354860,freemap.sk,sk,full
357127,gaya.sk,sk,full
357780,eastlabs.sk,sk,full
358187,hybox.sk,sk,full
358294,gmoto.sk,sk,full
358302,stahl.sk,sk,full
359220,neomedia.sk,sk,full
359364,ousa.sk,sk,full
359814,glamot.sk,sk,full
359985,finreg.sk,sk,full
360304,spartoo.sk,sk,full
360851,rukahore.sk,sk,full
361349,utc.sk,sk,full
361901,modivo.sk,sk,full
362909,bitcoins.sk,sk,full
363847,kbs.sk,sk,full
364340,datacomp.sk,sk,full
365901,najsport.sk,sk,full
365991,newsandmedia.sk,sk,full
366166,vysnahutka.sk,sk,full
366338,filleck.sk,sk,full
366768,oldgames.sk,sk,full
366974,plinkocasino.sk,sk,full
367983,xxxlutz.sk,sk,full
369169,atletika.sk,sk,full
369717,eduself.sk,sk,full
370775,korke.sk,sk,full
371168,sunnysoft.sk,sk,full
371174,modelbazar.sk,sk,full
372088,podnikajte.sk,sk,full
372715,breviar.sk,sk,full
373208,vivantis.sk,sk,full
373287,relaxos.sk,sk,full
374197,bunkr.sk,sk,full
375390,tnuni.sk,sk,full
375502,footshop.sk,sk,full
375816,sportvin.sk,sk,full
376104,bratislavskykraj.sk,sk,full
378591,chl.sk,sk,full
378816,registeruz.sk,sk,full
379003,ssj.sk,sk,full
379790,proxis.sk,sk,full
381158,emefka.sk,sk,full
381416,moebelix.sk,sk,full
381633,kodano.sk,sk,full
382098,kvety.sk,sk,full
382119,zoznamrealit.sk,sk,full
382542,tv-archiv.sk,sk,full
384437,balistas.sk,sk,full
385093,nabytok-mirjan24.sk,sk,full
385100,lexibook.sk,sk,full
385976,tvojkatalog.sk,sk,full
386061,trnava.sk,sk,full
387057,repre.sk,sk,full
387424,zlatestranky.sk,sk,full
388410,bet-on-red.sk,sk,full
388519,etrend.sk,sk,full
388776,novynabytok.sk,sk,full
388875,globeware.sk,sk,full
390956,ozeta.sk,sk,full
391728,coop.sk,sk,full
391820,rastlinky.sk,sk,full
391994,thestreets.sk,sk,full
392117,ana.sk,sk,full
393271,konakova-encyklopedia.sk,sk,full
393436,trnavskyhlas.sk,sk,full
393755,namaximum.sk,sk,full
394327,ta3.sk,sk,full
394487,axfone.sk,sk,full
394510,topankovo.sk,sk,full
395189,gumywebshop.sk,sk,full
395672,inhaus.sk,sk,full
395792,nextech.sk,sk,full
395952,dcom.sk,sk,full
400033,sse.sk,sk,full
400255,tui-reisecenter.sk,sk,full
400258,netbiz.sk,sk,full
400456,vt.sk,sk,full
400676,retic.sk,sk,full
400740,kondomshop.sk,sk,full
401863,profimedia.sk,sk,full
402260,lampyasvetla.sk,sk,full
403370,virtualnycintorin.sk,sk,full
403393,elpecko.sk,sk,full
404337,ndsas.sk,sk,full
405437,domalenka.sk,sk,full
405867,cityzen.sk,sk,full
406144,vsetkonamobil.sk,sk,full
406759,homecredit.sk,sk,full
408210,pneuleader.sk,sk,full
408845,dobrytextil.sk,sk,full
409849,transparency.sk,sk,full
410761,uspech.sk,sk,full
411591,spokojnypes.sk,sk,full
411725,jeepwrangler.sk,sk,full
412425,setup.sk,sk,full
412715,youtube.sk,sk,full
413007,24hod.sk,sk,full
413071,sps-sro.sk,sk,full
413343,tatralandia.sk,sk,full
413746,filtreaoleje.sk,sk,full
413851,soltec.sk,sk,full
414059,zlavadna.sk,sk,full
414866,snd.sk,sk,full
415655,casinoadmiral.sk,sk,full
416413,ferex.sk,sk,full
416699,cnc.sk,sk,full
417027,glamira.sk,sk,full
418140,packeta.sk,sk,full
418491,donio.sk,sk,full
419663,11teamsports.sk,sk,full
419952,sk-casino.sk,sk,full
420453,bookline.sk,sk,full
420591,douglas.sk,sk,full
420787,generali.sk,sk,full
423029,domelia.sk,sk,full
423364,allianz.sk,sk,full
424639,podmaz.sk,sk,full
424663,supersklep.sk,sk,full
424779,armyshop.sk,sk,full
425620,bratislavskenoviny.sk,sk,full
425921,amis.sk,sk,full
426023,pss.sk,sk,full
426543,webygroup.sk,sk,full
427025,shop-mania.sk,sk,full
427365,hsparts.sk,sk,full
427541,pozri.sk,sk,full
427642,rexbo.sk,sk,full
427710,info.sk,sk,full
428167,ineko.sk,sk,full
428366,zende.sk,sk,full
429836,summit-sport.sk,sk,full
431026,pgs.sk,sk,full
432671,cream.sk,sk,full
432736,skyscanner.sk,sk,full
432935,topspeed.sk,sk,full
433053,byvajsnami.sk,sk,full
434328,dolomitybike.sk,sk,full
434491,techbox.sk,sk,full
434756,sazp.sk,sk,full
435408,wishion.sk,sk,full
436249,foxcarp.sk,sk,full
436481,worki.sk,sk,full
436932,skolapermakultury.sk,sk,full
437043,radiovlna.sk,sk,full
437928,vilgain.sk,sk,full
438071,mfsr.sk,sk,full
438143,majstore.sk,sk,full
438963,uvlf.sk,sk,full
440883,zajazdy.sk,sk,full
441147,lumen.sk,sk,full
441409,kis3g.sk,sk,full
441579,streetjoy.sk,sk,full
442262,pp.sk,sk,full
442495,megabooks.sk,sk,full
442505,sysoon.sk,sk,full
443818,orava.sk,sk,full
444266,spp.sk,sk,full
445226,uniqa.sk,sk,full
445741,basic.sk,sk,full
446131,toppancuchy.sk,sk,full
447221,sestra.sk,sk,full
447388,zaujimavysvet.sk,sk,full
447408,profi-net.sk,sk,full
448507,o2inet.sk,sk,full
450414,zoznamstatic.sk,sk,full
450742,hzs.sk,sk,full
451185,citylife.sk,sk,full
451544,film-game.sk,sk,full
452132,svetapple.sk,sk,full
453089,zimne-zajazdy.sk,sk,full
453549,medius.sk,sk,full
453935,race-shop.sk,sk,full
453993,obecstrocin.sk,sk,full
454448,dtw.sk,sk,full
454654,webshopy.sk,sk,full
454732,stuffnet.sk,sk,full
455993,itsk.sk,sk,full
455996,dmz.sk,sk,full
456094,pelada.sk,sk,full
456430,ereport.sk,sk,full
456689,tpd.sk,sk,full
456700,suprisimo.sk,sk,full
457185,auto123.sk,sk,full
458095,sunflowers.sk,sk,full
458099,tvrdene-skla.sk,sk,full
459208,zlacnene.sk,sk,full
460674,emeteo.sk,sk,full
461239,slepicar.sk,sk,full
461850,fitnesscentra.sk,sk,full
462105,matejovsky-obliecky.sk,sk,full
462225,transparex.sk,sk,full
465618,bux.sk,sk,full
465715,metro.sk,sk,full
467226,mironetcz.sk,sk,full
467404,parfemy-elnino.sk,sk,full
467450,kryptomagazin.sk,sk,full
467462,unicreditbank.sk,sk,full
468256,xiaomiplanet.sk,sk,full
469157,q-parts.sk,sk,full
469183,metalshop.sk,sk,full
469229,4camping.sk,sk,full
469550,plastrecykling.sk,sk,full
469666,sledovanietv.sk,sk,full
469733,webcentrum.sk,sk,full
470270,zzz.sk,sk,full
470623,bbonline.sk,sk,full
470841,brumla.sk,sk,full
471999,grizly.sk,sk,full
473448,hodinyhodinky.sk,sk,full
473468,daibau.sk,sk,full
473907,portalvs.sk,sk,full
474594,storms.sk,sk,full
475168,lombard.sk,sk,full
475442,birdz.sk,sk,full
475718,hornasuca.sk,sk,full
476415,controltech.sk,sk,full
476873,ehosting.sk,sk,full
476874,akva.sk,sk,full
477191,elfapharm.sk,sk,full
478446,wurth.sk,sk,full
478687,zrsr.sk,sk,full
478730,chickenroad.sk,sk,full
479947,autolekaren.sk,sk,full
480196,netspace.sk,sk,full
480553,waragod.sk,sk,full
480734,outdoor-fashion.sk,sk,full
480791,refurbed.sk,sk,full
480853,invitalshop.sk,sk,full
480991,raiffeisen.sk,sk,full
481683,vasalekaren.sk,sk,full
482186,pyroshop.sk,sk,full
482233,super-hobby.sk,sk,full
482325,philips.sk,sk,full
482641,fineart.sk,sk,full
483772,edujobs.sk,sk,full
484685,irisoft.sk,sk,full
484905,ekodiely.sk,sk,full
484964,donovalkovo.sk,sk,full
485187,shoptet.sk,sk,full
485912,serverzone.sk,sk,full
485956,altisport.sk,sk,full
486477,prirucky.sk,sk,full
487039,kajotintacto.sk,sk,full
487460,techfun.sk,sk,full
487554,ayzeze.sk,sk,full
487595,truth.sk,sk,full
487714,technopek.sk,sk,full
488040,bluehosting.sk,sk,full
488168,ehs.sk,sk,full
489028,slovakbasket.sk,sk,full
489138,rcportal.sk,sk,full
490331,satelitnatv.sk,sk,full
491106,dedoles.sk,sk,full
491136,posam.sk,sk,full
491335,uluv.sk,sk,full
492128,1-2-3-ubytovanie.sk,sk,full
492253,airnet.sk,sk,full
492305,upc.sk,sk,full
494696,mskzilina.sk,sk,full
495327,visitliptov.sk,sk,full
495446,mrk.sk,sk,full
495749,upctv.sk,sk,full
495770,unio.sk,sk,full
496255,levonet.sk,sk,full
496733,bubo.sk,sk,full
496827,echaty.sk,sk,full
497424,lingea.sk,sk,full
497493,profesiastatic.sk,sk,full
497734,lamitec.sk,sk,full
498262,sekacjelaska.sk,sk,full
499067,mpsr.sk,sk,full
499854,abc-zoo.sk,sk,full
500312,digikey.sk,sk,full
500887,abcgames.sk,sk,full
501342,bcgame.sk,sk,full
501636,feedo.sk,sk,full
501886,pdmauto.sk,sk,full
502119,energyking.sk,sk,full
502545,alensa.sk,sk,full
502700,slovakiaring.sk,sk,full
503198,sony.sk,sk,full
503780,sportvision.sk,sk,full
504011,vuch.sk,sk,full
504014,kronos.sk,sk,full
505203,ip-net.sk,sk,full
505473,kaloricketabulky.sk,sk,full
506091,zoohit.sk,sk,full
507088,areality.sk,sk,full
507383,liana.sk,sk,full
507556,billa.sk,sk,full
509627,tipli.sk,sk,full
509648,autoobchod.sk,sk,full
510324,ubsk.sk,sk,full
511900,cityjeans.sk,sk,full
513046,dentmax.sk,sk,full
515269,autode.sk,sk,full
516704,chrono24.sk,sk,full
517219,protechshop.sk,sk,full
517324,siniat.sk,sk,full
517426,slovenskyraj.sk,sk,full
517642,hostmaster.sk,sk,full
517655,bystricoviny.sk,sk,full
518190,betarena.sk,sk,full
519103,autoline.sk,sk,full
520594,artforum.sk,sk,full
520622,mamaaja.sk,sk,full
521770,vzone.sk,sk,full
521807,aquacity.sk,sk,full
522098,felixwines.sk,sk,full
522525,marcodiamanti.sk,sk,full
523087,traktorsro.sk,sk,full
523802,iway.sk,sk,full
524455,modrastrecha.sk,sk,full
525119,ako-investovat.sk,sk,full
525357,stiglic.sk,sk,full
526588,hydrotour.sk,sk,full
527198,siko.sk,sk,full
527256,houseland.sk,sk,full
528877,montisystem.sk,sk,full
529809,dek.sk,sk,full
531099,faxcopy.sk,sk,full
531681,panorama.sk,sk,full
532867,ihrysko.sk,sk,full
533110,domlatok.sk,sk,full
533274,martin.sk,sk,full
533374,mrdoor.sk,sk,full
534151,roblox.sk,sk,full
534617,esky.sk,sk,full
534962,lestech.sk,sk,full
535242,saibot.sk,sk,full
535599,lesmedium.sk,sk,full
536041,webumenia.sk,sk,full
536348,sopsr.sk,sk,full
536641,tipcars.sk,sk,full
538560,zse.sk,sk,full
539235,nichosting.sk,sk,full
539801,9x.sk,sk,full
539867,startstop.sk,sk,full
539912,sizeer.sk,sk,full
540033,iom.sk,sk,full
540551,kooperativa.sk,sk,full
540907,beliani.sk,sk,full
541432,makeup.sk,sk,full
541657,luxusneplavby.sk,sk,full
541730,ephoto.sk,sk,full
542483,autodielyexpert.sk,sk,full
542557,victoriassecretslovakia.sk,sk,full
542942,freshlabels.sk,sk,full
543532,tsl.sk,sk,full
544008,skoda-auto.sk,sk,full
544112,maderna.sk,sk,full
544145,vse.sk,sk,full
544431,ajdnes.sk,sk,full
545160,test-pneu.sk,sk,full
545247,topkalendare.sk,sk,full
545956,beh.sk,sk,full
546133,queens.sk,sk,full
546193,unionzp.sk,sk,full
547754,oravskemuzeum.sk,sk,full
547977,eurovea.sk,sk,full
548439,elvisdk.sk,sk,full
548776,finsider.sk,sk,full
549700,sportano.sk,sk,full
550272,pricemania.sk,sk,full
551143,aspi.sk,sk,full
551574,sportsdirect.sk,sk,full
552755,djm.sk,sk,full
553766,biznisweb.sk,sk,full
553859,emyto.sk,sk,full
555809,ais.sk,sk,full
557181,pobox.sk,sk,full
557302,antiage.sk,sk,full
557386,megapetardy.sk,sk,full
557732,go-to-library.sk,sk,full
559004,shooos.sk,sk,full
559244,superstranka.sk,sk,full
560023,jdsports.sk,sk,full
560066,activit.sk,sk,full
560819,conrad.sk,sk,full
560865,sakra.sk,sk,full
561475,christianitas.sk,sk,full
561490,zdravie.sk,sk,full
562603,financnykompas.sk,sk,full
562709,empiria.sk,sk,full
562859,europa2.sk,sk,full
563459,ipravda.sk,sk,full
563677,beck-online.sk,sk,full
563837,rockpoint.sk,sk,full
564133,eurofrance.sk,sk,full
564235,herby.sk,sk,full
564310,obuvbeno.sk,sk,full
564640,ticketlive.sk,sk,full
564862,yimba.sk,sk,full
564972,armadnymagazin.sk,sk,full
565458,wellnesstips.sk,sk,full
565826,slovtatran.sk,sk,full
565874,bancocasino.sk,sk,full
566054,cvaknito.sk,sk,full
566775,lajka.sk,sk,full
567316,herne-kupony.sk,sk,full
567444,postoveznamky.sk,sk,full
567557,garmin.sk,sk,full
567735,menucka.sk,sk,full
568519,nscluster.sk,sk,full
569427,liohosting.sk,sk,full
570340,profitour.sk,sk,full
570676,boss.sk,sk,full
571245,mt-sport.sk,sk,full
571306,airstop.sk,sk,full
572094,cena-vykon.sk,sk,full
572109,knihyprekazdeho.sk,sk,full
572521,cardwin.sk,sk,full
572633,privatportal.sk,sk,full
572802,4system.sk,sk,full
572821,vaschovatel.sk,sk,full
573529,climb.sk,sk,full
573999,platy.sk,sk,full
574854,4home.sk,sk,full
574968,salavepece.sk,sk,full
575204,asbis.sk,sk,full
575223,voyo.sk,sk,full
576204,eros.sk,sk,full
576278,sinet.sk,sk,full
576754,pravednes.sk,sk,full
580947,keramikasoukup.sk,sk,full
581894,alanata.sk,sk,full
582187,ff.sk,sk,full
582504,seredonline.sk,sk,full
582605,sitelement.sk,sk,full
583177,mall.sk,sk,full
583315,ecasenka.sk,sk,full
584111,npz.sk,sk,full
584658,eset.sk,sk,full
584908,fitshaker.sk,sk,full
585025,kinekus.sk,sk,full
585037,eurogold.sk,sk,full
585112,albi.sk,sk,full
585448,seas.sk,sk,full
586431,streetwear.sk,sk,full
586817,biomonitoring.sk,sk,full
587529,osiva-semena.sk,sk,full
587821,nmhvideo.sk,sk,full
588633,vzdialenosti.sk,sk,full
588903,dekortextil.sk,sk,full
589428,zilina.sk,sk,full
590330,prevadzkaren.sk,sk,full
590478,meteobox.sk,sk,full
590664,korkep.sk,sk,full
590716,websalon.sk,sk,full
590971,prvd.sk,sk,full
591678,genesis-eshop.sk,sk,full
591722,bestplace.sk,sk,full
592379,outletkobercovestvorce.sk,sk,full
592896,ozdobtortu.sk,sk,full
593167,poziadavka.sk,sk,full
593975,dokostola.sk,sk,full
594474,iz.sk,sk,full
594822,kupsito.sk,sk,full
594825,inbox-eu.sk,sk,full
594878,profiscales.sk,sk,full
595546,qxp.sk,sk,full
596235,b2bpartner.sk,sk,full
596270,bauhaus.sk,sk,full
596562,commander.sk,sk,full
596606,cycling-info.sk,sk,full
596982,gastrokuchyne.sk,sk,full
597189,imoda.sk,sk,full
597377,kosik.sk,sk,full
597512,lumories.sk,sk,full
597515,lunys.sk,sk,full
598160,restorio.sk,sk,full
598236,sanitino.sk,sk,full
598629,toyota.sk,sk,full
598717,unizdrav.sk,sk,full
599106,urbariatprasice.sk,sk,full
599156,tetadrogerie.sk,sk,full
599942,dtnet.sk,sk,full
600181,vsetkoprestrechu.sk,sk,full
601604,nmhmedia.sk,sk,full
601887,vypestuj.sk,sk,full
601948,axonpro.sk,sk,full
602202,efarby.sk,sk,full
602237,avelmak.sk,sk,full
602346,rybicka.sk,sk,full
603100,nasetraktory.sk,sk,full
603394,libristo.sk,sk,full
603448,foodland.sk,sk,full
604096,slobodnyvysielac.sk,sk,full
604126,presov.sk,sk,full
604637,kucerave.sk,sk,full
604758,piestanskydennik.sk,sk,full
604837,elsandoval.sk,sk,full
604893,jedlovsabinove.sk,sk,full
605007,bojnicecastle.sk,sk,full
605171,northfinder.sk,sk,full
605448,regiontatry.sk,sk,full
606015,slovosalanov.sk,sk,full
606241,robel.sk,sk,full
607068,diomi.sk,sk,full
607796,energie-portal.sk,sk,full
608016,oem-bike-parts.sk,sk,full
609163,armik.sk,sk,full
609923,flexihosting.sk,sk,full
611154,muzza.sk,sk,full
611167,eyerim.sk,sk,full
611702,svetkadernictva.sk,sk,full
611706,taznezariadenia.sk,sk,full
611924,hrinova.sk,sk,full
612542,savira.sk,sk,full
616094,autocalunictvo.sk,sk,full
616619,lenovoshop.sk,sk,full
616720,bitcomp.sk,sk,full
617757,srotas.sk,sk,full
618351,motorovyolej.sk,sk,full
618557,dimex.sk,sk,full
618789,nhlmagazin.sk,sk,full
618895,zoobojnice.sk,sk,full
619173,bazox.sk,sk,full
620047,e-max.sk,sk,full
620775,mileneckyvztah.sk,sk,full
620888,koberce.sk,sk,full
621035,kasspd.sk,sk,full
621237,okuliare.sk,sk,full
621418,army.sk,sk,full
621632,comco.sk,sk,full
622127,svetnapojov.sk,sk,full
622713,tescomobile.sk,sk,full
623016,ahprofi.sk,sk,full
623321,marker.sk,sk,full
623891,pretaktovanie.sk,sk,full
623909,amperservis.sk,sk,full
624373,sitel.sk,sk,full
624414,moneo.sk,sk,full
624662,duhy.sk,sk,full
624695,filmnadvd.sk,sk,full
624713,gigalekaren.sk,sk,full
625445,motar.sk,sk,full
625756,sportovna.sk,sk,full
626852,najobchodsk.sk,sk,full
628381,kosiceonline.sk,sk,full
628768,cylex.sk,sk,full
629430,ahifi.sk,sk,full
629445,babetkovo.sk,sk,full
629460,bezvavlasy.sk,sk,full
629902,seohost.sk,sk,full
630022,valachshop.sk,sk,full
630144,123-olej.sk,sk,full
630229,sportise.sk,sk,full
630648,unlp.sk,sk,full
631164,obuvzona.sk,sk,full
631485,bumm.sk,sk,full
631699,zoot.sk,sk,full
631875,hknitra.sk,sk,full
631977,electrise.sk,sk,full
632566,kabelka.sk,sk,full
632706,dol.sk,sk,full
632766,snehoveretaze.sk,sk,full
633130,urdu-books.sk,sk,full
633836,dpb.sk,sk,full
634537,weblahko.sk,sk,full
634771,web4.sk,sk,full
636331,wineplanet.sk,sk,full
637434,fishmax.sk,sk,full
637769,topmode.sk,sk,full
639111,nahryznute.sk,sk,full
639142,vyhladavaniecisla.sk,sk,full
639838,eti.sk,sk,full
640241,kompava.sk,sk,full
640402,koralkovysvet.sk,sk,full
641155,crystalskies.sk,sk,full
641290,slovaklines.sk,sk,full
641484,mimiaukcie.sk,sk,full
642087,domobuvi.sk,sk,full
642682,autodilyvojkov.sk,sk,full
642735,farby.sk,sk,full
643241,allianz-services.sk,sk,full
643401,elmarco.sk,sk,full
644524,hacom.sk,sk,full
644590,psoft.sk,sk,full
644851,furmenta.sk,sk,full
645118,rentola.sk,sk,full
645472,inlogic.sk,sk,full
645629,trebisov.sk,sk,full
646045,doucma.sk,sk,full
646272,pribinacup.sk,sk,full
646998,swisslifeselect.sk,sk,full
647056,piti.sk,sk,full
647993,therme.sk,sk,full
648676,patakovo.sk,sk,full
649228,web2media.sk,sk,full
649832,slovnaft.sk,sk,full
650176,xarena.sk,sk,full
651130,wz.sk,sk,full
651152,gafaauto.sk,sk,full
651652,tvojsen-mido.sk,sk,full
651744,essens.sk,sk,full
651760,mindop.sk,sk,full
652194,indel.sk,sk,full
653426,kanal1.sk,sk,full
653499,dobrodruh.sk,sk,full
653677,mladamoda.sk,sk,full
654658,skialptatry.sk,sk,full
654834,zilinskyvecernik.sk,sk,full
656189,med-art.sk,sk,full
656789,mosr.sk,sk,full
657180,obuvtopky.sk,sk,full
657305,elbanana.sk,sk,full
658173,sportnakup.sk,sk,full
658364,program.sk,sk,full
659897,resistance.sk,sk,full
660092,belenka.sk,sk,full
660738,mpc-edu.sk,sk,full
661961,tatraportal.sk,sk,full
662281,irisimo.sk,sk,full
662333,prezident.sk,sk,full
663050,sporthockey.sk,sk,full
663101,presnet.sk,sk,full
663448,byty.sk,sk,full
665168,korex.sk,sk,full
665925,myjava.sk,sk,full
665959,fibris.sk,sk,full
666227,datanetworks.sk,sk,full
666552,trivago.sk,sk,full
666914,hbbtv.sk,sk,full
667341,rgslovensko.sk,sk,full
667531,odimon.sk,sk,full
667921,tsu.sk,sk,full
667991,digitalx.sk,sk,full
669098,imr.sk,sk,full
670376,isexshop.sk,sk,full
670704,eltrubiroh.sk,sk,full
671024,vaprio.sk,sk,full
671892,klbkovlny.sk,sk,full
671965,sukl.sk,sk,full
672141,pixelcorporation.sk,sk,full
673451,andreashop.sk,sk,full
673884,autovega.sk,sk,full
674285,naburalsom.sk,sk,full
674589,host2u.sk,sk,full
675288,chytapust.sk,sk,full
675310,fixservis.sk,sk,full
676019,futunatura.sk,sk,full
676169,ema-elektro.sk,sk,full
676660,modio.sk,sk,full
677277,gizmania.sk,sk,full
677566,axapartners.sk,sk,full
677930,afrodity.sk,sk,full
678168,timestore.sk,sk,full
679169,anytra.sk,sk,full
679619,officeland.sk,sk,full
681156,binaryhost.sk,sk,full
681291,pneusvet.sk,sk,full
681904,letakomat.sk,sk,full
682291,lentiamo.sk,sk,full
682453,realtime.sk,sk,full
683433,hrvatska.sk,sk,full
684193,slovaknhl.sk,sk,full
684494,holiport.sk,sk,full
684696,kidero.sk,sk,full
684811,alkatana.sk,sk,full
685010,tazargroup.sk,sk,full
686696,afg.sk,sk,full
686805,skpodcasty.sk,sk,full
687361,zvaracky-obchod.sk,sk,full
687965,aboutyou-outlet.sk,sk,full
688406,snowboard-online.sk,sk,full
689257,tatry.sk,sk,full
689330,algoo.sk,sk,full
689431,novezamky.sk,sk,full
689765,turancar.sk,sk,full
690004,bratislavak.sk,sk,full
690334,mojelektromobil.sk,sk,full
690364,nazahori.sk,sk,full
690511,skolske-tasky.sk,sk,full
691117,briliantove-sperky.sk,sk,full
691162,vadium.sk,sk,full
691521,unb.sk,sk,full
692634,euro-financie.sk,sk,full
692962,ironaesthetics.sk,sk,full
695277,gastrotovar.sk,sk,full
695297,klavesnica.sk,sk,full
696234,legatum.sk,sk,full
697019,lomoz.sk,sk,full
697158,ajurshop.sk,sk,full
697922,uiam.sk,sk,full
699275,bwarms.sk,sk,full
699721,pletiva.sk,sk,full
699939,humenne.sk,sk,full
700754,bmw.sk,sk,full
700951,edu.sk,sk,full
701085,rozmer.sk,sk,full
701384,euractiv.sk,sk,full
701852,findat.sk,sk,full
702561,superobchod.sk,sk,full
704345,gourmetkava.sk,sk,full
705217,elcaputo.sk,sk,full
705357,autorro.sk,sk,full
705429,dajanarodriguez.sk,sk,full
705446,dovolenka365.sk,sk,full
705596,kytary.sk,sk,full
705687,okfish.sk,sk,full
706047,heavenshop.sk,sk,full
706502,eta.sk,sk,full
706999,teslamagazin.sk,sk,full
707468,eustream.sk,sk,full
707965,kachlickovo.sk,sk,full
708151,renojava.sk,sk,full
708643,najlepsiedarceky.sk,sk,full
708744,apa.sk,sk,full
708955,hcom.sk,sk,full
709472,cottoncloud.sk,sk,full
709499,kkbagala.sk,sk,full
709784,koop.sk,sk,full
710221,stavbaeu.sk,sk,full
711488,duos.sk,sk,full
711673,otvaracie-hodiny.sk,sk,full
711865,ujs.sk,sk,full
711986,konfer.sk,sk,full
712301,nethook.sk,sk,full
712308,ekopyro.sk,sk,full
712477,demos-trade.sk,sk,full
712577,holokolo.sk,sk,full
712581,howrse.sk,sk,full
712632,koala.sk,sk,full
712726,najkoberce.sk,sk,full
712745,obchodtoth.sk,sk,full
712810,rajhraciek.sk,sk,full
712971,zdravysvet.sk,sk,full
714471,mooore.sk,sk,full
715285,tereza.sk,sk,full
715643,netky.sk,sk,full
716134,kino-lumiere.sk,sk,full
716563,amawell.sk,sk,full
717340,ksp.sk,sk,full
717607,matterhorn-moda.sk,sk,full
717621,sportrysy.sk,sk,full
717859,lafuro.sk,sk,full
718156,flora-online.sk,sk,full
718461,katasternehnutelnosti.sk,sk,full
718586,kadernickyservis.sk,sk,full
719057,tikatalog.sk,sk,full
719629,pracazarohom.sk,sk,full
720243,wircom.sk,sk,full
720696,morskeakvarium.sk,sk,full
720744,nikeliga.sk,sk,full
721849,plantizia.sk,sk,full
721979,medima-sk.sk,sk,full
722233,stolarstvonamieru.sk,sk,full
722321,najlacnejsie-lyze.sk,sk,full
722809,za-ludi.sk,sk,full
723053,humanet.sk,sk,full
723383,visa.sk,sk,full
723712,zahrada.sk,sk,full
724208,emi.sk,sk,full
724360,heliumking.sk,sk,full
725390,defencenews.sk,sk,full
725630,petrzalka.sk,sk,full
726113,finreport.sk,sk,full
726451,italian-books.sk,sk,full
727377,kamina.sk,sk,full
727385,mello.sk,sk,full
727387,mylo.sk,sk,full
728502,lacnekryty.sk,sk,full
729406,bystricak.sk,sk,full
729445,catus.sk,sk,full
729796,hodinky-365.sk,sk,full
729947,kompaszliav.sk,sk,full
729958,ksisters.sk,sk,full
730630,travelking.sk,sk,full
730799,zahradnici.sk,sk,full
730813,zssambra.sk,sk,full
731154,modlitba.sk,sk,full
731211,leonides.sk,sk,full
732028,cukrarenskeobaly.sk,sk,full
732102,banskabystrica.sk,sk,full
733807,bubulakovo.sk,sk,full
734270,linia.sk,sk,full
734646,shell.sk,sk,full
734948,michelin.sk,sk,full
735919,marketinglite.sk,sk,full
736487,hagard.sk,sk,full
736674,scholarships.sk,sk,full
736695,viptel.sk,sk,full
737180,info-trencin.sk,sk,full
737809,theatre.sk,sk,full
738280,info-nitra.sk,sk,full
738401,moozi.sk,sk,full
738436,prosight.sk,sk,full
738610,elrobeko.sk,sk,full
738760,webonline.sk,sk,full
738847,elsaray.sk,sk,full
739232,bonmoto.sk,sk,full
739391,blablacar.sk,sk,full
739861,info-kosice.sk,sk,full
740293,kra.sk,sk,full
740443,pretekaj.sk,sk,full
742959,biblioteka.sk,sk,full
744123,benofashion.sk,sk,full
744193,huskysk.sk,sk,full
744204,penzion-hoffer.sk,sk,full
744297,rolando.sk,sk,full
744949,nobio.sk,sk,full
745157,oponeo.sk,sk,full
745278,archinfo.sk,sk,full
745320,strendpro.sk,sk,full
745861,moss.sk,sk,full
745975,regiojet.sk,sk,full
746161,live-net.sk,sk,full
746654,infoma.sk,sk,full
747143,motoplus.sk,sk,full
747546,lesy.sk,sk,full
748205,online-textil.sk,sk,full
748375,goaparfums.sk,sk,full
748405,rexy.sk,sk,full
748435,mudrikova.sk,sk,full
749170,amarena.sk,sk,full
749535,vssr.sk,sk,full
750049,101drogerie.sk,sk,full
750655,1day.sk,sk,full
755564,a3sport.sk,sk,full
755954,abczdravia.sk,sk,full
756284,acko.sk,sk,full
756657,aeonathletics.sk,sk,full
757000,agrocentrum.sk,sk,full
757292,airsoftpro.sk,sk,full
757374,ajtech.sk,sk,full
757988,allnutrition.sk,sk,full
759682,aproxima.sk,sk,full
759901,arazoo.sk,sk,full
760668,aspira.sk,sk,full
760772,astoreo.sk,sk,full
760909,atcomp.sk,sk,full
760994,atlasformen.sk,sk,full
761549,avenberg.sk,sk,full
762122,baagl.sk,sk,full
762155,babetta-simson-nd.sk,sk,full
762193,babyknihy.sk,sk,full
762812,bardiauto.sk,sk,full
763020,batoharen.sk,sk,full
763111,bazenyshop.sk,sk,full
763802,bencontfinance.sk,sk,full
765256,biotechusa.sk,sk,full
766250,bonvivani.sk,sk,full
766449,bosonozka.sk,sk,full
766722,brainmarket.sk,sk,full
766755,branyposuvne.sk,sk,full
766838,brendon.sk,sk,full
766845,brest.sk,sk,full
766994,brokeria.sk,sk,full
767796,byval.sk,sk,full
768648,cardempire.sk,sk,full
769318,cbelektro.sk,sk,full
769823,cestovny-poriadok.sk,sk,full
770776,cinemacity.sk,sk,full
770933,cistedrevo.sk,sk,full
771422,clickeshop.sk,sk,full
771999,coffeein.sk,sk,full
772271,commando.sk,sk,full
772927,corvinustermal.sk,sk,full
772941,cosibella.sk,sk,full
773683,ctm.sk,sk,full
774427,dalora.sk,sk,full
775076,dekorstudio.sk,sk,full
776807,dods.sk,sk,full
776886,doktorpro.sk,sk,full
777104,dormeo.sk,sk,full
777144,dotykacka.sk,sk,full
777258,dpmz.sk,sk,full
777490,drevko.sk,sk,full
777790,ducplant.sk,sk,full
778141,e-garnize.sk,sk,full
778250,e-smoke.sk,sk,full
778961,edelia.sk,sk,full
779514,ekofence.sk,sk,full
779699,elektroantos.sk,sk,full
779701,elektronicke-znamky.sk,sk,full
780321,engaro.sk,sk,full
780662,eradiologia.sk,sk,full
780682,erevir.sk,sk,full
780703,erikafashion.sk,sk,full
780762,erosstar.sk,sk,full
781082,estevecka.sk,sk,full
781342,euromince.sk,sk,full
781364,eurovat.sk,sk,full
782121,fabini.sk,sk,full
782290,fajntricko.sk,sk,full
782400,fann.sk,sk,full
782520,farmamix.sk,sk,full
782921,fermeria.sk,sk,full
783169,fifo.sk,sk,full
783194,fikfik.sk,sk,full
783221,filippo.sk,sk,full
783315,finalcd.sk,sk,full
783547,fitform.sk,sk,full
783770,flirtkontakt.sk,sk,full
783798,flixbus.sk,sk,full
783987,fnspfdr.sk,sk,full
784010,focusgarden.sk,sk,full
784042,folklorfest.sk,sk,full
784246,fornest.sk,sk,full
784576,freemeteo.sk,sk,full
784627,frenchperfumes.sk,sk,full
785126,futbaltour.sk,sk,full
785927,gant.sk,sk,full
787131,giovani.sk,sk,full
787368,globtour.sk,sk,full
788357,grapefestival.sk,sk,full
788434,greenbutik.sk,sk,full
789220,gymglamour.sk,sk,full
789726,handlova.sk,sk,full
790189,hdporno.sk,sk,full
790253,healthpro.sk,sk,full
790291,hecht.sk,sk,full
791061,hitpraca.sk,sk,full
791288,hokejovysvet.sk,sk,full
791495,honda.sk,sk,full
791610,hop-sport.sk,sk,full
792059,htmodel.sk,sk,full
792953,idem.sk,sk,full
793041,idsbbsk.sk,sk,full
793188,iguru.sk,sk,full
793565,impa.sk,sk,full
793664,inaessentials.sk,sk,full
794031,infonoviny.sk,sk,full
794272,instalatershop.sk,sk,full
794470,internetovazahrada.sk,sk,full
794749,iprieskum.sk,sk,full
795123,istores.sk,sk,full
795125,istraka.sk,sk,full
795217,itesty.sk,sk,full
795240,itms21.sk,sk,full
796436,jezkobezko.sk,sk,full
796645,jiscd.sk,sk,full
798673,kataster-portal.sk,sk,full
798677,katea.sk,sk,full
798873,kdgarden.sk,sk,full
800076,klarstein.sk,sk,full
800120,klimapreteba.sk,sk,full
800242,knifestock.sk,sk,full
800249,kniland.sk,sk,full
800886,krasnevone.sk,sk,full
801158,kuchynalidla.sk,sk,full
801260,kupele-bj.sk,sk,full
801645,labas.sk,sk,full
801766,lacnepostreky.sk,sk,full
801816,ladypopular.sk,sk,full
802091,lapert.sk,sk,full
802130,larabags.sk,sk,full
802571,ledakcia.sk,sk,full
802719,lenivakucharka.sk,sk,full
802771,leonpapuce.sk,sk,full
802844,letenkyzababku.sk,sk,full
804577,lovesexshop.sk,sk,full
804584,lovestream.sk,sk,full
804595,lovezoznamka.sk,sk,full
804604,lovuzdar.sk,sk,full
804969,lumigreen.sk,sk,full
805501,mabell.sk,sk,full
805781,magnusbet.sk,sk,full
806609,margaretkashop.sk,sk,full
807679,mediaboom.sk,sk,full
807745,medikament.sk,sk,full
807771,medirex.sk,sk,full
808216,menumenu.sk,sk,full
808282,mercedes-benz.sk,sk,full
808766,miadresses.sk,sk,full
808806,michaelastore.sk,sk,full
809038,mileneckazoznamka.sk,sk,full
809381,miraoffice.sk,sk,full
809658,mklozkoviny.sk,sk,full
809707,mlyny-cinemas.sk,sk,full
810001,modaprostejov.sk,sk,full
810162,mojadielna.sk,sk,full
810163,mojamilfka.sk,sk,full
810168,mojbidfood.sk,sk,full
810174,mojekolo.sk,sk,full
810175,mojekysuce.sk,sk,full
810179,mojesudoku.sk,sk,full
810186,mojnabytok.sk,sk,full
810655,motokramok.sk,sk,full
810681,motoren.sk,sk,full
811525,municak.sk,sk,full
812119,mygls.sk,sk,full
812151,myheritage.sk,sk,full
812393,myprotein.sk,sk,full
813018,najdreviny.sk,sk,full
813020,najkolobezky.sk,sk,full
813021,najlacnejsinabytok.sk,sk,full
813290,natortu.sk,sk,full
813325,naturesfinest.sk,sk,full
813630,nekonecno.sk,sk,full
814326,nicolips.sk,sk,full
814523,nioba.sk,sk,full
814584,nitrak.sk,sk,full
814813,noelo.sk,sk,full
814819,noezon.sk,sk,full
815430,nunofi.sk,sk,full
815770,objednatvysetrenie.sk,sk,full
816024,officeshoesonline.sk,sk,full
816376,olashop.sk,sk,full
816425,olivie.sk,sk,full
816566,omoda-jaecoo.sk,sk,full
816892,onlinerande.sk,sk,full
817440,oriondomacepotreby.sk,sk,full
817856,ovb.sk,sk,full
817858,oveckaren.sk,sk,full
817948,oxybag.sk,sk,full
818208,pabex.sk,sk,full
818493,palmtour.sk,sk,full
818530,panakeia.sk,sk,full
818901,parizske.sk,sk,full
818985,partevyveska.sk,sk,full
818996,partneri.sk,sk,full
819453,pcexpres.sk,sk,full
819771,pentahospitals.sk,sk,full
819802,pepco.sk,sk,full
820079,petratoth.sk,sk,full
820349,pharmacopola.sk,sk,full
820424,philips-eshop.sk,sk,full
821289,plaveckaakademia.sk,sk,full
821784,pohrebnictvoanna.sk,sk,full
821785,pohrebnictvodvonc.sk,sk,full
821843,pokestar.sk,sk,full
822003,poniveni.sk,sk,full
822169,pornovidea.sk,sk,full
822307,portinvest.sk,sk,full
822321,portsystem.sk,sk,full
822882,primatravel.sk,sk,full
822956,printec.sk,sk,full
823098,prodoshop.sk,sk,full
823136,profigaraz.sk,sk,full
823572,ptacek.sk,sk,full
823671,puellavone.sk,sk,full
824955,radiomelody.sk,sk,full
825004,radost.sk,sk,full
825636,rcprofi.sk,sk,full
826110,refis.sk,sk,full
826255,relleciga.sk,sk,full
826702,rezervujsi.sk,sk,full
827405,rondogo.sk,sk,full
827668,rozpravkozem.sk,sk,full
827735,rpzv.sk,sk,full
828314,rybarskepotrebyryba.sk,sk,full
828611,sadesport.sk,sk,full
830101,scrabbleonline.sk,sk,full
830668,seneca.sk,sk,full
830745,senzacne.sk,sk,full
831054,sexchat.sk,sk,full
831097,sexpokec.sk,sk,full
831205,sg-nabytok.sk,sk,full
831777,shopjk.sk,sk,full
831948,shrimp.sk,sk,full
832536,single.sk,sk,full
833794,snina.sk,sk,full
833836,snuggs.sk,sk,full
834462,sp21.sk,sk,full
834477,spa.sk,sk,full
834646,sperky-eshop.sk,sk,full
834803,spolu.sk,sk,full
834921,spotrebitelskytest.sk,sk,full
835566,stkonline.sk,sk,full
835617,stoklasa-sk.sk,sk,full
835770,stropkov.sk,sk,full
836466,superpoistenie.sk,sk,full
836707,suzuki-diely.sk,sk,full
836746,svet-trampolin.sk,sk,full
836754,svetplodu.sk,sk,full
836783,svojtka.sk,sk,full
837584,takacs.sk,sk,full
837642,taktik.sk,sk,full
837911,tapety-folie.sk,sk,full
838810,teplozima.sk,sk,full
838938,testado.sk,sk,full
838969,testy-skvza.sk,sk,full
838972,testynavodicak.sk,sk,full
839621,thermalnitrava.sk,sk,full
839622,thermalpark.sk,sk,full
840230,tinkinerecepty.sk,sk,full
840403,tkpodhajska.sk,sk,full
840576,tocopotrebujes.sk,sk,full
840949,topfit.sk,sk,full
840959,topgal.sk,sk,full
841994,trnavak.sk,sk,full
842580,turisticky.sk,sk,full
843622,umakov.sk,sk,full
843946,unisportstore.sk,sk,full
843990,universal.sk,sk,full
844596,uupv.sk,sk,full
844876,vadasthermal.sk,sk,full
845441,velosprint.sk,sk,full
845475,veneti.sk,sk,full
845483,venira.sk,sk,full
845544,verbisti.sk,sk,full
845566,verimzesi.sk,sk,full
845585,vermont.sk,sk,full
845616,vesely-drak.sk,sk,full
846025,vigoexpress.sk,sk,full
846034,vigoshop.sk,sk,full
846303,viplekaren.sk,sk,full
846771,vobraze.sk,sk,full
847058,vsds.sk,sk,full
847135,vugk.sk,sk,full
847943,webmoda.sk,sk,full
848035,weezchat.sk,sk,full
848666,winnersgroup.sk,sk,full
848823,witt-international.sk,sk,full
848929,wojas.sk,sk,full
849696,xbdsm.sk,sk,full
850708,xzone.sk,sk,full
851614,yrno.sk,sk,full
851743,yummy.sk,sk,full
852083,zaclony.sk,sk,full
852089,zafo-forum.sk,sk,full
852107,zahori.sk,sk,full
852109,zahrada-plantex.sk,sk,full
852112,zahradnictvobrozany.sk,sk,full
852113,zahradnictvospomysl.sk,sk,full
852161,zaluzieweb.sk,sk,full
852284,zazza.sk,sk,full
852314,zdravekomunity.sk,sk,full
852637,zinceuro.sk,sk,full
852750,zm33.sk,sk,full
852935,zoznamka50.sk,sk,full
852936,zoznamko.sk,sk,full
853049,zumko.sk,sk,full
854112,kudo.sk,sk,full
855193,motoquad.sk,sk,full
855699,sunfun.sk,sk,full
856064,boardparadise.sk,sk,full
856378,extremepcshop.sk,sk,full
856988,info-zilina.sk,sk,full
859435,tohos.sk,sk,full
860554,nemeck0.sk,sk,full
860746,svetproduktov.sk,sk,full
860843,marimex.sk,sk,full
862125,alisonfashion.sk,sk,full
862296,gecom.sk,sk,full
862953,21.sk,sk,full
863017,graftech.sk,sk,full
863658,diamant-x.sk,sk,full
864998,partyraj.sk,sk,full
865433,bauermedia.sk,sk,full
865616,globo-lighting.sk,sk,full
865752,lesopark.sk,sk,full
867122,pentacom.sk,sk,full
867278,bigmanshop.sk,sk,full
869425,activa.sk,sk,full
869943,astrencin.sk,sk,full
869945,fmk.sk,sk,full
870343,figolock.sk,sk,full
871019,zooom.sk,sk,full
871144,prevysavace.sk,sk,full
872848,atosdog.sk,sk,full
872944,rajpradla.sk,sk,full
872988,tripadvisor.sk,sk,full
873278,canoe.sk,sk,full
873746,terminologickyportal.sk,sk,full
875829,nitra.sk,sk,full
875993,info-bystrica.sk,sk,full
877101,edupage.sk,sk,full
878395,conceptstory.sk,sk,full
878397,deskot.sk,sk,full
878589,mouton.sk,sk,full
881606,asclyziarskyklub.sk,sk,full
882271,woodcote.sk,sk,full
882963,elsaslovakia.sk,sk,full
882986,nissan.sk,sk,full
884421,airportkosice.sk,sk,full
884686,nivam.sk,sk,full
884741,nabytokmirek.sk,sk,full
885594,slovak-casinos.sk,sk,full
885606,fusion.sk,sk,full
886089,zelpo.sk,sk,full
887325,marticonet.sk,sk,full
889869,sautom.sk,sk,full
889978,dominikani.sk,sk,full
890318,fajnhosting.sk,sk,full
890509,procentov.sk,sk,full
890763,cardcasino.sk,sk,full
890810,acer.sk,sk,full
891860,regiotel.sk,sk,full
892380,fertility.sk,sk,full
893277,autora.sk,sk,full
893864,mazeto.sk,sk,full
896628,codeblocks.sk,sk,full
896855,nabytok-market.sk,sk,full
898199,juliakunovska.sk,sk,full
899789,lacne-nakupy.sk,sk,full
900550,info-presov.sk,sk,full
900605,mint.sk,sk,full
901528,potravinynieotraviny.sk,sk,full
901684,atena.sk,sk,full
902285,akcnezeny.sk,sk,full
902775,yeme.sk,sk,full
906033,kiaihned.sk,sk,full
906442,uby.sk,sk,full
906731,backorder.sk,sk,full
906925,agrobell.sk,sk,full
907400,yves-rocher.sk,sk,full
908161,trnava-vuc.sk,sk,full
908548,naturalswiss.sk,sk,full
908610,zarohom.sk,sk,full
908721,spp-distribucia.sk,sk,full
910939,dmc.sk,sk,full
911480,nczisk.sk,sk,full
912856,aktin.sk,sk,full
914367,acnslovensko.sk,sk,full
914870,andeo.sk,sk,full
915085,aquaparksenec.sk,sk,full
915167,armytex.sk,sk,full
915331,atriumhotel.sk,sk,full
915910,bestberg.sk,sk,full
916341,booqme.sk,sk,full
916466,brigada.sk,sk,full
916720,cakaribik.sk,sk,full
917997,darre.sk,sk,full
918109,demanovarezort.sk,sk,full
918823,edialnicneznamky.sk,sk,full
919810,florianshop.sk,sk,full
920785,greenapple.sk,sk,full
921399,hotelsitno.sk,sk,full
921484,humed.sk,sk,full
923137,kinousmev.sk,sk,full
923419,kupaliskodiakovce.sk,sk,full
923450,kvetyvesny.sk,sk,full
924518,maracamping.sk,sk,full
924628,maxgarden.sk,sk,full
924966,mi-store.sk,sk,full
925150,mnforce-panel.sk,sk,full
925229,mojedenred.sk,sk,full
925401,mroferto.sk,sk,full
925983,neznamecislo.sk,sk,full
926218,novalja.sk,sk,full
926319,nuxo.sk,sk,full
926592,onevanslovakia.sk,sk,full
927047,parfen.sk,sk,full
927607,pneumatiky.sk,sk,full
927625,pohrebnictvo-hlohovec.sk,sk,full
927749,postoveholuby.sk,sk,full
927822,predajbazenov.sk,sk,full
927873,primatour.sk,sk,full
930000,slovenkabb.sk,sk,full
930086,snowland.sk,sk,full
930243,sparkys.sk,sk,full
930480,stihl.sk,sk,full
931619,totosport.sk,sk,full
932641,vincentvangogh.sk,sk,full
932796,vozako.sk,sk,full
932951,waterdrop.sk,sk,full
933856,zdravopedia.sk,sk,full
933929,zivekamery.sk,sk,full
934434,szfb.sk,sk,full
934823,bionyxx.sk,sk,full
935249,najlepsietorty.sk,sk,full
935661,mmmm.sk,sk,full
936125,krab.sk,sk,full
937328,acanaorijen.sk,sk,full
937710,vasekupony.sk,sk,full
939200,redbullkary.sk,sk,full
939535,wsdnet.sk,sk,full
940133,mojakomunita.sk,sk,full
940714,sosovky-kontaktne.sk,sk,full
942164,umeniesveta.sk,sk,full
942922,asdata.sk,sk,full
942946,bhcase.sk,sk,full
945088,outdooractive.sk,sk,full
946575,vsss.sk,sk,full
947459,dragoniacasino.sk,sk,full
948465,firmaren.sk,sk,full
948609,domusplus.sk,sk,full
948629,mezshop.sk,sk,full
948826,luxusnabielizen.sk,sk,full
949176,vaswebhosting.sk,sk,full
949662,mader.sk,sk,full
950338,minzp.sk,sk,full
951274,bikecentrumpresov.sk,sk,full
951997,odpudzovace.sk,sk,full
954562,autodiely26.sk,sk,full
954968,virtualne.sk,sk,full
955420,onemore.sk,sk,full
956756,media7.sk,sk,full
957521,info-slovensko.sk,sk,full
958241,pezinok.sk,sk,full
959731,juniorpapier.sk,sk,full
960481,eu.sk,sk,full
960539,svet-kupelne.sk,sk,full
960978,givsport.sk,sk,full
960992,suzuki.sk,sk,full
961028,pneucom.sk,sk,full
961682,localhost.sk,sk,full
961699,ereferent.sk,sk,full
962224,lamosstav.sk,sk,full
962440,zipsport.sk,sk,full
962667,ibo.sk,sk,full
963053,axdata.sk,sk,full
963137,mzdovecentrum.sk,sk,full
964964,naj.sk,sk,full
966649,tutumutu.sk,sk,full
967696,glara.sk,sk,full
968027,bebi.sk,sk,full
968238,globaleu.sk,sk,full
968242,skcinema.sk,sk,full
968728,famaga.sk,sk,full
968839,flowion.sk,sk,full
969984,kabelkynet.sk,sk,full
971546,ludialudom.sk,sk,full
971692,sovs.sk,sk,full
971791,news.sk,sk,full
973172,webapis.sk,sk,full
973311,bhc-int.sk,sk,full
973816,dtest.sk,sk,full
974258,slovenskopiseroman.sk,sk,full
974480,xtranet.sk,sk,full
975078,hianime.sk,sk,full
975891,fotonet.sk,sk,full
975926,ostrozovic.sk,sk,full
975957,axabroker.sk,sk,full
976162,tuningcardesign.sk,sk,full
977149,modelovazeleznica.sk,sk,full
977408,tradesky.sk,sk,full
977529,zdravoteka.sk,sk,full
977648,carpmaster.sk,sk,full
977657,communitiesplatform.sk,sk,full
977792,futbalnet.sk,sk,full
977812,smarthomeh3.sk,sk,full
978326,rsz.sk,sk,full
979337,digitall.sk,sk,full
980642,enviroportal.sk,sk,full
980808,perfetto.sk,sk,full
980988,ipg.sk,sk,full
981068,homago.sk,sk,full
981105,krytoland.sk,sk,full
983703,bigsummerfest.sk,sk,full
993995,petitchef.sk,sk,full
231,bbc.co.uk,uk,top1000
306,www.gov.uk,uk,top1000
331,amazon.co.uk,uk,top1000
612,telegraph.co.uk,uk,top1000
664,service.gov.uk,uk,top1000
674,dailymail.co.uk,uk,top1000
722,independent.co.uk,uk,top1000
753,google.co.uk,uk,top1000
862,ebay.co.uk,uk,top1000
1019,ox.ac.uk,uk,top1000
1206,rightmove.co.uk,uk,top1000
1249,argos.co.uk,uk,top1000
1402,cam.ac.uk,uk,top1000
1788,ico.org.uk,uk,top1000
1936,www.nhs.uk,uk,top1000
2154,thesun.co.uk,uk,top1000
2232,mirror.co.uk,uk,top1000
2300,nic.uk,uk,top1000
2396,livedns.co.uk,uk,top1000
2407,guardian.co.uk,uk,top1000
2490,express.co.uk,uk,top1000
2617,ucl.ac.uk,uk,top1000
2941,thetimes.co.uk,uk,top1000
3130,ed.ac.uk,uk,top1000
3206,metro.co.uk,uk,top1000
3268,tripadvisor.co.uk,uk,top1000
3284,bbci.co.uk,uk,top1000
3415,legislation.gov.uk,uk,top1000
3419,eventbrite.co.uk,uk,top1000
3454,blogspot.co.uk,uk,top1000
3581,lse.ac.uk,uk,top1000
3624,standard.co.uk,uk,top1000
3727,autotrader.co.uk,uk,top1000
3946,next.co.uk,uk,top1000
4061,tfl.gov.uk,uk,top1000
4290,lloydsbank.co.uk,uk,top1000
4359,nationalarchives.gov.uk,uk,top1000
4508,vinted.co.uk,uk,top1000
4690,theregister.co.uk,uk,top1000
5019,manchester.ac.uk,uk,top1000
5029,just-eat.co.uk,uk,top1000
5200,greenend.org.uk,uk,top1000
5261,ons.gov.uk,uk,top1000
5327,gla.ac.uk,uk,top1000
5390,imperial.ac.uk,uk,top1000
5618,zoopla.co.uk,uk,top1000
5637,warwick.ac.uk,uk,top1000
5799,kcl.ac.uk,uk,top1000
5931,pinterest.co.uk,uk,top1000
6016,leeds.ac.uk,uk,top1000
6021,homeoffice.gov.uk,uk,top1000
6089,demon.co.uk,uk,top1000
6155,thomsonreuters.co.uk,uk,top1000
6204,currys.co.uk,uk,top1000
6383,tate.org.uk,uk,top1000
6435,core.ac.uk,uk,top1000
6448,huffingtonpost.co.uk,uk,top1000
6631,york.ac.uk,uk,top1000
6637,mcldns.co.uk,uk,top1000
6647,very.co.uk,uk,top1000
6681,wired.co.uk,uk,top1000
6856,shein.co.uk,uk,top1000
6866,awsdns-12.co.uk,uk,top1000
6937,ancestry.co.uk,uk,top1000
6946,tui.co.uk,uk,top1000
7014,newsnow.co.uk,uk,top1000
7064,awsdns-43.co.uk,uk,top1000
7326,manchestereveningnews.co.uk,uk,top1000
7345,awsdns-09.co.uk,uk,top1000
7381,fca.org.uk,uk,top1000
7462,awsdns-60.co.uk,uk,top1000
7471,timesonline.co.uk,uk,top1000
7481,ncl.ac.uk,uk,top1000
7487,awsdns-45.co.uk,uk,top1000
7562,awsdns-30.co.uk,uk,top1000
7575,awsdns-55.co.uk,uk,top1000
7580,bl.uk,uk,top1000
7587,nice.org.uk,uk,top1000
7661,metoffice.gov.uk,uk,top1000
7683,awsdns-16.co.uk,uk,top1000
7708,awsdns-39.co.uk,uk,top1000
7782,awsdns-22.co.uk,uk,top1000
7786,mod.uk,uk,top1000
7865,therange.co.uk,uk,top1000
7871,awsdns-34.co.uk,uk,top1000
7890,awsdns-47.co.uk,uk,top1000
7918,vivastreet.co.uk,uk,top1000
7923,awsdns-41.co.uk,uk,top1000
7985,awsdns-35.co.uk,uk,top1000
8017,awsdns-10.co.uk,uk,top1000
8082,awsdns-08.co.uk,uk,top1000
8134,awsdns-33.co.uk,uk,top1000
8159,awsdns-15.co.uk,uk,top1000
8274,awsdns-25.co.uk,uk,top1000
8300,awsdns-44.co.uk,uk,top1000
8458,awsdns-56.co.uk,uk,top1000
8462,awsdns-11.co.uk,uk,top1000
8469,walesonline.co.uk,uk,top1000
8601,gamblingcommission.gov.uk,uk,top1000
8659,awsdns-14.co.uk,uk,top1000
8674,awsdns-07.co.uk,uk,top1000
8698,awsdns-02.co.uk,uk,top1000
8777,awsdns-49.co.uk,uk,top1000
8839,awsdns-36.co.uk,uk,top1000
8840,awsdns-05.co.uk,uk,top1000
8858,awsdns-23.co.uk,uk,top1000
8906,awsdns-40.co.uk,uk,top1000
8921,gamcare.org.uk,uk,top1000
8927,awsdns-20.co.uk,uk,top1000
8934,roman.co.uk,uk,top1000
8997,awsdns-53.co.uk,uk,top1000
9001,nottingham.ac.uk,uk,top1000
9010,account.gov.uk,uk,top1000
9015,mangabuddy1.co.uk,uk,top1000
9042,awsdns-48.co.uk,uk,top1000
9056,awsdns-03.co.uk,uk,top1000
9070,awsdns-46.co.uk,uk,top1000
9072,awsdns-18.co.uk,uk,top1000
9154,ic.ac.uk,uk,top1000
9169,st-andrews.ac.uk,uk,top1000
9185,awsdns-50.co.uk,uk,top1000
9196,sainsburys.co.uk,uk,top1000
9211,awsdns-42.co.uk,uk,top1000
9345,awsdns-51.co.uk,uk,top1000
9455,awsdns-28.co.uk,uk,top1000
9515,awsdns-52.co.uk,uk,top1000
9548,awsdns-21.co.uk,uk,top1000
9559,awsdns-00.co.uk,uk,top1000
9586,awsdns-29.co.uk,uk,top1000
9606,awsdns-54.co.uk,uk,top1000
9704,awsdns-01.co.uk,uk,top1000
9813,javhd.co.uk,uk,top1000
9851,pinayflix.uk,uk,top1000
9912,ibtimes.co.uk,uk,top1000
9969,awsdns-19.co.uk,uk,top1000
9986,parliament.uk,uk,top1000
10104,hse.gov.uk,uk,top1000
10147,soton.ac.uk,uk,top1000
10170,awsdns-38.co.uk,uk,top1000
10198,awsdns-06.co.uk,uk,top1000
10264,nominetdns.uk,uk,top1000
10267,awsdns-13.co.uk,uk,top1000
10270,awsdns-27.co.uk,uk,top1000
10317,awsdns-31.co.uk,uk,top1000
10362,awsdns-26.co.uk,uk,top1000
10370,awsdns-17.co.uk,uk,top1000
10379,awsdns-58.co.uk,uk,top1000
10399,bfi.org.uk,uk,top1000
10489,awsdns-32.co.uk,uk,top1000
10494,awsdns-04.co.uk,uk,top1000
10502,vam.ac.uk,uk,top1000
10529,inews.co.uk,uk,top1000
10547,citizensadvice.org.uk,uk,top1000
10558,ebi.ac.uk,uk,top1000
10563,awsdns-62.co.uk,uk,top1000
10579,awsdns-37.co.uk,uk,top1000
10679,awsdns-57.co.uk,uk,top1000
10682,awsdns-24.co.uk,uk,top1000
10711,awsdns-61.co.uk,uk,top1000
10739,nationaltrust.org.uk,uk,top1000
10748,nhm.ac.uk,uk,top1000
10783,open.ac.uk,uk,top1000
10794,which.co.uk,uk,top1000
10812,liverpoolecho.co.uk,uk,top1000
10831,santander.co.uk,uk,top1000
10851,dailystar.co.uk,uk,top1000
10857,vogue.co.uk,uk,top1000
10936,awsdns-59.co.uk,uk,top1000
10963,airbnb.co.uk,uk,top1000
11138,exeter.ac.uk,uk,top1000
11369,awsdns-63.co.uk,uk,top1000
11561,southampton.ac.uk,uk,top1000
11632,data.gov.uk,uk,top1000
11707,bankofengland.co.uk,uk,top1000
11718,coral.co.uk,uk,top1000
11933,abebooks.co.uk,uk,top1000
12182,dailyrecord.co.uk,uk,top1000
12292,fasthosts.co.uk,uk,top1000
12353,bath.ac.uk,uk,top1000
12354,bonusprint.co.uk,uk,top1000
12355,espn.co.uk,uk,top1000
12421,bristol.ac.uk,uk,top1000
12466,sheffield.ac.uk,uk,top1000
12470,ncsc.gov.uk,uk,top1000
12543,surrey.ac.uk,uk,top1000
12568,qmul.ac.uk,uk,top1000
12820,bris.ac.uk,uk,top1000
12870,birmingham.ac.uk,uk,top1000
12963,rhs.org.uk,uk,top1000
13135,mind.org.uk,uk,top1000
13197,ee.co.uk,uk,top1000
13199,abdn.ac.uk,uk,top1000
13221,penguin.co.uk,uk,top1000
13360,barclays.co.uk,uk,top1000
13386,england.nhs.uk,uk,top1000
13413,le.ac.uk,uk,top1000
13431,ticketmaster.co.uk,uk,top1000
13676,shef.ac.uk,uk,top1000
13691,gq-magazine.co.uk,uk,top1000
13808,faroutmagazine.co.uk,uk,top1000
13985,english-heritage.org.uk,uk,top1000
14001,spectator.co.uk,uk,top1000
14285,mod.gov.uk,uk,top1000
14295,spareroom.co.uk,uk,top1000
14368,bhf.org.uk,uk,top1000
14440,dur.ac.uk,uk,top1000
14540,bham.ac.uk,uk,top1000
14594,ofcom.org.uk,uk,top1000
14606,blog.gov.uk,uk,top1000
14609,qub.ac.uk,uk,top1000
14667,strath.ac.uk,uk,top1000
14721,foodnetwork.co.uk,uk,top1000
14789,ionos.co.uk,uk,top1000
14886,brunel.ac.uk,uk,top1000
14888,belfasttelegraph.co.uk,uk,top1000
15399,birminghammail.co.uk,uk,top1000
15475,london.gov.uk,uk,top1000
15558,halifax-online.co.uk,uk,top1000
15580,sussex.ac.uk,uk,top1000
15586,guim.co.uk,uk,top1000
15768,audible.co.uk,uk,top1000
15784,kent.ac.uk,uk,top1000
15812,reading.ac.uk,uk,top1000
15856,liverpool.ac.uk,uk,top1000
15872,uea.ac.uk,uk,top1000
15972,national-lottery.co.uk,uk,top1000
16001,pclead.co.uk,uk,top1000
16036,zen.co.uk,uk,top1000
16109,offshor.co.uk,uk,top1000
16141,vodafone.co.uk,uk,top1000
16211,lovetrue.co.uk,uk,top1000
16224,noskomnadzor.co.uk,uk,top1000
16248,cakeisalie.co.uk,uk,top1000
16346,nothingthere.co.uk,uk,top1000
16384,decathlon.co.uk,uk,top1000
16443,wickes.co.uk,uk,top1000
16464,mentalhealth.org.uk,uk,top1000
16472,sorokodin.co.uk,uk,top1000
16486,iwm.org.uk,uk,top1000
16543,stopblocking.co.uk,uk,top1000
16550,nationalrail.co.uk,uk,top1000
16585,pyatdesyatodin.co.uk,uk,top1000
16616,sorokdva.co.uk,uk,top1000
16679,pyatdesyatdva.co.uk,uk,top1000
16695,kartoshka.co.uk,uk,top1000
16716,easynet.co.uk,uk,top1000
16717,manomano.co.uk,uk,top1000
16737,cardiff.ac.uk,uk,top1000
16780,mobileslotsite.co.uk,uk,top1000
16825,screamingfrog.co.uk,uk,top1000
16851,gamer-network.uk,uk,top1000
16957,lrb.co.uk,uk,top1000
17066,ebally.co.uk,uk,top1000
17138,nebally.co.uk,uk,top1000
17152,essex.ac.uk,uk,top1000
17153,notelega.co.uk,uk,top1000
17162,pomogite.co.uk,uk,top1000
17189,sch.uk,uk,top1000
17222,havegreatday.co.uk,uk,top1000
17266,jisc.ac.uk,uk,top1000
17280,fixtelega.co.uk,uk,top1000
17361,onedaychamp.co.uk,uk,top1000
17369,sadnews.co.uk,uk,top1000
17533,glassdoor.co.uk,uk,top1000
17803,hl.co.uk,uk,top1000
17818,visualsoft.co.uk,uk,top1000
17920,amzndns.co.uk,uk,top1000
17979,matalan.co.uk,uk,top1000
17999,flashscore.co.uk,uk,top1000
18049,autocar.co.uk,uk,top1000
18142,thisismoney.co.uk,uk,top1000
18207,o2.co.uk,uk,top1000
18274,videyox.uk,uk,top1000
18292,openrent.co.uk,uk,top1000
18403,lboro.ac.uk,uk,top1000
18482,dpdgroup.co.uk,uk,top1000
18541,freeserve.co.uk,uk,top1000
18618,lancs.ac.uk,uk,top1000
18804,reed.co.uk,uk,top1000
18904,gettyimages.co.uk,uk,top1000
19026,zerodepositcasino.co.uk,uk,top1000
19034,nationalgallery.org.uk,uk,top1000
19061,food.gov.uk,uk,top1000
19085,juno.co.uk,uk,top1000
19089,city.ac.uk,uk,top1000
19266,reviews.co.uk,uk,top1000
19302,nominet.uk,uk,top1000
19354,funeral-notices.co.uk,uk,top1000
19415,jobs.nhs.uk,uk,top1000
19544,freeads.co.uk,uk,top1000
19568,gameassists.co.uk,uk,top1000
19573,hsbc.co.uk,uk,top1000
19784,jobsatamazon.co.uk,uk,top1000
19940,virginmediao2.co.uk,uk,top1000
20011,autoexpress.co.uk,uk,top1000
20109,blueyonder.co.uk,uk,top1000
20235,yougov.co.uk,uk,top1000
20373,deliveroo.co.uk,uk,top1000
20388,rmg.co.uk,uk,top1000
20395,hw.ac.uk,uk,top1000
20408,direct.gov.uk,uk,top1000
20439,chroniclelive.co.uk,uk,top1000
20453,campaignlive.co.uk,uk,top1000
20470,bps.org.uk,uk,top1000
20604,onthebeach.co.uk,uk,top1000
20642,blackwells.co.uk,uk,top1000
20692,port.ac.uk,uk,top1000
20897,anm.co.uk,uk,top1000
20931,arts.ac.uk,uk,top1000
21115,lse.co.uk,uk,top1000
21152,rspb.org.uk,uk,top1000
21163,lancaster.ac.uk,uk,top1000
21353,aol.co.uk,uk,top1000
21426,expedia.co.uk,uk,top1000
21621,realtimetrains.co.uk,uk,top1000
21702,sportsmole.co.uk,uk,top1000
21942,johnpyeauctions.co.uk,uk,top1000
22043,geograph.org.uk,uk,top1000
22296,oxfordmail.co.uk,uk,top1000
22399,marketo.co.uk,uk,top1000
22408,49s.co.uk,uk,top1000
22537,dundee.ac.uk,uk,top1000
22661,sciencemuseum.org.uk,uk,top1000
22676,bangor.ac.uk,uk,top1000
22762,twinkl.co.uk,uk,top1000
22880,royal.uk,uk,top1000
23024,macmillan.org.uk,uk,top1000
23166,companieshouse.gov.uk,uk,top1000
23225,gold.ac.uk,uk,top1000
23388,defra.gov.uk,uk,top1000
23635,fco.gov.uk,uk,top1000
23637,rac.co.uk,uk,top1000
23736,alzheimers.org.uk,uk,top1000
23828,scot.nhs.uk,uk,top1000
23856,ovotech.org.uk,uk,top1000
24223,host-it.co.uk,uk,top1000
24265,st-and.ac.uk,uk,top1000
24486,rspca.org.uk,uk,top1000
24598,npg.org.uk,uk,top1000
24631,cqc.org.uk,uk,top1000
24679,thescottishsun.co.uk,uk,top1000
24730,wwf.org.uk,uk,top1000
24777,glamourmagazine.co.uk,uk,top1000
24813,ageuk.org.uk,uk,top1000
25007,sega.co.uk,uk,top1000
25009,lbc.co.uk,uk,top1000
25196,gre.ac.uk,uk,top1000
25208,nidirect.gov.uk,uk,top1000
25317,ophan.co.uk,uk,top1000
25319,hoseasons.co.uk,uk,top1000
25320,shu.ac.uk,uk,top1000
25553,weatheronline.co.uk,uk,top1000
25602,liv.ac.uk,uk,top1000
25650,historicengland.org.uk,uk,top1000
25706,oxfam.org.uk,uk,top1000
25785,dpd.co.uk,uk,top1000
25839,yorkshirepost.co.uk,uk,top1000
25902,mergesigma.uk,uk,top1000
25910,herts.ac.uk,uk,top1000
25941,stir.ac.uk,uk,top1000
26006,bristolpost.co.uk,uk,top1000
26016,nspcc.org.uk,uk,top1000
26108,tts-group.co.uk,uk,top1000
26161,moneyhelper.org.uk,uk,top1000
26515,bytemark.co.uk,uk,top1000
26555,cargurus.co.uk,uk,top1000
26594,cf.ac.uk,uk,top1000
26604,cv-library.co.uk,uk,top1000
26618,dan.me.uk,uk,top1000
26622,123-reg.co.uk,uk,top1000
26669,ultradns.co.uk,uk,top1000
26681,featurespace.co.uk,uk,top1000
26691,roblox.co.uk,uk,top1000
27152,nintendo.co.uk,uk,top1000
27463,elite.uk,uk,top1000
27675,liquidlight.uk,uk,top1000
27841,sony.co.uk,uk,top1000
27849,hmrc.gov.uk,uk,top1000
27862,adidas.co.uk,uk,top1000
27882,tiscali.co.uk,uk,top1000
27885,myzen.co.uk,uk,top1000
28007,ukcod.org.uk,uk,top1000
28108,met.police.uk,uk,top1000
28141,tntsports.co.uk,uk,top1000
28190,mmu.ac.uk,uk,top1000
28234,bes.co.uk,uk,top1000
28294,foltmeingop.co.uk,uk,top1000
28349,bupa.co.uk,uk,top1000
28386,man.ac.uk,uk,top1000
28426,accountingweb.co.uk,uk,top1000
28469,pwc.co.uk,uk,top1000
28483,surveymonkey.co.uk,uk,top1000
28637,dmu.ac.uk,uk,top1000
28656,aston.ac.uk,uk,top1000
28681,interdns.co.uk,uk,top1000
28998,huqindustries.co.uk,uk,top1000
29002,dost-self.co.uk,uk,top1000
29068,nihr.ac.uk,uk,top1000
29397,adzuna.co.uk,uk,top1000
29418,experian.co.uk,uk,top1000
29463,nationwide.co.uk,uk,top1000
29502,jdsports.co.uk,uk,top1000
29546,ntu.ac.uk,uk,top1000
29679,zalando.co.uk,uk,top1000
29836,kayak.co.uk,uk,top1000
30051,plymouth.ac.uk,uk,top1000
30056,transfermarkt.co.uk,uk,top1000
30088,notino.co.uk,uk,top1000
30286,britishgas.co.uk,uk,top1000
30298,uwe.ac.uk,uk,top1000
30315,digital.nhs.uk,uk,top1000
30334,refinitiv.co.uk,uk,top1000
30338,caa.co.uk,uk,top1000
30349,postoffice.co.uk,uk,top1000
30411,overclockers.co.uk,uk,top1000
30702,bbk.ac.uk,uk,top1000
30758,soas.ac.uk,uk,top1000
30928,charitycommission.gov.uk,uk,top1000
30931,cloudns.uk,uk,top1000
30978,northumbria.ac.uk,uk,top1000
31267,thenorthernecho.co.uk,uk,top1000
31309,kentonline.co.uk,uk,top1000
31339,lta.org.uk,uk,top1000
31519,lawsociety.org.uk,uk,top1000
31579,edp24.co.uk,uk,top1000
31588,idealhome.co.uk,uk,top1000
31605,lshtm.ac.uk,uk,top1000
31621,cranfield.ac.uk,uk,top1000
31763,coventry.ac.uk,uk,top1000
31817,education.gov.uk,uk,top1000
31828,diabetes.org.uk,uk,top1000
31898,opentable.co.uk,uk,top1000
31905,citystgeorges.ac.uk,uk,top1000
31941,kingston.ac.uk,uk,top1000
31997,aber.ac.uk,uk,top1000
32039,hrp.org.uk,uk,top1000
32095,hull.ac.uk,uk,top1000
32145,carwow.co.uk,uk,top1000
32251,theargus.co.uk,uk,top1000
32254,amnesty.org.uk,uk,top1000
32378,swan.ac.uk,uk,top1000
32399,financial-ombudsman.org.uk,uk,top1000
32498,travelodge.co.uk,uk,top1000
32538,crowdfunder.co.uk,uk,top1000
32579,lovehoney.co.uk,uk,top1000
32699,autism.org.uk,uk,top1000
32715,houseandgarden.co.uk,uk,top1000
32717,campaign.gov.uk,uk,top1000
32873,houseoffraser.co.uk,uk,top1000
32951,gooutdoors.co.uk,uk,top1000
33107,majestic12.co.uk,uk,top1000
33377,justice.gov.uk,uk,top1000
33598,three.co.uk,uk,top1000
33614,birmingham.gov.uk,uk,top1000
33628,marieclaire.co.uk,uk,top1000
33645,brighton.ac.uk,uk,top1000
33656,stfc.ac.uk,uk,top1000
33713,hotelmix.co.uk,uk,top1000
33753,energysavingtrust.org.uk,uk,top1000
33927,wayfair.co.uk,uk,top1000
34140,dailypost.co.uk,uk,top1000
34157,naturitas.co.uk,uk,top1000
34209,autodoc.co.uk,uk,top1000
34217,observer.co.uk,uk,top1000
34300,etherealvpn.uk,uk,top1000
34311,alaraby.co.uk,uk,top1000
34432,prnewswire.co.uk,uk,top1000
34462,brookes.ac.uk,uk,top1000
34524,redcross.org.uk,uk,top1000
34526,mbna.co.uk,uk,top1000
34597,lyst.co.uk,uk,top1000
34607,moderngov.co.uk,uk,top1000
34872,hulldailymail.co.uk,uk,top1000
34887,mailplus.co.uk,uk,top1000
34906,ordnancesurvey.co.uk,uk,top1000
34951,acas.org.uk,uk,top1000
34996,sussexexpress.co.uk,uk,top1000
35202,barbican.org.uk,uk,top1000
35247,aviva.co.uk,uk,top1000
35299,bcu.ac.uk,uk,top1000
35318,sephora.co.uk,uk,top1000
35406,thehipstore.co.uk,uk,top1000
35580,muzanesghy.co.uk,uk,top1000
35626,smartsurvey.co.uk,uk,top1000
35655,thecourier.co.uk,uk,top1000
35764,lidl.co.uk,uk,top1000
35968,rct.uk,uk,top1000
36010,happybeds.co.uk,uk,top1000
36031,stylist.co.uk,uk,top1000
36095,swansea.ac.uk,uk,top1000
36162,myspreadshop.co.uk,uk,top1000
36177,sanger.ac.uk,uk,top1000
36189,ulster.ac.uk,uk,top1000
36452,abilitynet.org.uk,uk,top1000
36465,thestar.co.uk,uk,top1000
36493,dailyecho.co.uk,uk,top1000
36541,unibet.co.uk,uk,top1000
36621,yelp.co.uk,uk,top1000
36673,chrono24.co.uk,uk,top1000
36674,bournemouth.ac.uk,uk,top1000
36694,woodlandtrust.org.uk,uk,top1000
36745,cityoflondon.gov.uk,uk,top1000
36868,ofsted.gov.uk,uk,top1000
36911,judiciary.uk,uk,top1000
36925,hobbycraft.co.uk,uk,top1000
36945,yorkshireeveningpost.co.uk,uk,top1000
36991,coop.co.uk,uk,top1000
37128,phrases.org.uk,uk,top1000
37148,hitched.co.uk,uk,top1000
37151,lycos.co.uk,uk,top1000
37307,iceland.co.uk,uk,top1000
37315,medicines.org.uk,uk,top1000
37351,fast.net.uk,uk,top1000
37427,aldi.co.uk,uk,top1000
37430,elementgames.co.uk,uk,top1000
37539,pressgazette.co.uk,uk,top1000
37597,leicestermercury.co.uk,uk,top1000
37691,dan.net.uk,uk,top1000
37694,royalacademy.org.uk,uk,top1000
37696,demysdns.co.uk,uk,top1000
37705,joybuy.co.uk,uk,top1000
37712,microgaming.co.uk,uk,top1000
37731,npl.co.uk,uk,top1000
37780,planetradio.co.uk,uk,top1000
37898,durham.ac.uk,uk,top1000
38011,preloved.co.uk,uk,top1000
38167,bournemouthecho.co.uk,uk,top1000
38203,southbankcentre.co.uk,uk,top1000
38300,salford.ac.uk,uk,top1000
38364,gamstop.co.uk,uk,top1000
38390,newreg.co.uk,uk,top1000
38425,derbytelegraph.co.uk,uk,top1000
38591,housesforsaletorent.co.uk,uk,top1000
38706,ex.ac.uk,uk,top1000
38776,theanswerbank.co.uk,uk,top1000
38887,fsnet.co.uk,uk,top1000
38929,easyfundraising.org.uk,uk,top1000
38940,goooalir.co.uk,uk,top1000
38999,intelligentgolf.co.uk,uk,top1000
39115,guardianapps.co.uk,uk,top1000
39363,houzz.co.uk,uk,top1000
39387,ovh.co.uk,uk,top1000
39442,bankofscotland.co.uk,uk,top1000
39506,size.co.uk,uk,top1000
39508,groupon.co.uk,uk,top1000
39585,costco.co.uk,uk,top1000
39605,rcpsych.ac.uk,uk,top1000
39932,wlv.ac.uk,uk,top1000
40004,trivago.co.uk,uk,top1000
40082,ofgem.gov.uk,uk,top1000
40168,cookiepedia.co.uk,uk,top1000
40175,lancashiretelegraph.co.uk,uk,top1000
40193,keele.ac.uk,uk,top1000
40227,yorkpress.co.uk,uk,top1000
40257,parkrun.org.uk,uk,top1000
40263,hud.ac.uk,uk,top1000
40274,thestudentroom.co.uk,uk,top1000
40343,findmypast.co.uk,uk,top1000
40356,odeon.co.uk,uk,top1000
40413,lincoln.ac.uk,uk,top1000
40470,spydus.co.uk,uk,top1000
40542,dogstrust.org.uk,uk,top1000
40745,thetelegraphandargus.co.uk,uk,top1000
40788,sra.org.uk,uk,top1000
40806,sherpa.ac.uk,uk,top1000
40854,nesta.org.uk,uk,top1000
40916,brandalley.co.uk,uk,top1000
40939,bgs.ac.uk,uk,top1000
40954,dmgmediaprivacy.co.uk,uk,top1000
40979,belfastlive.co.uk,uk,top1000
41098,mhra.org.uk,uk,top1000
41113,shelter.org.uk,uk,top1000
41140,prospects.ac.uk,uk,top1000
41211,ticketsource.co.uk,uk,top1000
41219,portsmouth.co.uk,uk,top1000
41373,mozitop.co.uk,uk,top1000
41420,nhsbsa.nhs.uk,uk,top1000
41426,better.org.uk,uk,top1000
41427,booker.co.uk,uk,top1000
41481,theweek.co.uk,uk,top1000
41550,speed-benz.co.uk,uk,top1000
41565,robertdyas.co.uk,uk,top1000
41570,computing.co.uk,uk,top1000
41598,whiterose.ac.uk,uk,top1000
41611,asa.org.uk,uk,top1000
41692,britishnewspaperarchive.co.uk,uk,top1000
41785,ralphlauren.co.uk,uk,top1000
41829,pressandjournal.co.uk,uk,top1000
41921,topcashback.co.uk,uk,top1000
41934,eadt.co.uk,uk,top1000
41972,royalholloway.ac.uk,uk,top1000
42040,jobsite.co.uk,uk,top1000
42075,rhul.ac.uk,uk,top1000
42081,cps.gov.uk,uk,top1000
42121,dwp.gov.uk,uk,top1000
42140,1and1.co.uk,uk,top1000
42268,rbs.co.uk,uk,top1000
42394,jobs.ac.uk,uk,top1000
42451,omgubuntu.co.uk,uk,top1000
42545,prospectmagazine.co.uk,uk,top1000
42548,111.nhs.uk,uk,top1000
42550,cineworld.co.uk,uk,top1000
42650,ukdefencejournal.org.uk,uk,top1000
42772,westminster.ac.uk,uk,top1000
42798,postcodeanywhere.co.uk,uk,top1000
42841,schuh.co.uk,uk,top1000
42875,salesfire.co.uk,uk,top1000
42927,bbctvapps.co.uk,uk,top1000
42959,halifax.co.uk,uk,top1000
42968,teachingenglish.org.uk,uk,top1000
42986,thegrocer.co.uk,uk,top1000
43034,glasgowtimes.co.uk,uk,top1000
43190,thegazette.co.uk,uk,top1000
43323,ukplanettools.co.uk,uk,top1000
43339,ulcc.ac.uk,uk,top1000
43342,napier.ac.uk,uk,top1000
43377,labour.org.uk,uk,top1000
43433,thisislondon.co.uk,uk,top1000
43442,theboltonnews.co.uk,uk,top1000
43455,sykescottages.co.uk,uk,top1000
43496,emdns.uk,uk,top1000
43575,mdx.ac.uk,uk,top1000
43655,clearpay.co.uk,uk,top1000
43750,office.co.uk,uk,top1000
43902,bma.org.uk,uk,top1000
43953,wowcher.co.uk,uk,top1000
44007,cambridge-news.co.uk,uk,top1000
44012,jacmetalworks.co.uk,uk,top1000
44019,beds.ac.uk,uk,top1000
44094,actionfraud.police.uk,uk,top1000
44111,gazettelive.co.uk,uk,top1000
44227,volnalink.uk,uk,top1000
44286,rnib.org.uk,uk,top1000
44306,jdwilliams.co.uk,uk,top1000
44364,buny.uk,uk,top1000
44400,dyson.co.uk,uk,top1000
44449,childline.org.uk,uk,top1000
44463,artscouncil.org.uk,uk,top1000
44582,prat.uk,uk,top1000
44622,vouchercodes.co.uk,uk,top1000
44702,bluemoon-mcfc.co.uk,uk,top1000
44737,eco-dns.co.uk,uk,top1000
44741,zdnet.co.uk,uk,top1000
44760,diabetes.co.uk,uk,top1000
44825,hee.nhs.uk,uk,top1000
44839,youngminds.org.uk,uk,top1000
44864,specsavers.co.uk,uk,top1000
44874,watchfinder.co.uk,uk,top1000
44876,aa.net.uk,uk,top1000
44985,nextdoor.co.uk,uk,top1000
45183,dominos.co.uk,uk,top1000
45212,theworks.co.uk,uk,top1000
45234,pagesuite-professional.co.uk,uk,top1000
45260,local.gov.uk,uk,top1000
45307,qualys.co.uk,uk,top1000
45476,pinknews.co.uk,uk,top1000
45481,ucu.org.uk,uk,top1000
45485,interactivebrokers.co.uk,uk,top1000
45689,babycentre.co.uk,uk,top1000
45738,tandf.co.uk,uk,top1000
45746,alquds.co.uk,uk,top1000
45830,companiesintheuk.co.uk,uk,top1000
45851,pets4homes.co.uk,uk,top1000
45897,bonmarche.co.uk,uk,top1000
45923,unison.org.uk,uk,top1000
45933,kloudns.co.uk,uk,top1000
46265,sweetenerfree.co.uk,uk,top1000
46284,homebase.co.uk,uk,top1000
46295,somersetlive.co.uk,uk,top1000
46360,talktalk.co.uk,uk,top1000
46406,wmin.ac.uk,uk,top1000
46412,saga.co.uk,uk,top1000
46544,nsns.uk,uk,top1000
46621,wellcome.ac.uk,uk,top1000
46639,mergecola.uk,uk,top1000
46745,hellorayo.co.uk,uk,top1000
46827,manchesterairport.co.uk,uk,top1000
46941,ifs.org.uk,uk,top1000
46984,cipd.co.uk,uk,top1000
46986,gloucestershirelive.co.uk,uk,top1000
47054,landregistry.gov.uk,uk,top1000
47111,bnc-gt.co.uk,uk,top1000
47145,ecb.co.uk,uk,top1000
47375,ljmu.ac.uk,uk,top1000
47384,southwalesargus.co.uk,uk,top1000
47420,heartinternet.uk,uk,top1000
47713,holidaycottages.co.uk,uk,top1000
47772,networkrail.co.uk,uk,top1000
47799,statuo.co.uk,uk,top1000
47834,backmarket.co.uk,uk,top1000
48025,unicef.org.uk,uk,top1000
48029,stokesentinel.co.uk,uk,top1000
48052,dayoutwiththekids.co.uk,uk,top1000
48255,rca.ac.uk,uk,top1000
48403,examinerlive.co.uk,uk,top1000
48452,pickaweb.co.uk,uk,top1000
48464,heartuk.org.uk,uk,top1000
48537,newsandstar.co.uk,uk,top1000
48758,cultbeauty.co.uk,uk,top1000
48855,fwi.co.uk,uk,top1000
48915,modelflying.co.uk,uk,top1000
48917,tnp.net.uk,uk,top1000
48922,rcseng.ac.uk,uk,top1000
48952,swiftreg.co.uk,uk,top1000
48960,pdsa.org.uk,uk,top1000
49003,3cx.uk,uk,top1000
49011,victorianplumbing.co.uk,uk,top1000
49061,rcog.org.uk,uk,top1000
49080,unlimitedhorizon.co.uk,uk,top1000
49171,dircon.co.uk,uk,top1000
49258,twdcns.co.uk,uk,top1000
49299,ksiegarniainternetowa.co.uk,uk,top1000
49303,volkswagen.co.uk,uk,top1000
49342,tvguide.co.uk,uk,top1000
49403,plymouthherald.co.uk,uk,top1000
49419,sas.ac.uk,uk,top1000
49439,btinternet.co.uk,uk,top1000
49444,echo-news.co.uk,uk,top1000
49469,olxtoto.uk,uk,top1000
49470,peacocks.co.uk,uk,top1000
49551,bmstores.co.uk,uk,top1000
49558,checkcompany.co.uk,uk,top1000
49784,betmgm.co.uk,uk,top1000
49790,nationaltheatre.org.uk,uk,top1000
49794,ipo.gov.uk,uk,top1000
49849,worcesternews.co.uk,uk,top1000
49908,cylex-uk.co.uk,uk,top1000
49946,streetmap.co.uk,uk,top1000
49982,game.co.uk,uk,top1000
50123,bigwetfish.co.uk,uk,top1000
50207,sharkninja.co.uk,uk,top1000
50259,thelondonneurocognitiveclinic.co.uk,uk,top1000
50337,trainingzone.co.uk,uk,top1000
50349,pearsonclinical.co.uk,uk,top1000
50451,kalas.co.uk,uk,top1000
50495,charityjob.co.uk,uk,top1000
50515,uclan.ac.uk,uk,top1000
50578,musicmagpie.co.uk,uk,top1000
50595,brad.ac.uk,uk,top1000
50596,kingston-internet.co.uk,uk,top1000
50613,nationalcrimeagency.gov.uk,uk,top1000
50617,emodels.co.uk,uk,top1000
50647,eclipse.net.uk,uk,top1000
50752,clouvider.co.uk,uk,top1000
50858,dft.gov.uk,uk,top1000
50872,armlinux.org.uk,uk,top1000
50913,swindonadvertiser.co.uk,uk,top1000
50986,talebi.co.uk,uk,top1000
51002,uel.ac.uk,uk,top1000
51276,copperknob.co.uk,uk,top1000
51300,tvlicensing.co.uk,uk,top1000
51301,scotland.gov.uk,uk,top1000
51330,mailonsunday.co.uk,uk,top1000
51404,liverpoolmuseums.org.uk,uk,top1000
51480,greenpeace.org.uk,uk,top1000
51494,send247.uk,uk,top1000
51539,nationalgeographic.co.uk,uk,top1000
51550,disturbia.co.uk,uk,top1000
51561,cameldns.uk,uk,top1000
51662,news.co.uk,uk,top1000
51716,environment-agency.gov.uk,uk,top1000
51723,classicfootballshirts.co.uk,uk,top1000
51751,appliancesdirect.co.uk,uk,top1000
51752,macworld.co.uk,uk,top1000
51809,londonmet.ac.uk,uk,top1000
52057,fruugo.co.uk,uk,top1000
52082,thesundaytimes.co.uk,uk,top1000
52154,enterprise.co.uk,uk,top1000
52180,stem.org.uk,uk,top1000
52216,brightnetwork.co.uk,uk,top1000
52257,creativereview.co.uk,uk,top1000
52328,hants.gov.uk,uk,top1000
52449,cinch.co.uk,uk,top1000
52471,dorsetecho.co.uk,uk,top1000
52502,golgoli1.co.uk,uk,top1000
52521,ferrin.uk,uk,top1000
52542,zare.co.uk,uk,top1000
52594,bluelightcard.co.uk,uk,top1000
52651,lut.ac.uk,uk,top1000
52670,clarity-project.co.uk,uk,top1000
52704,nao.org.uk,uk,top1000
52747,topdoctors.co.uk,uk,top1000
52757,getsurrey.co.uk,uk,top1000
52837,golgoli2.co.uk,uk,top1000
53095,bas.ac.uk,uk,top1000
53143,aru.ac.uk,uk,top1000
53147,lawgazette.co.uk,uk,top1000
53265,companycheck.co.uk,uk,top1000
53386,housepricesintheuk.co.uk,uk,top1000
53414,newbalance.co.uk,uk,top1000
53449,inpost.co.uk,uk,top1000
53539,cazoo.co.uk,uk,top1000
53558,as39202.co.uk,uk,top1000
53692,travelmyth.co.uk,uk,top1000
53713,evolveip.uk,uk,top1000
53714,vmo2digital.co.uk,uk,top1000
53720,healthwatchnorthyorkshire.co.uk,uk,top1000
53735,openbanking.org.uk,uk,top1000
53795,lsba.org.uk,uk,top1000
53830,nisti.co.uk,uk,top1000
53900,mistral.co.uk,uk,top1000
54054,domainlore.uk,uk,top1000
54072,savers.co.uk,uk,top1000
54284,savethechildren.org.uk,uk,top1000
54308,healthwatchpeterborough.co.uk,uk,top1000
54348,drinkaware.co.uk,uk,top1000
54412,london.ac.uk,uk,top1000
54444,bradford.ac.uk,uk,top1000
54508,ickly.co.uk,uk,top1000
54532,tsb.co.uk,uk,top1000
54602,ford.co.uk,uk,top1000
54634,stonewall.org.uk,uk,top1000
54643,fowlersparts.co.uk,uk,top1000
54696,leeds.gov.uk,uk,top1000
54745,philips.co.uk,uk,top1000
54757,atlasrust.uk,uk,top1000
54865,starbucks.co.uk,uk,top1000
54908,o2r53ctp.co.uk,uk,top1000
54910,dfs.co.uk,uk,top1000
54970,monsoon.co.uk,uk,top1000
55030,yoursclothing.co.uk,uk,top1000
55041,mercateo.co.uk,uk,top1000
55113,1-grid.co.uk,uk,top1000
55149,southampton.gov.uk,uk,top1000
55253,greybeardconsulting.uk,uk,top1000
55259,foxestalk.co.uk,uk,top1000
55313,simplisafe.co.uk,uk,top1000
55426,barnestennisclub.co.uk,uk,top1000
55462,disneystore.co.uk,uk,top1000
55528,lsbu.ac.uk,uk,top1000
55585,cornwall.gov.uk,uk,top1000
55612,rustoria.uk,uk,top1000
55698,prima.co.uk,uk,top1000
55804,campingandcaravanningclub.co.uk,uk,top1000
56070,smartmetrics.co.uk,uk,top1000
56098,art2arts.co.uk,uk,top1000
56159,nms.ac.uk,uk,top1000
56204,greeneking.co.uk,uk,top1000
56244,westminster.gov.uk,uk,top1000
56305,sciencemuseumgroup.org.uk,uk,top1000
56368,savills.co.uk,uk,top1000
56492,scan.co.uk,uk,top1000
56504,railforums.co.uk,uk,top1000
56594,pharmacy2u.co.uk,uk,top1000
56617,toyota.co.uk,uk,top1000
56620,owlstalk.co.uk,uk,top1000
56651,mhra.gov.uk,uk,top1000
56934,i-a.co.uk,uk,top1000
57022,supremecourt.uk,uk,top1000
57029,foodbank.org.uk,uk,top1000
57052,royalparks.org.uk,uk,top1000
57091,expertreviews.co.uk,uk,top1000
57120,morningstaronline.co.uk,uk,top1000
57154,zoomadog.co.uk,uk,top1000
57169,nestpensions.org.uk,uk,top1000
57171,unificloud.co.uk,uk,top1000
57173,meccanoindex.co.uk,uk,top1000
57222,sayu.co.uk,uk,top1000
57244,wbstudiotour.co.uk,uk,top1000
57313,laredoute.co.uk,uk,top1000
57465,kaleidoscope.co.uk,uk,top1000
57522,timeshighereducation.co.uk,uk,top1000
57557,motorpoint.co.uk,uk,top1000
57704,unitedhosting.co.uk,uk,top1000
57709,guru.net.uk,uk,top1000
57780,londonmuseum.org.uk,uk,top1000
57820,mft.nhs.uk,uk,top1000
57954,costa.co.uk,uk,top1000
57955,fsb.org.uk,uk,top1000
57992,pcadvisor.co.uk,uk,top1000
58050,leedsbeckett.ac.uk,uk,top1000
58081,rsa3dsauth.co.uk,uk,top1000
58172,spurscommunity.co.uk,uk,top1000
58282,glastonburyfestivals.co.uk,uk,top1000
58301,health.org.uk,uk,top1000
58328,canalrivertrust.org.uk,uk,top1000
58354,lakeland.co.uk,uk,top1000
58440,norfolk.gov.uk,uk,top1000
58448,threembb.co.uk,uk,top1000
58546,ladybanana.co.uk,uk,top1000
58621,carcheck.co.uk,uk,top1000
58673,globalnet.co.uk,uk,top1000
58689,studio.co.uk,uk,top1000
58733,curryscloudbackup.co.uk,uk,top1000
58744,graziadaily.co.uk,uk,top1000
58752,dvla.gov.uk,uk,top1000
58905,livenation.co.uk,uk,top1000
59046,susx.ac.uk,uk,top1000
59071,manchester.gov.uk,uk,top1000
59125,magicmadhouse.co.uk,uk,top1000
59136,bmmagazine.co.uk,uk,top1000
59209,honestjohn.co.uk,uk,top1000
59242,nrscotland.gov.uk,uk,top1000
59282,tjc.co.uk,uk,top1000
59329,designingbuildings.co.uk,uk,top1000
59387,warringtonguardian.co.uk,uk,top1000
59399,postcodelottery.co.uk,uk,top1000
59443,countrylife.co.uk,uk,top1000
59505,esphosting.co.uk,uk,top1000
59595,ii.co.uk,uk,top1000
59658,instituteforgovernment.org.uk,uk,top1000
59672,kingsfund.org.uk,uk,top1000
59854,linux.org.uk,uk,top1000
59886,counselling-directory.org.uk,uk,top1000
59894,viovet.co.uk,uk,top1000
59940,bacp.co.uk,uk,top1000
60022,blinds-2go.co.uk,uk,top1000
60071,electoralcommission.org.uk,uk,top1000
60162,southernwater.co.uk,uk,top1000
60183,idealo.co.uk,uk,top1000
60231,moneyadviceservice.org.uk,uk,top1000
60266,creditkarma.co.uk,uk,top1000
60287,allocate-cloud.co.uk,uk,top1000
60454,underarmour.co.uk,uk,top1000
60485,centerparcs.co.uk,uk,top1000
60579,sirsidynix.net.uk,uk,top1000
60629,freeshipping-essential-apps.uk,uk,top1000
60635,repairmywindowsanddoors.co.uk,uk,top1000
60711,honda.co.uk,uk,top1000
60818,streamlinedns.co.uk,uk,top1000
60828,thehalara.co.uk,uk,top1000
60899,arrse.co.uk,uk,top1000
61071,krystal.uk,uk,top1000
61072,keslighting.co.uk,uk,top1000
61073,bristol.gov.uk,uk,top1000
61110,sunderland.ac.uk,uk,top1000
61270,inyourarea.co.uk,uk,top1000
61276,flixbus.co.uk,uk,top1000
61307,bullionbypost.co.uk,uk,top1000
61321,tombola.co.uk,uk,top1000
61381,freeview.co.uk,uk,top1000
61393,itpro.co.uk,uk,top1000
61397,seveninternet.co.uk,uk,top1000
61400,service.nhs.uk,uk,top1000
61447,newsapis.co.uk,uk,top1000
61452,parkdeanresorts.co.uk,uk,top1000
61705,digitalspy.co.uk,uk,top1000
61728,vkvideo.uk,uk,top1000
61760,scotlandspeople.gov.uk,uk,top1000
61828,bowlsresultstwo.co.uk,uk,top1000
61837,tuc.org.uk,uk,top1000
61942,rgu.ac.uk,uk,top1000
62008,europages.co.uk,uk,top1000
62015,entitledto.co.uk,uk,top1000
62018,freebmd.org.uk,uk,top1000
62065,studysmarter.co.uk,uk,top1000
62192,scope.org.uk,uk,top1000
62228,uhi.ac.uk,uk,top1000
62303,kfc.co.uk,uk,top1000
62321,swiftinternet.co.uk,uk,top1000
62429,carmagazine.co.uk,uk,top1000
62465,ids.ac.uk,uk,top1000
62482,walkhighlands.co.uk,uk,top1000
62504,picclick.co.uk,uk,top1000
62539,lcft.org.uk,uk,top1000
62592,avfc.co.uk,uk,top1000
62596,oxfordshire.gov.uk,uk,top1000
62692,camra.org.uk,uk,top1000
62890,femalefirst.co.uk,uk,top1000
62892,rbkc.gov.uk,uk,top1000
62923,hostingsystems.co.uk,uk,top1000
62964,parkers.co.uk,uk,top1000
63008,ruck.co.uk,uk,top1000
63014,pramworld.co.uk,uk,top1000
63018,thebritishacademy.ac.uk,uk,top1000
63030,harpercollins.co.uk,uk,top1000
63122,thomann.co.uk,uk,top1000
63166,nts.org.uk,uk,top1000
63222,thundercloud.uk,uk,top1000
63329,footballwebpages.co.uk,uk,top1000
63406,zazzle.co.uk,uk,top1000
63519,iwf.org.uk,uk,top1000
63526,ok.co.uk,uk,top1000
63640,exchangerates.org.uk,uk,top1000
63679,westelm.co.uk,uk,top1000
63816,adskeeper.co.uk,uk,top1000
63827,royal.gov.uk,uk,top1000
63902,srvrsdns.co.uk,uk,top1000
63985,rsc.org.uk,uk,top1000
63996,plumbworld.co.uk,uk,top1000
63998,crewclothing.co.uk,uk,top1000
64034,verdict.co.uk,uk,top1000
64107,nyacat.uk,uk,top1000
64114,nerc.ac.uk,uk,top1000
64200,gg.co.uk,uk,top1000
64240,banksy.co.uk,uk,top1000
64291,sportsbikeshop.co.uk,uk,top1000
64377,copart.co.uk,uk,top1000
64381,glasgowlive.co.uk,uk,top1000
64414,britishlegion.org.uk,uk,top1000
64537,rcn.org.uk,uk,top1000
64565,crocs.co.uk,uk,top1000
64583,ardennes-etape.co.uk,uk,top1000
64655,ihasco.co.uk,uk,top1000
64761,twtd.co.uk,uk,top1000
64814,omaze.co.uk,uk,top1000
64827,motorhomefun.co.uk,uk,top1000
64830,simplyhired.co.uk,uk,top1000
65293,heart.co.uk,uk,top1000
65484,edikted.co.uk,uk,top1000
67788,showcasecinemas.co.uk,uk,random1000
70037,npsa.gov.uk,uk,random1000
70884,rbge.org.uk,uk,random1000
71190,money.co.uk,uk,random1000
76543,weirdfish.co.uk,uk,random1000
77051,redonline.co.uk,uk,random1000
78960,cumm.co.uk,uk,random1000
81370,freelancer.co.uk,uk,random1000
91002,maplin.co.uk,uk,random1000
94731,stpauls.co.uk,uk,random1000
96212,spartoo.co.uk,uk,random1000
96371,theorytestpro.co.uk,uk,random1000
97876,opsi.gov.uk,uk,random1000
100076,ziprecruiter.co.uk,uk,random1000
100565,vegas-hero.uk,uk,random1000
101524,hsj.co.uk,uk,random1000
102189,josephinesrestaurant.co.uk,uk,random1000
106646,web-studio.co.uk,uk,random1000
107323,easygardenirrigation.co.uk,uk,random1000
110181,artunlimitedshop.co.uk,uk,random1000
114355,unilocal.co.uk,uk,random1000
115126,homebuilding.co.uk,uk,random1000
116121,caelumbee.co.uk,uk,random1000
117493,birminghamairport.co.uk,uk,random1000
117539,pcspecialist.co.uk,uk,random1000
118177,barnet.gov.uk,uk,random1000
118273,livexxxcams.co.uk,uk,random1000
119110,fairtrade.org.uk,uk,random1000
119531,sportwitness.co.uk,uk,random1000
122785,myarredo.uk,uk,random1000
123389,draytek.co.uk,uk,random1000
123854,stwater.co.uk,uk,random1000
124518,haringey.gov.uk,uk,random1000
124756,london-fire.gov.uk,uk,random1000
125933,poundland.co.uk,uk,random1000
130363,bidspotter.co.uk,uk,random1000
131293,solent.ac.uk,uk,random1000
133083,marketing-jobs.co.uk,uk,random1000
133830,simplybearings.co.uk,uk,random1000
134446,londonmarathonevents.co.uk,uk,random1000
134637,suffolk.gov.uk,uk,random1000
135215,mbclub.co.uk,uk,random1000
136810,bdadyslexia.org.uk,uk,random1000
137861,ops2ops.co.uk,uk,random1000
138911,tbtr.co.uk,uk,random1000
139145,cardiffmet.ac.uk,uk,random1000
140805,somerset.gov.uk,uk,random1000
141092,siemens.co.uk,uk,random1000
141188,gap.co.uk,uk,random1000
143554,westberks.gov.uk,uk,random1000
143943,newham.gov.uk,uk,random1000
145496,10bet.co.uk,uk,random1000
148570,rapecrisis.org.uk,uk,random1000
149752,wegotravel.co.uk,uk,random1000
149957,ourtime.co.uk,uk,random1000
150982,smallbusiness.co.uk,uk,random1000
157028,samswindowcleaning.co.uk,uk,random1000
158122,totalstopdamp.co.uk,uk,random1000
162303,onlinecarpets.co.uk,uk,random1000
167104,dudleygraphicsstudio.co.uk,uk,random1000
167406,safe.co.uk,uk,random1000
169182,acorndomains.co.uk,uk,random1000
171263,pajaktoto.org.uk,uk,random1000
178804,hmd.org.uk,uk,random1000
179415,water.org.uk,uk,random1000
182176,switchcarrental.co.uk,uk,random1000
184129,bathroommountain.co.uk,uk,random1000
186281,warrenjames.co.uk,uk,random1000
190003,jsaccessories.co.uk,uk,random1000
191392,healthwatchliverpool.co.uk,uk,random1000
197263,ontrad.co.uk,uk,random1000
198434,audioaffair.co.uk,uk,random1000
204294,bose.co.uk,uk,random1000
204984,whats-on-london.co.uk,uk,random1000
205476,dnsrt.co.uk,uk,random1000
205543,damon.co.uk,uk,random1000
211877,sims.co.uk,uk,random1000
213750,atplonline.co.uk,uk,random1000
216684,nofearbridge.co.uk,uk,random1000
218643,winnerwinnerchickendinner.co.uk,uk,random1000
218949,premiumsound.co.uk,uk,random1000
222334,poetrysociety.org.uk,uk,random1000
223921,web-designerz.co.uk,uk,random1000
224539,wetsuitoutlet.co.uk,uk,random1000
225315,coeliac.org.uk,uk,random1000
227679,zable.co.uk,uk,random1000
227989,tmlewin.co.uk,uk,random1000
228187,lockright.uk,uk,random1000
228326,jomalone.co.uk,uk,random1000
229194,hook--tehran.co.uk,uk,random1000
229315,lifebeforeplastic.co.uk,uk,random1000
230839,citylink.co.uk,uk,random1000
230970,wefixdoubleglazingrepairs.co.uk,uk,random1000
233516,inventivecloud.co.uk,uk,random1000
233763,enterprisetimes.co.uk,uk,random1000
233776,wewillormiston.co.uk,uk,random1000
235650,spellboundbead.co.uk,uk,random1000
236848,stirling.gov.uk,uk,random1000
237645,madesnappy.co.uk,uk,random1000
239502,freshsites.co.uk,uk,random1000
241070,edintattoo.co.uk,uk,random1000
241807,dartscorner.co.uk,uk,random1000
242243,blackpool.gov.uk,uk,random1000
246284,sigur-ros.co.uk,uk,random1000
247799,grs.org.uk,uk,random1000
247916,sonderdigital.co.uk,uk,random1000
248369,movie-trailer.co.uk,uk,random1000
248529,dijobs.co.uk,uk,random1000
249272,overstreet.co.uk,uk,random1000
249422,ci.uk,uk,random1000
252663,rochdaleonline.co.uk,uk,random1000
252984,sextoys.co.uk,uk,random1000
253493,vintageinn.co.uk,uk,random1000
254524,vertbaudet.co.uk,uk,random1000
258920,ukcreams.co.uk,uk,random1000
260458,petertysonelectricals.co.uk,uk,random1000
261382,housingunits.co.uk,uk,random1000
262544,romfordrecorder.co.uk,uk,random1000
264932,rssb.co.uk,uk,random1000
265347,the-times.co.uk,uk,random1000
266202,orr.gov.uk,uk,random1000
266298,pinkcasino.co.uk,uk,random1000
266602,kipling.org.uk,uk,random1000
266788,php-fusion.co.uk,uk,random1000
268117,adjacentoilandgas.co.uk,uk,random1000
270435,offcutsshoes.co.uk,uk,random1000
270439,compass-group.org.uk,uk,random1000
272211,kitchenknives.co.uk,uk,random1000
277538,aub.ac.uk,uk,random1000
278666,mcb.org.uk,uk,random1000
282385,wmc.org.uk,uk,random1000
282413,devon-cornwall.police.uk,uk,random1000
283571,laithwaites.co.uk,uk,random1000
283793,evolutiontlm.co.uk,uk,random1000
285704,bax-shop.co.uk,uk,random1000
286045,miinto.co.uk,uk,random1000
286766,newburytoday.co.uk,uk,random1000
286923,rsb.org.uk,uk,random1000
286942,cordee.co.uk,uk,random1000
287815,chefonline.co.uk,uk,random1000
291187,armedforcescovenant.gov.uk,uk,random1000
292005,workingfamilies.org.uk,uk,random1000
293503,lovereading4kids.co.uk,uk,random1000
294238,maps.org.uk,uk,random1000
295496,printerpix.co.uk,uk,random1000
295507,slough.gov.uk,uk,random1000
296557,windowwizardltd.co.uk,uk,random1000
297074,contact.org.uk,uk,random1000
300578,hlf.org.uk,uk,random1000
301752,gmic.co.uk,uk,random1000
302500,buynames.co.uk,uk,random1000
303707,stepstone.co.uk,uk,random1000
305875,megablock.org.uk,uk,random1000
309027,josephturner.co.uk,uk,random1000
309691,inghams.co.uk,uk,random1000
310304,managedbroadband.co.uk,uk,random1000
310536,timpson.co.uk,uk,random1000
312712,propertyengine.co.uk,uk,random1000
313176,wmjobs.co.uk,uk,random1000
313457,saqnet.co.uk,uk,random1000
314967,festipedia.org.uk,uk,random1000
317550,loho.co.uk,uk,random1000
317699,englishriviera.co.uk,uk,random1000
318047,unilever.co.uk,uk,random1000
320059,provu.co.uk,uk,random1000
322395,melbourne.co.uk,uk,random1000
323211,crochetsociety.co.uk,uk,random1000
324585,marketingmagazine.co.uk,uk,random1000
324890,nationwideplatforms.co.uk,uk,random1000
325963,marwell.org.uk,uk,random1000
326524,supinflatables.co.uk,uk,random1000
326653,2br.co.uk,uk,random1000
327557,roadhouseweekender.co.uk,uk,random1000
328235,fogstar.co.uk,uk,random1000
328325,iii.co.uk,uk,random1000
330735,mortgagestrategy.co.uk,uk,random1000
330868,opobs.co.uk,uk,random1000
330961,andoveradvertiser.co.uk,uk,random1000
335557,homebargains.co.uk,uk,random1000
335566,bsr.ac.uk,uk,random1000
336690,daikin.co.uk,uk,random1000
338850,ifreeicloud.co.uk,uk,random1000
338869,eigpropertyauctions.co.uk,uk,random1000
340098,moggers.co.uk,uk,random1000
345754,lockmaster.co.uk,uk,random1000
347517,hpi.co.uk,uk,random1000
348498,cliftoncameras.co.uk,uk,random1000
349169,hial.co.uk,uk,random1000
349365,royalfinder.uk,uk,random1000
349575,dailyview.uk,uk,random1000
350299,esources.co.uk,uk,random1000
353357,intotheblue.co.uk,uk,random1000
355365,londonacemarket.uk,uk,random1000
355501,choicemedia.uk,uk,random1000
355651,britfruitoffice.uk,uk,random1000
356159,magnet.co.uk,uk,random1000
357754,expresspublishing.co.uk,uk,random1000
358280,choiceworld.uk,uk,random1000
360108,clubright.co.uk,uk,random1000
360146,crewechronicle.co.uk,uk,random1000
360358,swiftcenter.uk,uk,random1000
360386,royalmarket.uk,uk,random1000
361441,kylebooks.co.uk,uk,random1000
361725,urbanroulettespace.uk,uk,random1000
364056,21.co.uk,uk,random1000
364790,charityclarity.org.uk,uk,random1000
365186,lapz.co.uk,uk,random1000
366186,marketstudio.uk,uk,random1000
367571,benenden.co.uk,uk,random1000
368434,londonvipcorner.uk,uk,random1000
368494,blueagency.uk,uk,random1000
370085,urbanpokerbase.uk,uk,random1000
370923,osteopathy.org.uk,uk,random1000
371008,britgamespoint.uk,uk,random1000
371664,networklab.uk,uk,random1000
371756,bcorporation.uk,uk,random1000
372042,urbanbetszone.uk,uk,random1000
372199,defibshop.co.uk,uk,random1000
372397,superleague.co.uk,uk,random1000
373107,meccahosting.co.uk,uk,random1000
373124,24host.uk,uk,random1000
373147,urbanbetsguide.uk,uk,random1000
375151,earthsight.org.uk,uk,random1000
375403,signalplace.uk,uk,random1000
375576,clubplace.uk,uk,random1000
378332,fineandcountry.co.uk,uk,random1000
378468,silkcitylinens.co.uk,uk,random1000
378969,shetland.gov.uk,uk,random1000
379069,butterfliesbereavement.co.uk,uk,random1000
379126,dailyfruitinsight.uk,uk,random1000
379446,urbangamesspace.uk,uk,random1000
380547,tellows.co.uk,uk,random1000
381258,littleblockshop.co.uk,uk,random1000
383061,carreg.co.uk,uk,random1000
385564,urbanbetsnetwork.uk,uk,random1000
387420,standpointmag.co.uk,uk,random1000
388393,theartshopskipton.co.uk,uk,random1000
388911,bowsbabyboutique.co.uk,uk,random1000
389446,connectguide.uk,uk,random1000
389890,sincordia.co.uk,uk,random1000
390144,deedeewilde.co.uk,uk,random1000
390562,woking.gov.uk,uk,random1000
390662,bobababy.co.uk,uk,random1000
391986,openconnect.uk,uk,random1000
392004,urbanluckzone.uk,uk,random1000
392635,urbanbetspoint.uk,uk,random1000
393811,ukspeaks.co.uk,uk,random1000
396167,cotswoldwildlifepark.co.uk,uk,random1000
396494,officeinnovation.co.uk,uk,random1000
397943,londonclubsource.uk,uk,random1000
398950,halstedresearch.org.uk,uk,random1000
401113,expertagent.co.uk,uk,random1000
401473,davidsilverspares.co.uk,uk,random1000
402625,ktecplumbinganddrainageltd.co.uk,uk,random1000
404514,modern-doors.co.uk,uk,random1000
404983,swanagerailway.co.uk,uk,random1000
406457,urbangamesview.uk,uk,random1000
408124,mobileeurope.co.uk,uk,random1000
410826,redstation.co.uk,uk,random1000
411077,5valleycatrescue.co.uk,uk,random1000
412522,sistersite.co.uk,uk,random1000
412753,eastfootball.co.uk,uk,random1000
413069,hiltongarage.co.uk,uk,random1000
422786,reigate-banstead.gov.uk,uk,random1000
423814,portalservice.uk,uk,random1000
424930,aib.gov.uk,uk,random1000
425067,londoncheesemongers.co.uk,uk,random1000
426062,sweetconstruct.co.uk,uk,random1000
428174,rivermarket.uk,uk,random1000
429166,teameducate.co.uk,uk,random1000
432979,learninghub.nhs.uk,uk,random1000
433084,digitalsource.uk,uk,random1000
433431,londonbetplace.uk,uk,random1000
433968,gardenhirespares.co.uk,uk,random1000
434779,zeekservers.co.uk,uk,random1000
434814,winnerproject.uk,uk,random1000
434821,casinoechoesdaily.co.uk,uk,random1000
437570,britfortunesolutions.uk,uk,random1000
439818,vehiclescore.co.uk,uk,random1000
441244,urbanjackpotservice.uk,uk,random1000
443554,vanstyle.co.uk,uk,random1000
444294,thevirtualmall.co.uk,uk,random1000
444932,lingerie.co.uk,uk,random1000
446453,gundogtrainingforum.co.uk,uk,random1000
446882,londonjackpotlab.uk,uk,random1000
446955,valuestore.uk,uk,random1000
447204,liverpoolcityregion-ca.gov.uk,uk,random1000
447266,reelreport.co.uk,uk,random1000
447326,iosh.co.uk,uk,random1000
447533,urbanslotsinsight.uk,uk,random1000
447985,elegantresorts.co.uk,uk,random1000
448838,buxtonoperahouse.org.uk,uk,random1000
450892,slroc.co.uk,uk,random1000
450994,leedr-project.co.uk,uk,random1000
452667,liveres.co.uk,uk,random1000
452768,londonbonussource.uk,uk,random1000
455404,londonwheeltoday.uk,uk,random1000
455791,finebedding.co.uk,uk,random1000
456420,scrt.co.uk,uk,random1000
456744,britarenagate.uk,uk,random1000
457386,myjuniper.co.uk,uk,random1000
457483,booths.co.uk,uk,random1000
457544,goodhousekeeping.co.uk,uk,random1000
457553,studioguide.uk,uk,random1000
459975,londondiceagency.uk,uk,random1000
462310,zoro.co.uk,uk,random1000
464142,onlinedesk.uk,uk,random1000
464697,www-com.co.uk,uk,random1000
468385,slotbuzzhub.co.uk,uk,random1000
469298,fruitreview.uk,uk,random1000
469731,manheim.co.uk,uk,random1000
469828,nth.nhs.uk,uk,random1000
470107,londonroyalguide.uk,uk,random1000
470268,maxadkbi.uk,uk,random1000
470336,craftyneonsigns.co.uk,uk,random1000
471056,studiotoday.uk,uk,random1000
471484,freshslotbridge.uk,uk,random1000
471758,davidskendall.co.uk,uk,random1000
473403,housingjigsaw.co.uk,uk,random1000
474686,maplefocus.uk,uk,random1000
474751,lifeagency.uk,uk,random1000
476050,mokh.uk,uk,random1000
476465,surreycomet.co.uk,uk,random1000
476492,visioncenter.uk,uk,random1000
477135,choicereview.uk,uk,random1000
477721,clarkesgolf.co.uk,uk,random1000
478328,steveneagell.co.uk,uk,random1000
478508,futureagency.uk,uk,random1000
479345,pokernetwork.uk,uk,random1000
479408,wildcollective.uk,uk,random1000
479543,britprizepulse.uk,uk,random1000
481350,londonvipchoice.uk,uk,random1000
481750,sexmog.co.uk,uk,random1000
482155,halloweencostumes.co.uk,uk,random1000
482941,britdicecenter.uk,uk,random1000
483259,gbgb.org.uk,uk,random1000
483775,kinkie.co.uk,uk,random1000
484054,salceyforestnursery.co.uk,uk,random1000
484908,celticway.co.uk,uk,random1000
485535,thinq.co.uk,uk,random1000
487259,reelsagency.uk,uk,random1000
487712,londonclassicjournal.uk,uk,random1000
488363,globalonline.uk,uk,random1000
489037,pokerview.uk,uk,random1000
489158,single-bet-calculator-free.uk,uk,random1000
489795,harwichandmanningtreestandard.co.uk,uk,random1000
489910,britbetsolutions.uk,uk,random1000
490346,lug.org.uk,uk,random1000
490942,riseapps.uk,uk,random1000
491017,londonloungefocus.uk,uk,random1000
491125,mapleinsight.uk,uk,random1000
491677,simpsonheritage.org.uk,uk,random1000
491809,londonclassicstudio.uk,uk,random1000
492183,poodle-owners.co.uk,uk,random1000
492342,britclassichouse.uk,uk,random1000
492356,londonslotsmarket.uk,uk,random1000
492905,londonmegashop.uk,uk,random1000
493491,britaceguide.uk,uk,random1000
493528,britcasinogate.uk,uk,random1000
494275,londonloungeagency.uk,uk,random1000
494403,santapod.co.uk,uk,random1000
494926,frankibaker.co.uk,uk,random1000
495148,christy.co.uk,uk,random1000
495705,britgoldhouse.uk,uk,random1000
495807,britluckyshop.uk,uk,random1000
496107,bravosolution.co.uk,uk,random1000
496157,hendersonchambers.co.uk,uk,random1000
496498,londoncashguide.uk,uk,random1000
496672,freeths.co.uk,uk,random1000
496887,urbanluckbase.uk,uk,random1000
497043,smartreelsview.uk,uk,random1000
497629,londonacestore.uk,uk,random1000
497660,dailyjackpotlab.uk,uk,random1000
497830,britslotsplace.uk,uk,random1000
498071,londonsupertoday.uk,uk,random1000
498191,urbanbonusproject.uk,uk,random1000
498205,eastplace.uk,uk,random1000
498674,ekmsystems.co.uk,uk,random1000
499022,londongameschoice.uk,uk,random1000
499070,mediacenter.uk,uk,random1000
499085,southsource.uk,uk,random1000
499115,britvaultconnect.uk,uk,random1000
499349,londonslotsdesk.uk,uk,random1000
499876,westsource.uk,uk,random1000
500689,instyle.co.uk,uk,random1000
500768,dailyfinder.uk,uk,random1000
500829,primecasinomarket.uk,uk,random1000
501771,universalautoelectrics.co.uk,uk,random1000
502604,primebetsagency.uk,uk,random1000
503682,bluearrow.co.uk,uk,random1000
504411,fossedata.co.uk,uk,random1000
504903,dailyvipcenter.uk,uk,random1000
505063,urbanslotsagency.uk,uk,random1000
505326,craftagency.uk,uk,random1000
505357,alphafx.co.uk,uk,random1000
505486,britspinbridge.uk,uk,random1000
506302,moneyclaim.gov.uk,uk,random1000
506540,portalshop.uk,uk,random1000
507497,expertworld.uk,uk,random1000
508078,acestudio.uk,uk,random1000
508541,je-hosting.co.uk,uk,random1000
508569,lifefocus.uk,uk,random1000
508693,smartpokerpoint.uk,uk,random1000
509159,urbanplaydirect.uk,uk,random1000
509179,londonjackpotnetwork.uk,uk,random1000
509434,choicedesk.uk,uk,random1000
510526,freshhouse.uk,uk,random1000
510645,londonspinpulse.uk,uk,random1000
510675,riverlab.uk,uk,random1000
510870,londonwilddesk.uk,uk,random1000
511255,londonslotsplace.uk,uk,random1000
511294,londonclubtoday.uk,uk,random1000
511667,networkcenter.uk,uk,random1000
512569,aceworks.uk,uk,random1000
514947,primeplaycorner.uk,uk,random1000
515320,londonmegalab.uk,uk,random1000
515341,aleph1.co.uk,uk,random1000
515667,airporttaximanchester.co.uk,uk,random1000
515794,arenachoice.uk,uk,random1000
516601,fish4.co.uk,uk,random1000
516855,smartloungeonline.uk,uk,random1000
517768,urbanjackpotplace.uk,uk,random1000
517890,vinipuxv.co.uk,uk,random1000
519395,techias.co.uk,uk,random1000
520366,networkproject.uk,uk,random1000
520838,classicconnect.uk,uk,random1000
520850,freshjackpotcorner.uk,uk,random1000
521245,britrouletteshop.uk,uk,random1000
521301,richardhaworth.co.uk,uk,random1000
521896,hallmark.co.uk,uk,random1000
522619,primewheelview.uk,uk,random1000
523280,britplaymedia.uk,uk,random1000
524319,chathamhouse.org.uk,uk,random1000
524338,myshishapen.co.uk,uk,random1000
524918,duntery.uk,uk,random1000
525014,riverstudio.uk,uk,random1000
525180,londonroulettemarket.uk,uk,random1000
525265,dailybetbridge.uk,uk,random1000
525293,jackpotdigesthub.co.uk,uk,random1000
526021,britspinfocus.uk,uk,random1000
526349,wildview.uk,uk,random1000
526439,primereelstoday.uk,uk,random1000
526457,londonclassicgate.uk,uk,random1000
526483,westbase.uk,uk,random1000
526742,ncefl.org.uk,uk,random1000
526783,londonvaultdesk.uk,uk,random1000
527005,britwheelgroup.uk,uk,random1000
527141,simplehub.uk,uk,random1000
527930,moderncoinplace.uk,uk,random1000
528728,britacespace.uk,uk,random1000
529233,britwildpoint.uk,uk,random1000
529843,jcjewels.co.uk,uk,random1000
530034,moderncashchoice.uk,uk,random1000
530084,forestdirect.uk,uk,random1000
530531,goldenoffice.uk,uk,random1000
530674,glasses2you.co.uk,uk,random1000
530798,lvlupgaming.co.uk,uk,random1000
531008,invisioncommunity.co.uk,uk,random1000
531224,britpromopoint.uk,uk,random1000
531611,urbancasinoguide.uk,uk,random1000
532049,britslotplace.uk,uk,random1000
532758,urbanloungegroup.uk,uk,random1000
533439,ttsh.uk,uk,random1000
533721,novunapersonalfinance.co.uk,uk,random1000
533729,westshop.uk,uk,random1000
534063,frontline-safety.co.uk,uk,random1000
534086,spinjournal.uk,uk,random1000
534217,modernbonusview.uk,uk,random1000
534722,modernwinnerworld.uk,uk,random1000
534997,britcasinofocus.uk,uk,random1000
535370,smartwinnerreview.uk,uk,random1000
535428,betcorner.uk,uk,random1000
535763,slotsstudio.uk,uk,random1000
536526,londonpromostore.uk,uk,random1000
536545,ic24.uk,uk,random1000
538896,vaultjournal.uk,uk,random1000
538904,heritagecrafts.org.uk,uk,random1000
539376,primebingobridge.uk,uk,random1000
540292,primevaulthub.uk,uk,random1000
540651,hansonsauctioneers.co.uk,uk,random1000
541292,isambard.ac.uk,uk,random1000
541491,fitnesspartsdirect.co.uk,uk,random1000
541741,dailyfruitjournal.uk,uk,random1000
542131,smartplayspace.uk,uk,random1000
542147,slotboss.co.uk,uk,random1000
542508,urbanprizelink.uk,uk,random1000
543206,harlow.gov.uk,uk,random1000
543368,bsg.org.uk,uk,random1000
544395,dailyroyalcenter.uk,uk,random1000
544608,dailyspingroup.uk,uk,random1000
544755,urbanslotsgate.uk,uk,random1000
545536,luckstudio.uk,uk,random1000
545800,smartreelgroup.uk,uk,random1000
546014,primegoldworks.uk,uk,random1000
546601,a1dampproofingsolutions.co.uk,uk,random1000
547544,dailybetreview.uk,uk,random1000
547623,shoeburynesshigh.co.uk,uk,random1000
548199,smartslotgroup.uk,uk,random1000
548707,mensa.org.uk,uk,random1000
548951,mtishows.co.uk,uk,random1000
549012,casinostreamupdate.co.uk,uk,random1000
549050,britclassiclab.uk,uk,random1000
549055,urbanpromonetwork.uk,uk,random1000
549229,freshslotlink.uk,uk,random1000
549713,modernbetsnetwork.uk,uk,random1000
549840,britvipcenter.uk,uk,random1000
551005,arenaonline.uk,uk,random1000
551816,londonsuperservice.uk,uk,random1000
552462,modernmegamarket.uk,uk,random1000
552501,betchoice.uk,uk,random1000
552791,dailycasinocorner.uk,uk,random1000
552861,ovoarena.co.uk,uk,random1000
552899,web-telegram.uk,uk,random1000
552903,londonloungebridge.uk,uk,random1000
553829,wrexhamafcservices.co.uk,uk,random1000
553924,spinfinder.uk,uk,random1000
554273,modernwinnerfocus.uk,uk,random1000
554399,luckjournal.uk,uk,random1000
554849,fortuneworld.uk,uk,random1000
554946,creativeboostplatinum.co.uk,uk,random1000
555161,1link.co.uk,uk,random1000
555212,southwarkplayhouse.co.uk,uk,random1000
555228,casinomedia.uk,uk,random1000
555289,britpokerservice.uk,uk,random1000
555338,promostudio.uk,uk,random1000
556388,modernclubbase.uk,uk,random1000
556435,globalzone.uk,uk,random1000
556454,dailybonusmarket.uk,uk,random1000
556631,britplaystore.uk,uk,random1000
557112,smartloungecenter.uk,uk,random1000
557314,sticky-stuff.co.uk,uk,random1000
560404,britwildpulse.uk,uk,random1000
560712,britluckymedia.uk,uk,random1000
560738,jackpotsolutions.uk,uk,random1000
561171,smartwildsource.uk,uk,random1000
561865,stakelink.uk,uk,random1000
563844,tanks-direct.co.uk,uk,random1000
564176,britreelmedia.uk,uk,random1000
564583,modernpromobridge.uk,uk,random1000
565462,middevon.gov.uk,uk,random1000
565515,luckyplace.uk,uk,random1000
565521,smartreelsmedia.uk,uk,random1000
566026,ip138.uk,uk,random1000
566399,fruitinsight.uk,uk,random1000
566478,ninjawarrioruk.co.uk,uk,random1000
566497,primesuperworks.uk,uk,random1000
566611,britluckyservice.uk,uk,random1000
566661,promocollective.uk,uk,random1000
566938,charity-commission.gov.uk,uk,random1000
567490,ragi.co.uk,uk,random1000
567744,britarenaview.uk,uk,random1000
568115,birketts.co.uk,uk,random1000
568194,brayleys.co.uk,uk,random1000
569085,modernrouletteshop.uk,uk,random1000
569244,primegamesstore.uk,uk,random1000
569551,modernaceguide.uk,uk,random1000
569727,modernbonussolutions.uk,uk,random1000
569824,omagh-jobs.co.uk,uk,random1000
569881,bingotoday.uk,uk,random1000
569913,freshspininsight.uk,uk,random1000
570440,britbetssolutions.uk,uk,random1000
570492,dailydicemedia.uk,uk,random1000
570551,britreelconnect.uk,uk,random1000
570612,urbanbonusguide.uk,uk,random1000
570641,maplemarket.uk,uk,random1000
570690,torbayweekly.co.uk,uk,random1000
571172,britclassicstore.uk,uk,random1000
571227,walklakes.co.uk,uk,random1000
572343,britcoindesk.uk,uk,random1000
572602,urbanvipview.uk,uk,random1000
572717,conveniencestore.co.uk,uk,random1000
572968,ldmhosting.co.uk,uk,random1000
573048,britbingotoday.uk,uk,random1000
573626,casinomarket.uk,uk,random1000
573661,hobbii.co.uk,uk,random1000
574223,modernplaypulse.uk,uk,random1000
574456,londonroulettesolutions.uk,uk,random1000
574991,modernvipmarket.uk,uk,random1000
575183,britprizecenter.uk,uk,random1000
575482,britslotsagency.uk,uk,random1000
576085,modernspinhouse.uk,uk,random1000
576588,britclassicmarket.uk,uk,random1000
576626,southmedia.uk,uk,random1000
577024,britbetsjournal.uk,uk,random1000
577935,wheelmarket.uk,uk,random1000
578188,pokertoday.uk,uk,random1000
579050,primepokerstudio.uk,uk,random1000
579153,healthshield.co.uk,uk,random1000
580378,londonjackpotservice.uk,uk,random1000
580469,theflowershoponline.co.uk,uk,random1000
581417,modernreelfocus.uk,uk,random1000
581633,lifestylegiftcards.co.uk,uk,random1000
582628,primebetszone.uk,uk,random1000
582845,primeluckyworks.uk,uk,random1000
583229,moderncasinoshop.uk,uk,random1000
583237,londonbetslink.uk,uk,random1000
583536,outletweb.co.uk,uk,random1000
583607,britvipguide.uk,uk,random1000
584042,moderncoinonline.uk,uk,random1000
584474,heating2go.co.uk,uk,random1000
584810,derbyscc.org.uk,uk,random1000
585707,britbonusshop.uk,uk,random1000
585777,berkshirehealthcare.nhs.uk,uk,random1000
586318,chipsaway.co.uk,uk,random1000
587558,staractionfigures.co.uk,uk,random1000
588128,reteachingresources.co.uk,uk,random1000
588260,dailybetlab.uk,uk,random1000
589058,modernfortuneshop.uk,uk,random1000
589176,croftmill.co.uk,uk,random1000
589871,primefruitchoice.uk,uk,random1000
590403,primedicecenter.uk,uk,random1000
590441,dailyjackpotsolutions.uk,uk,random1000
590473,londonslotslab.uk,uk,random1000
590573,morehandles.co.uk,uk,random1000
590685,britslotzone.uk,uk,random1000
590712,port-vale.co.uk,uk,random1000
591167,alliancenational.co.uk,uk,random1000
591951,primeaceworld.uk,uk,random1000
592006,dailycashtoday.uk,uk,random1000
592231,modernbingopulse.uk,uk,random1000
594111,dailyprizeconnect.uk,uk,random1000
594221,urbanarenasolutions.uk,uk,random1000
594830,smartwildlink.uk,uk,random1000
595084,westhamonline.co.uk,uk,random1000
595751,modernvipnetwork.uk,uk,random1000
596103,allenmotorgroup.co.uk,uk,random1000
596360,bmgardenbuildings.co.uk,uk,random1000
600315,ukturning.co.uk,uk,random1000
600820,loungedesk.uk,uk,random1000
600877,british-sign.co.uk,uk,random1000
601743,britprizejournal.uk,uk,random1000
602188,primefruithouse.uk,uk,random1000
602275,roulettestudio.uk,uk,random1000
602765,smartbetpoint.uk,uk,random1000
602848,freshbonussource.uk,uk,random1000
603721,freshspincenter.uk,uk,random1000
603938,urbangamingcenter.uk,uk,random1000
604034,cove.co.uk,uk,random1000
605953,dailypokerfocus.uk,uk,random1000
606248,modernluckconnect.uk,uk,random1000
606385,londonslotsguide.uk,uk,random1000
606988,ledtechnologies.co.uk,uk,random1000
608096,atkinandthyme.co.uk,uk,random1000
608621,therrc.co.uk,uk,random1000
608739,britluckstudio.uk,uk,random1000
608969,gmmh.nhs.uk,uk,random1000
608993,smartplaydesk.uk,uk,random1000
609034,britsuperagency.uk,uk,random1000
610606,gaiaschool.org.uk,uk,random1000
610785,interoute.net.uk,uk,random1000
611315,primemegalab.uk,uk,random1000
612596,britclassictoday.uk,uk,random1000
613239,sundownadventureland.co.uk,uk,random1000
613539,londonstakesource.uk,uk,random1000
613672,primewinnersource.uk,uk,random1000
615639,wearewoodcp.co.uk,uk,random1000
615713,egorestaurants.co.uk,uk,random1000
615873,modernfortuneguide.uk,uk,random1000
616032,modernrouletteinsight.uk,uk,random1000
616526,stakehub.uk,uk,random1000
617415,footprint2.co.uk,uk,random1000
617677,nokia.co.uk,uk,random1000
618913,modernwinnerlab.uk,uk,random1000
620481,britishpneumatics.co.uk,uk,random1000
620728,urbanslotview.uk,uk,random1000
621293,moderncashlink.uk,uk,random1000
621320,urbanacecenter.uk,uk,random1000
621485,solware.co.uk,uk,random1000
621505,modernbetslab.uk,uk,random1000
621892,modernreelsplace.uk,uk,random1000
622412,stakefocus.uk,uk,random1000
623010,tnamedical.co.uk,uk,random1000
623350,fruitworld.uk,uk,random1000
623363,adepthost.co.uk,uk,random1000
624427,roulettestore.uk,uk,random1000
624474,primeluckhouse.uk,uk,random1000
624701,frive.co.uk,uk,random1000
625150,londonbonusfocus.uk,uk,random1000
625160,britjackpotstudio.uk,uk,random1000
626090,londoncoinproject.uk,uk,random1000
626129,yazaebalsyadelatproxy.uk,uk,random1000
626636,biggleswadeskiphire.co.uk,uk,random1000
626769,beatlottery.co.uk,uk,random1000
626873,wentronic.co.uk,uk,random1000
627196,smartrouletteagency.uk,uk,random1000
627348,britcashworks.uk,uk,random1000
627446,gts3.co.uk,uk,random1000
627601,mackbooks.co.uk,uk,random1000
628278,moderngamingreview.uk,uk,random1000
628569,freshspinservice.uk,uk,random1000
629949,modernacedesk.uk,uk,random1000
631166,urbanclubbridge.uk,uk,random1000
631216,modernreelspoint.uk,uk,random1000
631900,echoraid.co.uk,uk,random1000
632318,24mx.co.uk,uk,random1000
633261,smartstakespace.uk,uk,random1000
634904,priceflopper.co.uk,uk,random1000
635106,scoriff.co.uk,uk,random1000
636700,bingofocus.uk,uk,random1000
637191,raseedsk.uk,uk,random1000
637495,urbanwinnerservice.uk,uk,random1000
637579,officiallondontheatre.co.uk,uk,random1000
638078,hiringpeople.co.uk,uk,random1000
638558,bargainvapeshop.co.uk,uk,random1000
638924,wwutilities.co.uk,uk,random1000
639148,barcare.co.uk,uk,random1000
640216,hatchtalk.co.uk,uk,random1000
640871,britaceproject.uk,uk,random1000
641944,dualtron.uk,uk,random1000
641995,britstakebridge.uk,uk,random1000
642021,critichq.co.uk,uk,random1000
642150,soundsurvey.org.uk,uk,random1000
642520,dailybingoservice.uk,uk,random1000
643911,maryberry.co.uk,uk,random1000
645224,inlandhomes.co.uk,uk,random1000
645490,urbancointoday.uk,uk,random1000
646340,modernacejournal.uk,uk,random1000
646715,urbangoldfinder.uk,uk,random1000
646768,primeslotsview.uk,uk,random1000
647051,luxuryrugshop.co.uk,uk,random1000
647106,modernspinservice.uk,uk,random1000
647514,roulettesolutions.uk,uk,random1000
648170,pureii-hosting.co.uk,uk,random1000
648228,acklo.co.uk,uk,random1000
648247,smartgamingproject.uk,uk,random1000
648978,betterplaneteducation.org.uk,uk,random1000
649231,smartroulettedirect.uk,uk,random1000
649590,urbangaminghouse.uk,uk,random1000
650247,hackneylocaloffer.co.uk,uk,random1000
650369,smartbingosolutions.uk,uk,random1000
650523,londonwheelspace.uk,uk,random1000
650769,londonbetbridge.uk,uk,random1000
650982,londonbetsstore.uk,uk,random1000
650992,treaclefactory.co.uk,uk,random1000
651509,signalbeat.co.uk,uk,random1000
652035,bravovoucher.co.uk,uk,random1000
655767,modernclassicinsight.uk,uk,random1000
657645,primegamingdirect.uk,uk,random1000
659718,sister-sites.co.uk,uk,random1000
660542,urbanplayjournal.uk,uk,random1000
661439,webdesignmk.co.uk,uk,random1000
662157,londonpokersource.uk,uk,random1000
662277,primesupershop.uk,uk,random1000
662330,londonwinnerzone.uk,uk,random1000
662495,bfweb.co.uk,uk,random1000
662812,britspinlink.uk,uk,random1000
663108,hr-inform.co.uk,uk,random1000
663458,vaccinewatch.co.uk,uk,random1000
663971,westernmorningnews.co.uk,uk,random1000
664278,arctimes.co.uk,uk,random1000
665613,elizabetharden.co.uk,uk,random1000
665956,musingsandmoments.co.uk,uk,random1000
665957,ncsct.co.uk,uk,random1000
665965,shapene.co.uk,uk,random1000
665994,modernpromotoday.uk,uk,random1000
666430,patchbuild.co.uk,uk,random1000
666469,smartgameshouse.uk,uk,random1000
666670,whf-hydro.co.uk,uk,random1000
666889,hardill.me.uk,uk,random1000
667561,worm.co.uk,uk,random1000
667989,allbarone.co.uk,uk,random1000
668268,londonacebase.uk,uk,random1000
668297,allinclusivehosting.co.uk,uk,random1000
668745,modernsuperworld.uk,uk,random1000
669470,tcpa.org.uk,uk,random1000
669830,kentwildlifetrust.org.uk,uk,random1000
671558,primeprizeworld.uk,uk,random1000
674605,primereelscenter.uk,uk,random1000
675034,londonvaultmedia.uk,uk,random1000
676014,keithcirkel.co.uk,uk,random1000
676111,farmhouse-biscuits.co.uk,uk,random1000
676296,star-one.org.uk,uk,random1000
677585,smartpokerguide.uk,uk,random1000
678791,westfocus.uk,uk,random1000
679252,modernjackpotlink.uk,uk,random1000
679261,officefurnitureonline.co.uk,uk,random1000
679817,shadowood.co.uk,uk,random1000
682392,technollama.co.uk,uk,random1000
682604,sec-ed.co.uk,uk,random1000
682965,rugby-heaven.co.uk,uk,random1000
683246,theaic.co.uk,uk,random1000
683258,creativeasset.uk,uk,random1000
683950,gridsite.uk,uk,random1000
684416,journaltocs.ac.uk,uk,random1000
684818,legalcentre.co.uk,uk,random1000
684934,wetroomsdesign.co.uk,uk,random1000
685365,smartpromomarket.uk,uk,random1000
686292,urbanvippoint.uk,uk,random1000
686424,liverpooldailypost.co.uk,uk,random1000
687513,thisisleicestershire.co.uk,uk,random1000
688561,agcc.co.uk,uk,random1000
688998,healthera.co.uk,uk,random1000
691424,sadda.co.uk,uk,random1000
691979,urbanreelinsight.uk,uk,random1000
693352,bellissima-brides.co.uk,uk,random1000
694504,urbanfortunepulse.uk,uk,random1000
694546,chiswickauctions.co.uk,uk,random1000
695456,wearevennture.co.uk,uk,random1000
696807,urbanwildfocus.uk,uk,random1000
700821,visionrcl.org.uk,uk,random1000
700914,bluebirdcare.co.uk,uk,random1000
701113,urbanreelsnetwork.uk,uk,random1000
702390,rightsnet.org.uk,uk,random1000
703263,urbanmegareview.uk,uk,random1000
704347,cerebra.org.uk,uk,random1000
705084,staffrescue.co.uk,uk,random1000
706401,carpartswarehouse.co.uk,uk,random1000
707474,urbanslotsmedia.uk,uk,random1000
707507,bba.org.uk,uk,random1000
707825,urbanloungeworld.uk,uk,random1000
707854,northshoes.co.uk,uk,random1000
709216,derbyjobs.co.uk,uk,random1000
710412,sheffcol.ac.uk,uk,random1000
712326,bigandtallmenswear.co.uk,uk,random1000
713107,slotsinsightdigest.co.uk,uk,random1000
713568,ultimatebrowser.co.uk,uk,random1000
713666,aibni.co.uk,uk,random1000
717624,name-dns.co.uk,uk,random1000
719746,fabricgodmother.co.uk,uk,random1000
720054,dressinghive.co.uk,uk,random1000
722066,urbanwheeljournal.uk,uk,random1000
724711,exeterchiefs.co.uk,uk,random1000
726207,newmp.org.uk,uk,random1000
728564,urbanmegaconnect.uk,uk,random1000
731746,jkmedia.uk,uk,random1000
731751,recportal.co.uk,uk,random1000
732597,gauntfrancis.co.uk,uk,random1000
734645,britishwool.org.uk,uk,random1000
737841,apil.org.uk,uk,random1000
739269,theedgesusu.co.uk,uk,random1000
739331,luu.org.uk,uk,random1000
739561,stormcompetitions.co.uk,uk,random1000
740580,tradesuperstoreonline.co.uk,uk,random1000
741506,nederlander.co.uk,uk,random1000
742279,marmite.co.uk,uk,random1000
742561,exup1000.co.uk,uk,random1000
742929,bigdomains.co.uk,uk,random1000
743119,theweddingsecret.co.uk,uk,random1000
743517,anchorgazette.co.uk,uk,random1000
744511,chaosads.co.uk,uk,random1000
745760,pgmerlin.co.uk,uk,random1000
746793,unifresher.co.uk,uk,random1000
747519,unum.co.uk,uk,random1000
748557,esd.org.uk,uk,random1000
749315,ijtdirect.co.uk,uk,random1000
749409,zibainsurance.co.uk,uk,random1000
749655,purplegoat.co.uk,uk,random1000
749786,tt-systems.co.uk,uk,random1000
763603,beefeatergrillrewardclub.co.uk,uk,random1000
764004,best4flooring.co.uk,uk,random1000
764262,betahoy.co.uk,uk,random1000
765288,birdtrek.co.uk,uk,random1000
766950,britishmalayali.co.uk,uk,random1000
768891,cartaxcheck.co.uk,uk,random1000
769041,cashasap.co.uk,uk,random1000
771367,cleens.co.uk,uk,random1000
773809,cumbriachoice.org.uk,uk,random1000
776079,digitalmove.co.uk,uk,random1000
781392,evanshaw.co.uk,uk,random1000
799064,kenthomechoice.org.uk,uk,random1000
806914,master-auto-glass.co.uk,uk,random1000
808699,mgplogistics.co.uk,uk,random1000
809919,mobilitygiant.co.uk,uk,random1000
815465,nursingprogresslog.co.uk,uk,random1000
815522,nutshell-insure.co.uk,uk,random1000
816748,onesteploan.uk,uk,random1000
820644,pickdeals.co.uk,uk,random1000
823199,project-dark.co.uk,uk,random1000
823377,protectionplatform.co.uk,uk,random1000
824447,quadlockcase.co.uk,uk,random1000
827841,rsportal.org.uk,uk,random1000
830543,selectmove.co.uk,uk,random1000
833434,smartdriving.co.uk,uk,random1000
836908,swimclubmanager.co.uk,uk,random1000
854392,eveappeal.org.uk,uk,random1000
855643,doctor-london.co.uk,uk,random1000
857164,7xxxbluefilm.co.uk,uk,random1000
857917,enenet.co.uk,uk,random1000
858837,theinternet.org.uk,uk,random1000
859028,tiger-computing.co.uk,uk,random1000
860868,glasgowclyde.ac.uk,uk,random1000
866114,telegram.uk,uk,random1000
866345,londonclubdesk.uk,uk,random1000
866939,londonartfair.co.uk,uk,random1000
868590,heavyhydraulics.co.uk,uk,random1000
871467,insynch.co.uk,uk,random1000
873159,thisisliveart.co.uk,uk,random1000
873238,landownerproducts.co.uk,uk,random1000
874182,essens.co.uk,uk,random1000
875218,bristolwater.co.uk,uk,random1000
876712,powerbody.co.uk,uk,random1000
877247,workplace-products.co.uk,uk,random1000
878501,mlbuildersandsons.co.uk,uk,random1000
881692,collectionstrust.org.uk,uk,random1000
882183,westernthunder.co.uk,uk,random1000
882678,wildcamping.co.uk,uk,random1000
883785,titantravel.co.uk,uk,random1000
884427,motorguards.co.uk,uk,random1000
885110,xlcatlinfleet.co.uk,uk,random1000
885894,magic42.co.uk,uk,random1000
886466,fullingmill.co.uk,uk,random1000
886731,makingconnection.co.uk,uk,random1000
887078,empireelectro.co.uk,uk,random1000
887532,crowdshopper.co.uk,uk,random1000
888083,betmaster.co.uk,uk,random1000
888480,connevans.co.uk,uk,random1000
888729,sherlock-holmes.org.uk,uk,random1000
889981,faceandco.co.uk,uk,random1000
890689,bcw-project.org.uk,uk,random1000
891938,britslotsconnect.uk,uk,random1000
892379,blowers-jewellers.co.uk,uk,random1000
893078,katecary.co.uk,uk,random1000
893165,cowesweek.co.uk,uk,random1000
895824,londonluckstore.uk,uk,random1000
896111,leedscitycollege.ac.uk,uk,random1000
897508,cushionwarehouse.co.uk,uk,random1000
897943,whocalledmeuk.co.uk,uk,random1000
898988,inspiredvss.co.uk,uk,random1000
899031,magnacom.co.uk,uk,random1000
899091,slotsbritmedia.co.uk,uk,random1000
899128,betrixonline.co.uk,uk,random1000
899197,xlcatlinmkt.co.uk,uk,random1000
899257,britbonusbridge.uk,uk,random1000
899457,punk77.co.uk,uk,random1000
899754,fortunestudio.uk,uk,random1000
900694,britwilddesk.uk,uk,random1000
902842,hiwwt.org.uk,uk,random1000
903145,axa-architasmultimanagersolutions.co.uk,uk,random1000
904093,gtxhosting.co.uk,uk,random1000
907823,solihull-jobs.co.uk,uk,random1000
910245,vanco.co.uk,uk,random1000
910791,smartclassicsolutions.uk,uk,random1000
911406,wdi.co.uk,uk,random1000
911882,mdlmarinas.co.uk,uk,random1000
912504,britloungestore.uk,uk,random1000
918184,devafest.co.uk,uk,random1000
927115,pavingstonesdirect.co.uk,uk,random1000
934311,breville.co.uk,uk,random1000
936021,mulberrybush.co.uk,uk,random1000
936774,urbanpokerstudio.uk,uk,random1000
937859,dailyloop.co.uk,uk,random1000
939490,rmmonline.co.uk,uk,random1000
939711,britgaminglink.uk,uk,random1000
939838,smartpromobridge.uk,uk,random1000
940302,drg.ac.uk,uk,random1000
941719,pilotcast.co.uk,uk,random1000
942671,sydenham.org.uk,uk,random1000
944058,cocorain.co.uk,uk,random1000
944832,slotsphere.co.uk,uk,random1000
946163,commerciallinen.co.uk,uk,random1000
946448,lowcostglasses.co.uk,uk,random1000
946534,iwcp.co.uk,uk,random1000
947439,streamlifeblog.uk,uk,random1000
947443,taketimetothink.co.uk,uk,random1000
948816,sheffieldsteelers.co.uk,uk,random1000
950813,lazysusanfurniture.co.uk,uk,random1000
951574,quotebank.co.uk,uk,random1000
952836,ocean-breeze-casino.co.uk,uk,random1000
953019,ares.co.uk,uk,random1000
953476,ignitemark.co.uk,uk,random1000
953523,salcombeinformation.co.uk,uk,random1000
953933,dailysuperservice.uk,uk,random1000
955353,vispa.net.uk,uk,random1000
955727,urbancoinnetwork.uk,uk,random1000
955773,modehub.co.uk,uk,random1000
956650,soschildrensvillages.org.uk,uk,random1000
956673,historicalhastings.co.uk,uk,random1000
957932,heistotron.uk,uk,random1000
959340,lavishskinandbeauty.co.uk,uk,random1000
959839,imwebdesignmarketing.co.uk,uk,random1000
960709,dailyclubfocus.uk,uk,random1000
961348,asiansaver.co.uk,uk,random1000
963472,utml.co.uk,uk,random1000
963618,cureparkinsons.org.uk,uk,random1000
963669,axaconnect.co.uk,uk,random1000
964237,lamerock.uk,uk,random1000
965480,refinishsupplies.co.uk,uk,random1000
965886,shinecharity.org.uk,uk,random1000
966389,dailycoinworld.uk,uk,random1000
969154,artandsoulhub.co.uk,uk,random1000
969637,adoos.co.uk,uk,random1000
971473,handtec.co.uk,uk,random1000
972123,lucklife360.co.uk,uk,random1000
972547,gsd-owners.co.uk,uk,random1000
972834,follyyem.co.uk,uk,random1000
973755,host-ns.co.uk,uk,random1000
973925,computingatschool.org.uk,uk,random1000
975422,leicesterjobs.co.uk,uk,random1000
975738,premierroofingscotland.co.uk,uk,random1000
976827,bestquote-forklifts.co.uk,uk,random1000
977351,journalsmart.uk,uk,random1000
977527,soliddns.co.uk,uk,random1000
978194,spinzaland.co.uk,uk,random1000
978695,blackpooldesignhub.co.uk,uk,random1000
978866,kingstreettownhouse.co.uk,uk,random1000
979007,archiveshub.ac.uk,uk,random1000
979518,focuslifemedia.co.uk,uk,random1000
980125,cricketbatgripshop.co.uk,uk,random1000
992997,nirroadmin.co.uk,uk,random1000
994065,phimmoi.co.uk,uk,random1000
